[228月2026 21:14:47.575] [main/INFO] [cpw.mods.modlauncher.Launcher/MODLAUNCHER]: ModLauncher running: args [--username, Huang_Love, --version, 植物科技, --gameDir, D:\E\桌面\游戏\PCL\.minecraft\versions\植物科技, --assetsDir, D:\E\桌面\游戏\PCL\.minecraft\assets, --assetIndex, 5, --uuid, 8dc98ac80f55437fbeb9bfae1c585be2, --accessToken, ❄❄❄❄❄❄❄❄, --clientId, ${clientid}, --xuid, ${auth_xuid}, --userType, msa, --versionType, PCL, --width, 854, --height, 480, --launchTarget, forgeclient, --fml.forgeVersion, 47.4.21, --fml.mcVersion, 1.20.1, --fml.forgeGroup, net.minecraftforge, --fml.mcpVersion, 20230612.114412]
[228月2026 21:14:47.583] [main/INFO] [cpw.mods.modlauncher.Launcher/MODLAUNCHER]: ModLauncher 10.0.9+10.0.9+main.dcd20f30 starting: java version 21.0.2 by Oracle Corporation; OS Windows 11 arch amd64 version 10.0
[228月2026 21:14:47.636] [main/DEBUG] [cpw.mods.modlauncher.LaunchServiceHandler/MODLAUNCHER]: Found launch services [fmlclientdev,forgeclient,minecraft,forgegametestserverdev,fmlserveruserdev,fmlclient,fmldatauserdev,forgeserverdev,forgeserveruserdev,forgeclientdev,forgeclientuserdev,forgeserver,forgedatadev,fmlserver,fmlclientuserdev,fmlserverdev,forgedatauserdev,testharness,forgegametestserveruserdev]
[228月2026 21:14:47.654] [main/DEBUG] [cpw.mods.modlauncher.NameMappingServiceHandler/MODLAUNCHER]: Found naming services : [srgtomcp]
[228月2026 21:14:47.679] [main/DEBUG] [cpw.mods.modlauncher.LaunchPluginHandler/MODLAUNCHER]: Found launch plugins: [mixin,eventbus,slf4jfixer,object_holder_definalize,runtime_enum_extender,capability_token_subclass,accesstransformer,runtimedistcleaner]
[228月2026 21:14:47.695] [main/DEBUG] [cpw.mods.modlauncher.TransformationServicesHandler/MODLAUNCHER]: Discovering transformation services
[228月2026 21:14:47.709] [main/DEBUG] [net.minecraftforge.fml.loading.FMLPaths/CORE]: Path GAMEDIR is D:\E\桌面\游戏\PCL\.minecraft\versions\植物科技
[228月2026 21:14:47.709] [main/DEBUG] [net.minecraftforge.fml.loading.FMLPaths/CORE]: Path MODSDIR is D:\E\桌面\游戏\PCL\.minecraft\versions\植物科技\mods
[228月2026 21:14:47.709] [main/DEBUG] [net.minecraftforge.fml.loading.FMLPaths/CORE]: Path CONFIGDIR is D:\E\桌面\游戏\PCL\.minecraft\versions\植物科技\config
[228月2026 21:14:47.710] [main/DEBUG] [net.minecraftforge.fml.loading.FMLPaths/CORE]: Path FMLCONFIG is D:\E\桌面\游戏\PCL\.minecraft\versions\植物科技\config\fml.toml
[228月2026 21:14:48.834] [main/DEBUG] [cpw.mods.modlauncher.TransformationServicesHandler/MODLAUNCHER]: Found additional transformation services from discovery services: 
[228月2026 21:14:48.844] [main/INFO] [net.minecraftforge.fml.loading.ImmediateWindowHandler/]: Loading ImmediateWindowProvider fmlearlywindow
[228月2026 21:14:49.003] [main/INFO] [EARLYDISPLAY/]: Trying GL version 4.6
[228月2026 21:14:49.982] [main/INFO] [EARLYDISPLAY/]: Requested GL version 4.6 got version 4.6
[228月2026 21:14:50.014] [main/DEBUG] [cpw.mods.modlauncher.TransformationServicesHandler/MODLAUNCHER]: Found transformer services : [mixin,fml]
[228月2026 21:14:50.015] [main/DEBUG] [cpw.mods.modlauncher.TransformationServicesHandler/MODLAUNCHER]: Transformation services loading
[228月2026 21:14:50.015] [main/DEBUG] [cpw.mods.modlauncher.TransformationServiceDecorator/MODLAUNCHER]: Loading service mixin
[228月2026 21:14:50.015] [main/DEBUG] [cpw.mods.modlauncher.TransformationServiceDecorator/MODLAUNCHER]: Loaded service mixin
[228月2026 21:14:50.015] [main/DEBUG] [cpw.mods.modlauncher.TransformationServiceDecorator/MODLAUNCHER]: Loading service fml
[228月2026 21:14:50.017] [main/DEBUG] [net.minecraftforge.fml.loading.LauncherVersion/CORE]: Found FMLLauncher version 1.0
[228月2026 21:14:50.018] [main/DEBUG] [net.minecraftforge.fml.loading.FMLLoader/CORE]: FML 1.0 loading
[228月2026 21:14:50.018] [main/DEBUG] [net.minecraftforge.fml.loading.FMLLoader/CORE]: FML found ModLauncher version : 10.0.9+10.0.9+main.dcd20f30
[228月2026 21:14:50.018] [main/DEBUG] [net.minecraftforge.fml.loading.FMLLoader/CORE]: Requesting CoreMods to not apply the fix for ASMAPI.findFirstInstructionBefore by default
[228月2026 21:14:50.019] [main/DEBUG] [net.minecraftforge.fml.loading.FMLLoader/CORE]: FML found AccessTransformer version : 8.0.4+66+master.c09db6d7
[228月2026 21:14:50.019] [main/DEBUG] [net.minecraftforge.fml.loading.FMLLoader/CORE]: FML found EventBus version : 6.2.33
[228月2026 21:14:50.019] [main/DEBUG] [net.minecraftforge.fml.loading.FMLLoader/CORE]: Found Runtime Dist Cleaner
[228月2026 21:14:50.021] [main/DEBUG] [net.minecraftforge.coremod.CoreModEngine/]: CoreMods will preserve legacy behavior of ASMAPI.findFirstInstructionBefore for backwards-compatibility
[228月2026 21:14:50.021] [main/DEBUG] [net.minecraftforge.fml.loading.FMLLoader/CORE]: FML found CoreMod version : 5.2.4
[228月2026 21:14:50.022] [main/DEBUG] [net.minecraftforge.fml.loading.FMLLoader/CORE]: Found ForgeSPI package implementation version 7.0.1+7.0.1+master.d2b38bf6
[228月2026 21:14:50.022] [main/DEBUG] [net.minecraftforge.fml.loading.FMLLoader/CORE]: Found ForgeSPI package specification 5
[228月2026 21:14:50.022] [main/DEBUG] [cpw.mods.modlauncher.TransformationServiceDecorator/MODLAUNCHER]: Loaded service fml
[228月2026 21:14:50.023] [main/DEBUG] [cpw.mods.modlauncher.TransformationServicesHandler/MODLAUNCHER]: Configuring option handling for services
[228月2026 21:14:50.027] [main/DEBUG] [cpw.mods.modlauncher.TransformationServicesHandler/MODLAUNCHER]: Transformation services initializing
[228月2026 21:14:50.027] [main/DEBUG] [cpw.mods.modlauncher.TransformationServiceDecorator/MODLAUNCHER]: Initializing transformation service mixin
[228月2026 21:14:50.040] [main/DEBUG] [mixin/]: MixinService [ModLauncher] was successfully booted in cpw.mods.cl.ModuleClassLoader@452e19ca
[228月2026 21:14:50.055] [main/INFO] [mixin/]: SpongePowered MIXIN Subsystem Version=0.8.5 Source=union:/D:/E/桌面/游戏/PCL/.minecraft/libraries/org/spongepowered/mixin/0.8.5/mixin-0.8.5.jar%23150!/ Service=ModLauncher Env=CLIENT
[228月2026 21:14:50.059] [main/DEBUG] [mixin/]: Initialising Mixin Platform Manager
[228月2026 21:14:50.059] [main/DEBUG] [mixin/]: Adding mixin platform agents for container ModLauncher Root Container(ModLauncher:4f56a0a2)
[228月2026 21:14:50.060] [main/DEBUG] [mixin/]: Instancing new MixinPlatformAgentMinecraftForge for ModLauncher Root Container(ModLauncher:4f56a0a2)
[228月2026 21:14:50.060] [main/DEBUG] [mixin/]: MixinPlatformAgentMinecraftForge rejected container ModLauncher Root Container(ModLauncher:4f56a0a2)
[228月2026 21:14:50.060] [main/DEBUG] [mixin/]: Instancing new MixinPlatformAgentDefault for ModLauncher Root Container(ModLauncher:4f56a0a2)
[228月2026 21:14:50.061] [main/DEBUG] [mixin/]: MixinPlatformAgentDefault accepted container ModLauncher Root Container(ModLauncher:4f56a0a2)
[228月2026 21:14:50.062] [main/DEBUG] [cpw.mods.modlauncher.TransformationServiceDecorator/MODLAUNCHER]: Initialized transformation service mixin
[228月2026 21:14:50.062] [main/DEBUG] [cpw.mods.modlauncher.TransformationServiceDecorator/MODLAUNCHER]: Initializing transformation service fml
[228月2026 21:14:50.063] [main/DEBUG] [net.minecraftforge.fml.loading.FMLServiceProvider/CORE]: Setting up basic FML game directories
[228月2026 21:14:50.063] [main/DEBUG] [net.minecraftforge.fml.loading.FMLPaths/CORE]: Path GAMEDIR is D:\E\桌面\游戏\PCL\.minecraft\versions\植物科技
[228月2026 21:14:50.063] [main/DEBUG] [net.minecraftforge.fml.loading.FMLPaths/CORE]: Path MODSDIR is D:\E\桌面\游戏\PCL\.minecraft\versions\植物科技\mods
[228月2026 21:14:50.063] [main/DEBUG] [net.minecraftforge.fml.loading.FMLPaths/CORE]: Path CONFIGDIR is D:\E\桌面\游戏\PCL\.minecraft\versions\植物科技\config
[228月2026 21:14:50.063] [main/DEBUG] [net.minecraftforge.fml.loading.FMLPaths/CORE]: Path FMLCONFIG is D:\E\桌面\游戏\PCL\.minecraft\versions\植物科技\config\fml.toml
[228月2026 21:14:50.063] [main/DEBUG] [net.minecraftforge.fml.loading.FMLServiceProvider/CORE]: Loading configuration
[228月2026 21:14:50.066] [main/DEBUG] [net.minecraftforge.fml.loading.FMLServiceProvider/CORE]: Preparing ModFile
[228月2026 21:14:50.072] [main/DEBUG] [net.minecraftforge.fml.loading.FMLServiceProvider/CORE]: Preparing launch handler
[228月2026 21:14:50.072] [main/DEBUG] [net.minecraftforge.fml.loading.FMLLoader/CORE]: Using forgeclient as launch service
[228月2026 21:14:50.084] [main/DEBUG] [net.minecraftforge.fml.loading.FMLLoader/CORE]: Received command line version data  : VersionInfo[forgeVersion=47.4.21, mcVersion=1.20.1, mcpVersion=20230612.114412, forgeGroup=net.minecraftforge]
[228月2026 21:14:50.085] [main/DEBUG] [cpw.mods.modlauncher.TransformationServiceDecorator/MODLAUNCHER]: Initialized transformation service fml
[228月2026 21:14:50.085] [main/DEBUG] [cpw.mods.modlauncher.NameMappingServiceHandler/MODLAUNCHER]: Current naming domain is 'srg'
[228月2026 21:14:50.085] [main/DEBUG] [cpw.mods.modlauncher.NameMappingServiceHandler/MODLAUNCHER]: Identified name mapping providers {}
[228月2026 21:14:50.085] [main/DEBUG] [cpw.mods.modlauncher.TransformationServicesHandler/MODLAUNCHER]: Transformation services begin scanning
[228月2026 21:14:50.085] [main/DEBUG] [cpw.mods.modlauncher.TransformationServiceDecorator/MODLAUNCHER]: Beginning scan trigger - transformation service mixin
[228月2026 21:14:50.085] [main/DEBUG] [cpw.mods.modlauncher.TransformationServiceDecorator/MODLAUNCHER]: End scan trigger - transformation service mixin
[228月2026 21:14:50.085] [main/DEBUG] [cpw.mods.modlauncher.TransformationServiceDecorator/MODLAUNCHER]: Beginning scan trigger - transformation service fml
[228月2026 21:14:50.085] [main/DEBUG] [net.minecraftforge.fml.loading.FMLServiceProvider/CORE]: Initiating mod scan
[228月2026 21:14:50.156] [main/DEBUG] [net.minecraftforge.fml.loading.moddiscovery.ModListHandler/CORE]: Found mod coordinates from lists: []
[228月2026 21:14:50.161] [main/DEBUG] [net.minecraftforge.fml.loading.moddiscovery.ModDiscoverer/CORE]: Found Mod Locators : (mods folder:null),(maven libs:null),(exploded directory:null),(minecraft:null),(userdev classpath:null)
[228月2026 21:14:50.162] [main/DEBUG] [net.minecraftforge.fml.loading.moddiscovery.ModDiscoverer/CORE]: Found Dependency Locators : (JarInJar:null)
[228月2026 21:14:50.171] [main/DEBUG] [net.minecraftforge.fml.loading.moddiscovery.ModFileParser/LOADING]: Considering mod file candidate D:\E\桌面\游戏\PCL\.minecraft\versions\植物科技\mods\[交易刷新] traderefresh-2.5.2.jar
[228月2026 21:14:50.211] [main/DEBUG] [net.minecraftforge.fml.loading.moddiscovery.ModFileInfo/LOADING]: Found valid mod file [交易刷新] traderefresh-2.5.2.jar with {traderefresh} mods - versions {2.5.2}
[228月2026 21:14:50.213] [main/DEBUG] [net.minecraftforge.fml.loading.moddiscovery.ModFileParser/LOADING]: Considering mod file candidate D:\E\桌面\游戏\PCL\.minecraft\versions\植物科技\mods\[帕秋莉手册] Patchouli-1.20.1-85-FORGE.jar
[228月2026 21:14:50.219] [main/DEBUG] [net.minecraftforge.fml.loading.moddiscovery.ModFileInfo/LOADING]: Found valid mod file [帕秋莉手册] Patchouli-1.20.1-85-FORGE.jar with {patchouli} mods - versions {1.20.1-85-FORGE}
[228月2026 21:14:50.223] [main/DEBUG] [net.minecraftforge.fml.loading.moddiscovery.ModFileParser/LOADING]: Considering mod file candidate D:\E\桌面\游戏\PCL\.minecraft\versions\植物科技\mods\[新生魔艺] ars_nouveau-1.20.1-4.12.6-all.jar
[228月2026 21:14:50.228] [main/DEBUG] [net.minecraftforge.fml.loading.moddiscovery.ModFileInfo/LOADING]: Found valid mod file [新生魔艺] ars_nouveau-1.20.1-4.12.6-all.jar with {ars_nouveau} mods - versions {4.12.6}
[228月2026 21:14:50.231] [main/DEBUG] [net.minecraftforge.fml.loading.moddiscovery.ModFileParser/LOADING]: Considering mod file candidate D:\E\桌面\游戏\PCL\.minecraft\versions\植物科技\mods\[玉 🔍] Jade-1.20.1-Forge-11.13.2.jar
[228月2026 21:14:50.232] [main/DEBUG] [net.minecraftforge.fml.loading.moddiscovery.ModFileInfo/LOADING]: Found valid mod file [玉 🔍] Jade-1.20.1-Forge-11.13.2.jar with {jade} mods - versions {11.13.2+forge}
[228月2026 21:14:50.235] [main/DEBUG] [net.minecraftforge.fml.loading.moddiscovery.ModFileParser/LOADING]: Considering mod file candidate D:\E\桌面\游戏\PCL\.minecraft\versions\植物科技\mods\[神化] Apotheosis-1.20.1-7.4.6.jar
[228月2026 21:14:50.235] [main/DEBUG] [net.minecraftforge.fml.loading.moddiscovery.ModFileInfo/LOADING]: Found valid mod file [神化] Apotheosis-1.20.1-7.4.6.jar with {apotheosis} mods - versions {7.4.6}
[228月2026 21:14:50.239] [main/DEBUG] [net.minecraftforge.fml.loading.moddiscovery.ModFileParser/LOADING]: Considering mod file candidate D:\E\桌面\游戏\PCL\.minecraft\versions\植物科技\mods\[精妙核心] sophisticatedcore-1.20.1-1.3.9.1537.jar
[228月2026 21:14:50.240] [main/DEBUG] [net.minecraftforge.fml.loading.moddiscovery.ModFileInfo/LOADING]: Found valid mod file [精妙核心] sophisticatedcore-1.20.1-1.3.9.1537.jar with {sophisticatedcore} mods - versions {1.3.9.1537}
[228月2026 21:14:50.242] [main/DEBUG] [net.minecraftforge.fml.loading.moddiscovery.ModFileParser/LOADING]: Considering mod file candidate D:\E\桌面\游戏\PCL\.minecraft\versions\植物科技\mods\[精妙背包] sophisticatedbackpacks-1.20.1-3.24.29.1588.jar
[228月2026 21:14:50.244] [main/DEBUG] [net.minecraftforge.fml.loading.moddiscovery.ModFileInfo/LOADING]: Found valid mod file [精妙背包] sophisticatedbackpacks-1.20.1-3.24.29.1588.jar with {sophisticatedbackpacks} mods - versions {3.24.29.1588}
[228月2026 21:14:50.245] [main/DEBUG] [net.minecraftforge.fml.loading.moddiscovery.ModFileParser/LOADING]: Considering mod file candidate D:\E\桌面\游戏\PCL\.minecraft\versions\植物科技\mods\aeroblender-1.20.1-1.0.1-neoforge.jar
[228月2026 21:14:50.248] [main/DEBUG] [net.minecraftforge.fml.loading.moddiscovery.ModFileInfo/LOADING]: Found valid mod file aeroblender-1.20.1-1.0.1-neoforge.jar with {aeroblender} mods - versions {1.20.1-1.0.1-neoforge}
[228月2026 21:14:50.254] [main/DEBUG] [net.minecraftforge.fml.loading.moddiscovery.ModFileParser/LOADING]: Considering mod file candidate D:\E\桌面\游戏\PCL\.minecraft\versions\植物科技\mods\aether-1.20.1-1.4.2-neoforge.jar
[228月2026 21:14:50.256] [main/DEBUG] [net.minecraftforge.fml.loading.moddiscovery.ModFileInfo/LOADING]: Found valid mod file aether-1.20.1-1.4.2-neoforge.jar with {aether} mods - versions {1.20.1-1.4.2-neoforge}
[228月2026 21:14:50.262] [main/DEBUG] [net.minecraftforge.fml.loading.moddiscovery.ModFileParser/LOADING]: Considering mod file candidate D:\E\桌面\游戏\PCL\.minecraft\versions\植物科技\mods\aether-redux-2.0.17-1.20.1-neoforge.jar
[228月2026 21:14:50.264] [main/DEBUG] [net.minecraftforge.fml.loading.moddiscovery.ModFileInfo/LOADING]: Found valid mod file aether-redux-2.0.17-1.20.1-neoforge.jar with {aether_redux} mods - versions {2.0.17}
[228月2026 21:14:50.265] [pool-2-thread-1/INFO] [EARLYDISPLAY/]: GL info: NVIDIA GeForce RTX 3060 Laptop GPU/PCIe/SSE2 GL version 4.6.0 NVIDIA 592.00, NVIDIA Corporation
[228月2026 21:14:50.267] [main/DEBUG] [net.minecraftforge.fml.loading.moddiscovery.ModFileParser/LOADING]: Considering mod file candidate D:\E\桌面\游戏\PCL\.minecraft\versions\植物科技\mods\aether_redux_audit-1.0.0.jar
[228月2026 21:14:50.268] [main/DEBUG] [net.minecraftforge.fml.loading.moddiscovery.ModFileInfo/LOADING]: Found valid mod file aether_redux_audit-1.0.0.jar with {aether_redux_audit} mods - versions {1.0.0}
[228月2026 21:14:50.270] [main/DEBUG] [net.minecraftforge.fml.loading.moddiscovery.ModFileParser/LOADING]: Considering mod file candidate D:\E\桌面\游戏\PCL\.minecraft\versions\植物科技\mods\aether_redux_audit-1.0.1.jar
[228月2026 21:14:50.271] [main/DEBUG] [net.minecraftforge.fml.loading.moddiscovery.ModFileInfo/LOADING]: Found valid mod file aether_redux_audit-1.0.1.jar with {aether_redux_audit} mods - versions {1.0.1}
[228月2026 21:14:50.274] [main/DEBUG] [net.minecraftforge.fml.loading.moddiscovery.ModFileParser/LOADING]: Considering mod file candidate D:\E\桌面\游戏\PCL\.minecraft\versions\植物科技\mods\ApothicAttributes-1.20.1-1.3.7.jar
[228月2026 21:14:50.275] [main/DEBUG] [net.minecraftforge.fml.loading.moddiscovery.ModFileInfo/LOADING]: Found valid mod file ApothicAttributes-1.20.1-1.3.7.jar with {attributeslib} mods - versions {1.3.7}
[228月2026 21:14:50.282] [main/DEBUG] [net.minecraftforge.fml.loading.moddiscovery.ModFileParser/LOADING]: Considering mod file candidate D:\E\桌面\游戏\PCL\.minecraft\versions\植物科技\mods\Botania-1.20.1-454-FORGE.jar
[228月2026 21:14:50.283] [main/DEBUG] [net.minecraftforge.fml.loading.moddiscovery.ModFileInfo/LOADING]: Found valid mod file Botania-1.20.1-454-FORGE.jar with {botania} mods - versions {1.20.1-454-FORGE}
[228月2026 21:14:50.286] [main/DEBUG] [net.minecraftforge.fml.loading.moddiscovery.ModFileParser/LOADING]: Considering mod file candidate D:\E\桌面\游戏\PCL\.minecraft\versions\植物科技\mods\curios-forge-5.14.0+1.20.1.jar
[228月2026 21:14:50.287] [main/DEBUG] [net.minecraftforge.fml.loading.moddiscovery.ModFileInfo/LOADING]: Found valid mod file curios-forge-5.14.0+1.20.1.jar with {curios} mods - versions {5.14.0+1.20.1}
[228月2026 21:14:50.292] [main/DEBUG] [net.minecraftforge.fml.loading.moddiscovery.ModFileParser/LOADING]: Considering mod file candidate D:\E\桌面\游戏\PCL\.minecraft\versions\植物科技\mods\FarmersDelight-1.20.1-1.3.2.jar
[228月2026 21:14:50.293] [main/DEBUG] [net.minecraftforge.fml.loading.moddiscovery.ModFileInfo/LOADING]: Found valid mod file FarmersDelight-1.20.1-1.3.2.jar with {farmersdelight} mods - versions {1.20.1-1.3.2}
[228月2026 21:14:50.297] [main/DEBUG] [net.minecraftforge.fml.loading.moddiscovery.ModFileParser/LOADING]: Considering mod file candidate D:\E\桌面\游戏\PCL\.minecraft\versions\植物科技\mods\geckolib-forge-1.20.1-4.4.9.jar
[228月2026 21:14:50.297] [main/DEBUG] [net.minecraftforge.fml.loading.moddiscovery.ModFileInfo/LOADING]: Found valid mod file geckolib-forge-1.20.1-4.4.9.jar with {geckolib} mods - versions {4.4.9}
[228月2026 21:14:50.302] [main/DEBUG] [net.minecraftforge.fml.loading.moddiscovery.ModFileParser/LOADING]: Considering mod file candidate D:\E\桌面\游戏\PCL\.minecraft\versions\植物科技\mods\immortalers_delight-1.20.1-forge-1.2.3.jar
[228月2026 21:14:50.303] [main/DEBUG] [net.minecraftforge.fml.loading.moddiscovery.ModFileInfo/LOADING]: Found valid mod file immortalers_delight-1.20.1-forge-1.2.3.jar with {immortalers_delight} mods - versions {1.20.1-forge-1.2.3}
[228月2026 21:14:50.305] [main/DEBUG] [net.minecraftforge.fml.loading.moddiscovery.ModFileParser/LOADING]: Considering mod file candidate D:\E\桌面\游戏\PCL\.minecraft\versions\植物科技\mods\jecharacters-1.20.1-forge-4.6.7.jar
[228月2026 21:14:50.307] [main/DEBUG] [net.minecraftforge.fml.loading.moddiscovery.ModFileInfo/LOADING]: Found valid mod file jecharacters-1.20.1-forge-4.6.7.jar with {jecharacters} mods - versions {4.6.7}
[228月2026 21:14:50.311] [main/DEBUG] [net.minecraftforge.fml.loading.moddiscovery.ModFileParser/LOADING]: Considering mod file candidate D:\E\桌面\游戏\PCL\.minecraft\versions\植物科技\mods\jei-1.20.1-forge-15.49.0.191.jar
[228月2026 21:14:50.312] [main/DEBUG] [net.minecraftforge.fml.loading.moddiscovery.ModFileInfo/LOADING]: Found valid mod file jei-1.20.1-forge-15.49.0.191.jar with {jei} mods - versions {15.49.0.191}
[228月2026 21:14:50.314] [main/DEBUG] [net.minecraftforge.fml.loading.moddiscovery.ModFileParser/LOADING]: Considering mod file candidate D:\E\桌面\游戏\PCL\.minecraft\versions\植物科技\mods\MouseTweaks-forge-mc1.20-2.25.jar
[228月2026 21:14:50.315] [main/DEBUG] [net.minecraftforge.fml.loading.moddiscovery.ModFileInfo/LOADING]: Found valid mod file MouseTweaks-forge-mc1.20-2.25.jar with {mousetweaks} mods - versions {2.25}
[228月2026 21:14:50.317] [main/DEBUG] [net.minecraftforge.fml.loading.moddiscovery.ModFileParser/LOADING]: Considering mod file candidate D:\E\桌面\游戏\PCL\.minecraft\versions\植物科技\mods\Patchouli-1.20.1-85-FORGE.jar
[228月2026 21:14:50.318] [main/DEBUG] [net.minecraftforge.fml.loading.moddiscovery.ModFileInfo/LOADING]: Found valid mod file Patchouli-1.20.1-85-FORGE.jar with {patchouli} mods - versions {1.20.1-85-FORGE}
[228月2026 21:14:50.321] [main/DEBUG] [net.minecraftforge.fml.loading.moddiscovery.ModFileParser/LOADING]: Considering mod file candidate D:\E\桌面\游戏\PCL\.minecraft\versions\植物科技\mods\Placebo-1.20.1-8.6.3.jar
[228月2026 21:14:50.321] [main/DEBUG] [net.minecraftforge.fml.loading.moddiscovery.ModFileInfo/LOADING]: Found valid mod file Placebo-1.20.1-8.6.3.jar with {placebo} mods - versions {8.6.3}
[228月2026 21:14:50.325] [main/DEBUG] [net.minecraftforge.fml.loading.moddiscovery.ModFileParser/LOADING]: Considering mod file candidate D:\E\桌面\游戏\PCL\.minecraft\versions\植物科技\mods\rs_integration-1.3.5.jar
[228月2026 21:14:50.327] [main/DEBUG] [net.minecraftforge.fml.loading.moddiscovery.ModFileInfo/LOADING]: Found valid mod file rs_integration-1.3.5.jar with {rs_integration} mods - versions {1.3.5}
[228月2026 21:14:50.329] [main/DEBUG] [net.minecraftforge.fml.loading.moddiscovery.ModFileParser/LOADING]: Considering mod file candidate D:\E\桌面\游戏\PCL\.minecraft\versions\植物科技\mods\TerraBlender-forge-1.20.1-3.0.1.7.jar
[228月2026 21:14:50.330] [main/DEBUG] [net.minecraftforge.fml.loading.moddiscovery.ModFileInfo/LOADING]: Found valid mod file TerraBlender-forge-1.20.1-3.0.1.7.jar with {terrablender} mods - versions {3.0.1.7}
[228月2026 21:14:50.490] [main/DEBUG] [net.minecraftforge.fml.loading.moddiscovery.ModFileInfo/LOADING]: Found valid mod file client-1.20.1-20230612.114412-srg.jar with {minecraft} mods - versions {1.20.1}
[228月2026 21:14:50.500] [main/DEBUG] [net.minecraftforge.fml.loading.moddiscovery.ModFileParser/LOADING]: Considering mod file candidate D:\E\桌面\游戏\PCL\.minecraft\libraries\net\minecraftforge\fmlcore\1.20.1-47.4.21\fmlcore-1.20.1-47.4.21.jar
[228月2026 21:14:50.500] [main/WARN] [net.minecraftforge.fml.loading.moddiscovery.ModFileParser/LOADING]: Mod file D:\E\桌面\游戏\PCL\.minecraft\libraries\net\minecraftforge\fmlcore\1.20.1-47.4.21\fmlcore-1.20.1-47.4.21.jar is missing mods.toml file
[228月2026 21:14:50.506] [main/DEBUG] [net.minecraftforge.fml.loading.moddiscovery.ModFileParser/LOADING]: Considering mod file candidate D:\E\桌面\游戏\PCL\.minecraft\libraries\net\minecraftforge\javafmllanguage\1.20.1-47.4.21\javafmllanguage-1.20.1-47.4.21.jar
[228月2026 21:14:50.506] [main/WARN] [net.minecraftforge.fml.loading.moddiscovery.ModFileParser/LOADING]: Mod file D:\E\桌面\游戏\PCL\.minecraft\libraries\net\minecraftforge\javafmllanguage\1.20.1-47.4.21\javafmllanguage-1.20.1-47.4.21.jar is missing mods.toml file
[228月2026 21:14:50.512] [main/DEBUG] [net.minecraftforge.fml.loading.moddiscovery.ModFileParser/LOADING]: Considering mod file candidate D:\E\桌面\游戏\PCL\.minecraft\libraries\net\minecraftforge\lowcodelanguage\1.20.1-47.4.21\lowcodelanguage-1.20.1-47.4.21.jar
[228月2026 21:14:50.513] [main/WARN] [net.minecraftforge.fml.loading.moddiscovery.ModFileParser/LOADING]: Mod file D:\E\桌面\游戏\PCL\.minecraft\libraries\net\minecraftforge\lowcodelanguage\1.20.1-47.4.21\lowcodelanguage-1.20.1-47.4.21.jar is missing mods.toml file
[228月2026 21:14:50.518] [main/DEBUG] [net.minecraftforge.fml.loading.moddiscovery.ModFileParser/LOADING]: Considering mod file candidate D:\E\桌面\游戏\PCL\.minecraft\libraries\net\minecraftforge\mclanguage\1.20.1-47.4.21\mclanguage-1.20.1-47.4.21.jar
[228月2026 21:14:50.518] [main/WARN] [net.minecraftforge.fml.loading.moddiscovery.ModFileParser/LOADING]: Mod file D:\E\桌面\游戏\PCL\.minecraft\libraries\net\minecraftforge\mclanguage\1.20.1-47.4.21\mclanguage-1.20.1-47.4.21.jar is missing mods.toml file
[228月2026 21:14:50.531] [main/DEBUG] [net.minecraftforge.fml.loading.moddiscovery.ModFileParser/LOADING]: Considering mod file candidate D:\E\桌面\游戏\PCL\.minecraft\libraries\net\minecraftforge\forge\1.20.1-47.4.21\forge-1.20.1-47.4.21-universal.jar
[228月2026 21:14:50.533] [main/DEBUG] [net.minecraftforge.fml.loading.moddiscovery.ModFileInfo/LOADING]: Found valid mod file forge-1.20.1-47.4.21-universal.jar with {forge} mods - versions {47.4.21}
[228月2026 21:14:50.541] [main/DEBUG] [net.minecraftforge.fml.loading.UniqueModListBuilder/]: Found 2 mods for first modid aether_redux_audit, selecting most recent based on version data
[228月2026 21:14:50.542] [main/DEBUG] [net.minecraftforge.fml.loading.UniqueModListBuilder/]: Selected file aether_redux_audit-1.0.1.jar for modid aether_redux_audit with version 1.0.1
[228月2026 21:14:50.542] [main/DEBUG] [net.minecraftforge.fml.loading.UniqueModListBuilder/]: Found 2 mods for first modid patchouli, selecting most recent based on version data
[228月2026 21:14:50.542] [main/DEBUG] [net.minecraftforge.fml.loading.UniqueModListBuilder/]: Selected file [帕秋莉手册] Patchouli-1.20.1-85-FORGE.jar for modid patchouli with version 1.20.1-85-FORGE
[228月2026 21:14:50.549] [main/DEBUG] [net.minecraftforge.fml.loading.moddiscovery.AbstractJarFileDependencyLocator/]: Failed to load resource META-INF\jarjar\metadata.json from client-1.20.1-20230612.114412-srg.jar, it does not contain dependency information.
[228月2026 21:14:50.550] [main/DEBUG] [net.minecraftforge.fml.loading.moddiscovery.AbstractJarFileDependencyLocator/]: Failed to load resource META-INF\jarjar\metadata.json from ApothicAttributes-1.20.1-1.3.7.jar, it does not contain dependency information.
[228月2026 21:14:50.550] [main/DEBUG] [net.minecraftforge.fml.loading.moddiscovery.AbstractJarFileDependencyLocator/]: Failed to load resource META-INF\jarjar\metadata.json from jecharacters-1.20.1-forge-4.6.7.jar, it does not contain dependency information.
[228月2026 21:14:50.550] [main/DEBUG] [net.minecraftforge.fml.loading.moddiscovery.AbstractJarFileDependencyLocator/]: Failed to load resource META-INF\jarjar\metadata.json from TerraBlender-forge-1.20.1-3.0.1.7.jar, it does not contain dependency information.
[228月2026 21:14:50.550] [main/DEBUG] [net.minecraftforge.fml.loading.moddiscovery.AbstractJarFileDependencyLocator/]: Failed to load resource META-INF\jarjar\metadata.json from MouseTweaks-forge-mc1.20-2.25.jar, it does not contain dependency information.
[228月2026 21:14:50.550] [main/DEBUG] [net.minecraftforge.fml.loading.moddiscovery.AbstractJarFileDependencyLocator/]: Failed to load resource META-INF\jarjar\metadata.json from [精妙背包] sophisticatedbackpacks-1.20.1-3.24.29.1588.jar, it does not contain dependency information.
[228月2026 21:14:50.550] [main/DEBUG] [net.minecraftforge.fml.loading.moddiscovery.AbstractJarFileDependencyLocator/]: Failed to load resource META-INF\jarjar\metadata.json from [玉 🔍] Jade-1.20.1-Forge-11.13.2.jar, it does not contain dependency information.
[228月2026 21:14:50.551] [main/DEBUG] [net.minecraftforge.fml.loading.moddiscovery.AbstractJarFileDependencyLocator/]: Failed to load resource META-INF\jarjar\metadata.json from [神化] Apotheosis-1.20.1-7.4.6.jar, it does not contain dependency information.
[228月2026 21:14:50.551] [main/DEBUG] [net.minecraftforge.fml.loading.moddiscovery.AbstractJarFileDependencyLocator/]: Failed to load resource META-INF\jarjar\metadata.json from rs_integration-1.3.5.jar, it does not contain dependency information.
[228月2026 21:14:50.551] [main/DEBUG] [net.minecraftforge.fml.loading.moddiscovery.AbstractJarFileDependencyLocator/]: Failed to load resource META-INF\jarjar\metadata.json from aether_redux_audit-1.0.1.jar, it does not contain dependency information.
[228月2026 21:14:50.551] [main/DEBUG] [net.minecraftforge.fml.loading.moddiscovery.AbstractJarFileDependencyLocator/]: Failed to load resource META-INF\jarjar\metadata.json from jei-1.20.1-forge-15.49.0.191.jar, it does not contain dependency information.
[228月2026 21:14:50.551] [main/DEBUG] [net.minecraftforge.fml.loading.moddiscovery.AbstractJarFileDependencyLocator/]: Failed to load resource META-INF\jarjar\metadata.json from immortalers_delight-1.20.1-forge-1.2.3.jar, it does not contain dependency information.
[228月2026 21:14:50.551] [main/DEBUG] [net.minecraftforge.fml.loading.moddiscovery.AbstractJarFileDependencyLocator/]: Failed to load resource META-INF\jarjar\metadata.json from Botania-1.20.1-454-FORGE.jar, it does not contain dependency information.
[228月2026 21:14:50.552] [main/DEBUG] [net.minecraftforge.fml.loading.moddiscovery.AbstractJarFileDependencyLocator/]: Failed to load resource META-INF\jarjar\metadata.json from aeroblender-1.20.1-1.0.1-neoforge.jar, it does not contain dependency information.
[228月2026 21:14:50.552] [main/DEBUG] [net.minecraftforge.fml.loading.moddiscovery.AbstractJarFileDependencyLocator/]: Failed to load resource META-INF\jarjar\metadata.json from forge-1.20.1-47.4.21-universal.jar, it does not contain dependency information.
[228月2026 21:14:50.552] [main/DEBUG] [net.minecraftforge.fml.loading.moddiscovery.AbstractJarFileDependencyLocator/]: Failed to load resource META-INF\jarjar\metadata.json from [精妙核心] sophisticatedcore-1.20.1-1.3.9.1537.jar, it does not contain dependency information.
[228月2026 21:14:50.552] [main/DEBUG] [net.minecraftforge.fml.loading.moddiscovery.AbstractJarFileDependencyLocator/]: Failed to load resource META-INF\jarjar\metadata.json from curios-forge-5.14.0+1.20.1.jar, it does not contain dependency information.
[228月2026 21:14:50.552] [main/DEBUG] [net.minecraftforge.fml.loading.moddiscovery.AbstractJarFileDependencyLocator/]: Failed to load resource META-INF\jarjar\metadata.json from [帕秋莉手册] Patchouli-1.20.1-85-FORGE.jar, it does not contain dependency information.
[228月2026 21:14:50.552] [main/DEBUG] [net.minecraftforge.fml.loading.moddiscovery.AbstractJarFileDependencyLocator/]: Failed to load resource META-INF\jarjar\metadata.json from Placebo-1.20.1-8.6.3.jar, it does not contain dependency information.
[228月2026 21:14:50.552] [main/DEBUG] [net.minecraftforge.fml.loading.moddiscovery.AbstractJarFileDependencyLocator/]: Failed to load resource META-INF\jarjar\metadata.json from mclanguage-1.20.1-47.4.21.jar, it does not contain dependency information.
[228月2026 21:14:50.552] [main/DEBUG] [net.minecraftforge.fml.loading.moddiscovery.AbstractJarFileDependencyLocator/]: Failed to load resource META-INF\jarjar\metadata.json from javafmllanguage-1.20.1-47.4.21.jar, it does not contain dependency information.
[228月2026 21:14:50.553] [main/DEBUG] [net.minecraftforge.fml.loading.moddiscovery.AbstractJarFileDependencyLocator/]: Failed to load resource META-INF\jarjar\metadata.json from fmlcore-1.20.1-47.4.21.jar, it does not contain dependency information.
[228月2026 21:14:50.553] [main/DEBUG] [net.minecraftforge.fml.loading.moddiscovery.AbstractJarFileDependencyLocator/]: Failed to load resource META-INF\jarjar\metadata.json from lowcodelanguage-1.20.1-47.4.21.jar, it does not contain dependency information.
[228月2026 21:14:50.619] [main/DEBUG] [net.minecraftforge.fml.loading.moddiscovery.ModFileParser/LOADING]: Considering mod file candidate 
[228月2026 21:14:50.621] [main/DEBUG] [net.minecraftforge.fml.loading.moddiscovery.ModFileInfo/LOADING]: Found valid mod file mixinextras-forge-0.2.0-beta.8.jar with {mixinextras} mods - versions {0.2.0-beta.8}
[228月2026 21:14:50.636] [main/DEBUG] [net.minecraftforge.fml.loading.moddiscovery.ModFileParser/LOADING]: Considering mod file candidate 
[228月2026 21:14:50.637] [main/DEBUG] [net.minecraftforge.fml.loading.moddiscovery.ModFileInfo/LOADING]: Found valid mod file geckolib-forge-1.20.1-4.4.4.jar with {geckolib} mods - versions {4.4.4}
[228月2026 21:14:50.639] [main/DEBUG] [net.minecraftforge.fml.loading.moddiscovery.ModFileParser/LOADING]: Considering mod file candidate 
[228月2026 21:14:50.640] [main/DEBUG] [net.minecraftforge.fml.loading.moddiscovery.ModFileInfo/LOADING]: Found valid mod file mixinextras-forge-0.3.5.jar with {mixinextras} mods - versions {0.3.5}
[228月2026 21:14:50.642] [main/DEBUG] [net.minecraftforge.fml.loading.moddiscovery.ModFileParser/LOADING]: Considering mod file candidate 
[228月2026 21:14:50.643] [main/DEBUG] [net.minecraftforge.fml.loading.moddiscovery.ModFileInfo/LOADING]: Found valid mod file mixinextras-forge-0.2.0-beta.9.jar with {mixinextras} mods - versions {0.2.0-beta.9}
[228月2026 21:14:50.649] [main/DEBUG] [net.minecraftforge.fml.loading.moddiscovery.ModFileParser/LOADING]: Considering mod file candidate 
[228月2026 21:14:50.650] [main/DEBUG] [net.minecraftforge.fml.loading.moddiscovery.ModFileInfo/LOADING]: Found valid mod file nitrogen_internals-1.20.1-1.0.7-neoforge.jar with {nitrogen_internals} mods - versions {1.20.1-1.0.7-neoforge}
[228月2026 21:14:50.655] [main/DEBUG] [net.minecraftforge.fml.loading.moddiscovery.ModFileParser/LOADING]: Considering mod file candidate 
[228月2026 21:14:50.655] [main/DEBUG] [net.minecraftforge.fml.loading.moddiscovery.ModFileInfo/LOADING]: Found valid mod file cumulus_menus-1.20.1-1.0.0-neoforge.jar with {cumulus_menus} mods - versions {1.20.1-1.0.0-neoforge}
[228月2026 21:14:50.661] [main/DEBUG] [net.minecraftforge.fml.loading.moddiscovery.ModFileParser/LOADING]: Considering mod file candidate 
[228月2026 21:14:50.662] [main/DEBUG] [net.minecraftforge.fml.loading.moddiscovery.ModFileInfo/LOADING]: Found valid mod file curios-forge-5.3.5+1.20.1.jar with {curios} mods - versions {5.3.5+1.20.1}
[228月2026 21:14:50.664] [main/DEBUG] [net.minecraftforge.fml.loading.moddiscovery.ModFileParser/LOADING]: Considering mod file candidate 
[228月2026 21:14:50.664] [main/DEBUG] [net.minecraftforge.fml.loading.moddiscovery.ModFileInfo/LOADING]: Found valid mod file mixinextras-forge-0.3.6.jar with {mixinextras} mods - versions {0.3.6}
[228月2026 21:14:50.667] [main/DEBUG] [net.minecraftforge.fml.loading.moddiscovery.AbstractJarFileDependencyLocator/]: Failed to load resource META-INF\jarjar\metadata.json from mclib-20.jar, it does not contain dependency information.
[228月2026 21:14:50.680] [main/DEBUG] [net.minecraftforge.fml.loading.moddiscovery.AbstractJarFileDependencyLocator/]: Failed to load resource META-INF\jarjar\metadata.json from nitrogen_internals-1.20.1-1.0.7-neoforge.jar, it does not contain dependency information.
[228月2026 21:14:50.680] [main/DEBUG] [net.minecraftforge.fml.loading.moddiscovery.AbstractJarFileDependencyLocator/]: Failed to load resource META-INF\jarjar\metadata.json from cumulus_menus-1.20.1-1.0.0-neoforge.jar, it does not contain dependency information.
[228月2026 21:14:50.680] [main/DEBUG] [net.minecraftforge.fml.loading.moddiscovery.AbstractJarFileDependencyLocator/]: Failed to load resource META-INF\jarjar\metadata.json from curios-forge-5.3.5+1.20.1.jar, it does not contain dependency information.
[228月2026 21:14:50.686] [main/DEBUG] [net.minecraftforge.fml.loading.moddiscovery.AbstractJarFileDependencyLocator/]: Failed to load resource META-INF\jarjar\metadata.json from l2serial-1.2.0.jar, it does not contain dependency information.
[228月2026 21:14:50.686] [main/DEBUG] [net.minecraftforge.fml.loading.moddiscovery.AbstractJarFileDependencyLocator/]: Failed to load resource META-INF\jarjar\metadata.json from MixinExtras-0.2.0-beta.8.jar, it does not contain dependency information.
[228月2026 21:14:50.687] [main/DEBUG] [net.minecraftforge.fml.loading.moddiscovery.AbstractJarFileDependencyLocator/]: Failed to load resource META-INF\jarjar\metadata.json from mclib-20.jar, it does not contain dependency information.
[228月2026 21:14:50.687] [main/DEBUG] [net.minecraftforge.fml.loading.moddiscovery.AbstractJarFileDependencyLocator/]: Failed to load resource META-INF\jarjar\metadata.json from MixinExtras-0.3.5.jar, it does not contain dependency information.
[228月2026 21:14:50.687] [main/DEBUG] [net.minecraftforge.fml.loading.moddiscovery.AbstractJarFileDependencyLocator/]: Failed to load resource META-INF\jarjar\metadata.json from MixinExtras-0.2.0-beta.9.jar, it does not contain dependency information.
[228月2026 21:14:50.687] [main/DEBUG] [net.minecraftforge.fml.loading.moddiscovery.AbstractJarFileDependencyLocator/]: Failed to load resource META-INF\jarjar\metadata.json from MixinExtras-0.3.6.jar, it does not contain dependency information.
[228月2026 21:14:50.731] [main/DEBUG] [net.minecraftforge.fml.loading.moddiscovery.ModFileParser/LOADING]: Considering mod file candidate 
[228月2026 21:14:50.732] [main/DEBUG] [net.minecraftforge.fml.loading.moddiscovery.ModFileInfo/LOADING]: Found valid mod file curios-forge-5.3.5+1.20.1.jar with {curios} mods - versions {5.3.5+1.20.1}
[228月2026 21:14:50.734] [main/DEBUG] [net.minecraftforge.fml.loading.moddiscovery.ModFileParser/LOADING]: Considering mod file candidate 
[228月2026 21:14:50.734] [main/DEBUG] [net.minecraftforge.fml.loading.moddiscovery.ModFileInfo/LOADING]: Found valid mod file mixinextras-forge-0.2.0-beta.9.jar with {mixinextras} mods - versions {0.2.0-beta.9}
[228月2026 21:14:50.744] [main/DEBUG] [net.minecraftforge.fml.loading.moddiscovery.ModFileParser/LOADING]: Considering mod file candidate 
[228月2026 21:14:50.745] [main/DEBUG] [net.minecraftforge.fml.loading.moddiscovery.ModFileInfo/LOADING]: Found valid mod file geckolib-forge-1.20.1-4.4.4.jar with {geckolib} mods - versions {4.4.4}
[228月2026 21:14:50.747] [main/DEBUG] [net.minecraftforge.fml.loading.moddiscovery.ModFileParser/LOADING]: Considering mod file candidate 
[228月2026 21:14:50.747] [main/DEBUG] [net.minecraftforge.fml.loading.moddiscovery.ModFileInfo/LOADING]: Found valid mod file cumulus_menus-1.20.1-1.0.0-neoforge.jar with {cumulus_menus} mods - versions {1.20.1-1.0.0-neoforge}
[228月2026 21:14:50.751] [main/DEBUG] [net.minecraftforge.fml.loading.moddiscovery.ModFileParser/LOADING]: Considering mod file candidate 
[228月2026 21:14:50.752] [main/DEBUG] [net.minecraftforge.fml.loading.moddiscovery.ModFileInfo/LOADING]: Found valid mod file nitrogen_internals-1.20.1-1.0.7-neoforge.jar with {nitrogen_internals} mods - versions {1.20.1-1.0.7-neoforge}
[228月2026 21:14:50.753] [main/DEBUG] [net.minecraftforge.fml.loading.moddiscovery.ModFileParser/LOADING]: Considering mod file candidate 
[228月2026 21:14:50.753] [main/DEBUG] [net.minecraftforge.fml.loading.moddiscovery.ModFileInfo/LOADING]: Found valid mod file mixinextras-forge-0.3.6.jar with {mixinextras} mods - versions {0.3.6}
[228月2026 21:14:50.757] [main/WARN] [net.minecraftforge.jarjar.selection.JarSelector/]: Attempted to select two dependency jars from JarJar which have the same identification: Mod File:  and Mod File: . Using Mod File: 
[228月2026 21:14:50.757] [main/WARN] [net.minecraftforge.jarjar.selection.JarSelector/]: Attempted to select a dependency jar for JarJar which was passed in as source: curios. Using Mod File: D:\E\桌面\游戏\PCL\.minecraft\versions\植物科技\mods\curios-forge-5.14.0+1.20.1.jar
[228月2026 21:14:50.758] [main/WARN] [net.minecraftforge.jarjar.selection.JarSelector/]: Attempted to select a dependency jar for JarJar which was passed in as source: geckolib. Using Mod File: D:\E\桌面\游戏\PCL\.minecraft\versions\植物科技\mods\geckolib-forge-1.20.1-4.4.9.jar
[228月2026 21:14:50.758] [main/INFO] [net.minecraftforge.fml.loading.moddiscovery.JarInJarDependencyLocator/]: Found 6 dependencies adding them to mods collection
[228月2026 21:14:50.759] [main/DEBUG] [net.minecraftforge.fml.loading.moddiscovery.ModFileParser/LOADING]: Considering mod file candidate D:\E\桌面\游戏\PCL\.minecraft\versions\植物科技\mods\FarmersDelight-1.20.1-1.3.2.jar
[228月2026 21:14:50.760] [main/DEBUG] [net.minecraftforge.fml.loading.moddiscovery.ModFileInfo/LOADING]: Found valid mod file FarmersDelight-1.20.1-1.3.2.jar with {farmersdelight} mods - versions {1.20.1-1.3.2}
[228月2026 21:14:50.762] [main/DEBUG] [net.minecraftforge.fml.loading.moddiscovery.ModFile/LOADING]: Loading mod file D:\E\桌面\游戏\PCL\.minecraft\versions\植物科技\mods\FarmersDelight-1.20.1-1.3.2.jar with languages [LanguageSpec[languageName=javafml, acceptedVersions=[46,)]]
[228月2026 21:14:50.763] [main/DEBUG] [net.minecraftforge.fml.loading.moddiscovery.ModFileInfo/LOADING]: Found valid mod file client-1.20.1-20230612.114412-srg.jar with {minecraft} mods - versions {1.20.1}
[228月2026 21:14:50.763] [main/DEBUG] [net.minecraftforge.fml.loading.moddiscovery.ModFile/LOADING]: Loading mod file D:\E\桌面\游戏\PCL\.minecraft\libraries\net\minecraft\client\1.20.1-20230612.114412\client-1.20.1-20230612.114412-srg.jar with languages [LanguageSpec[languageName=minecraft, acceptedVersions=1]]
[228月2026 21:14:50.763] [main/DEBUG] [net.minecraftforge.fml.loading.moddiscovery.ModFileParser/LOADING]: Considering mod file candidate D:\E\桌面\游戏\PCL\.minecraft\versions\植物科技\mods\TerraBlender-forge-1.20.1-3.0.1.7.jar
[228月2026 21:14:50.763] [main/DEBUG] [net.minecraftforge.fml.loading.moddiscovery.ModFileInfo/LOADING]: Found valid mod file TerraBlender-forge-1.20.1-3.0.1.7.jar with {terrablender} mods - versions {3.0.1.7}
[228月2026 21:14:50.763] [main/DEBUG] [net.minecraftforge.fml.loading.moddiscovery.ModFile/LOADING]: Loading mod file D:\E\桌面\游戏\PCL\.minecraft\versions\植物科技\mods\TerraBlender-forge-1.20.1-3.0.1.7.jar with languages [LanguageSpec[languageName=javafml, acceptedVersions=[47,)]]
[228月2026 21:14:50.763] [main/DEBUG] [net.minecraftforge.fml.loading.moddiscovery.ModFileParser/LOADING]: Considering mod file candidate D:\E\桌面\游戏\PCL\.minecraft\versions\植物科技\mods\MouseTweaks-forge-mc1.20-2.25.jar
[228月2026 21:14:50.764] [main/DEBUG] [net.minecraftforge.fml.loading.moddiscovery.ModFileInfo/LOADING]: Found valid mod file MouseTweaks-forge-mc1.20-2.25.jar with {mousetweaks} mods - versions {2.25}
[228月2026 21:14:50.764] [main/DEBUG] [net.minecraftforge.fml.loading.moddiscovery.ModFile/LOADING]: Loading mod file D:\E\桌面\游戏\PCL\.minecraft\versions\植物科技\mods\MouseTweaks-forge-mc1.20-2.25.jar with languages [LanguageSpec[languageName=javafml, acceptedVersions=[46,)]]
[228月2026 21:14:50.764] [main/DEBUG] [net.minecraftforge.fml.loading.moddiscovery.ModFileParser/LOADING]: Considering mod file candidate D:\E\桌面\游戏\PCL\.minecraft\versions\植物科技\mods\[玉 🔍] Jade-1.20.1-Forge-11.13.2.jar
[228月2026 21:14:50.764] [main/DEBUG] [net.minecraftforge.fml.loading.moddiscovery.ModFileInfo/LOADING]: Found valid mod file [玉 🔍] Jade-1.20.1-Forge-11.13.2.jar with {jade} mods - versions {11.13.2+forge}
[228月2026 21:14:50.764] [main/DEBUG] [net.minecraftforge.fml.loading.moddiscovery.ModFile/LOADING]: Loading mod file D:\E\桌面\游戏\PCL\.minecraft\versions\植物科技\mods\[玉 🔍] Jade-1.20.1-Forge-11.13.2.jar with languages [LanguageSpec[languageName=javafml, acceptedVersions=[46,)]]
[228月2026 21:14:50.764] [main/DEBUG] [net.minecraftforge.fml.loading.moddiscovery.ModFileParser/LOADING]: Considering mod file candidate D:\E\桌面\游戏\PCL\.minecraft\versions\植物科技\mods\geckolib-forge-1.20.1-4.4.9.jar
[228月2026 21:14:50.764] [main/DEBUG] [net.minecraftforge.fml.loading.moddiscovery.ModFileInfo/LOADING]: Found valid mod file geckolib-forge-1.20.1-4.4.9.jar with {geckolib} mods - versions {4.4.9}
[228月2026 21:14:50.764] [main/DEBUG] [net.minecraftforge.fml.loading.moddiscovery.ModFile/LOADING]: Loading mod file D:\E\桌面\游戏\PCL\.minecraft\versions\植物科技\mods\geckolib-forge-1.20.1-4.4.9.jar with languages [LanguageSpec[languageName=javafml, acceptedVersions=[47,)]]
[228月2026 21:14:50.764] [main/DEBUG] [net.minecraftforge.fml.loading.moddiscovery.ModFileParser/LOADING]: Considering mod file candidate D:\E\桌面\游戏\PCL\.minecraft\versions\植物科技\mods\aether-1.20.1-1.4.2-neoforge.jar
[228月2026 21:14:50.766] [main/DEBUG] [net.minecraftforge.fml.loading.moddiscovery.ModFileInfo/LOADING]: Found valid mod file aether-1.20.1-1.4.2-neoforge.jar with {aether} mods - versions {1.20.1-1.4.2-neoforge}
[228月2026 21:14:50.766] [main/DEBUG] [net.minecraftforge.fml.loading.moddiscovery.ModFile/LOADING]: Loading mod file D:\E\桌面\游戏\PCL\.minecraft\versions\植物科技\mods\aether-1.20.1-1.4.2-neoforge.jar with languages [LanguageSpec[languageName=javafml, acceptedVersions=[47,)]]
[228月2026 21:14:50.766] [main/DEBUG] [net.minecraftforge.fml.loading.moddiscovery.ModFileParser/LOADING]: Considering mod file candidate D:\E\桌面\游戏\PCL\.minecraft\versions\植物科技\mods\aether_redux_audit-1.0.1.jar
[228月2026 21:14:50.767] [main/DEBUG] [net.minecraftforge.fml.loading.moddiscovery.ModFileInfo/LOADING]: Found valid mod file aether_redux_audit-1.0.1.jar with {aether_redux_audit} mods - versions {1.0.1}
[228月2026 21:14:50.767] [main/DEBUG] [net.minecraftforge.fml.loading.moddiscovery.ModFile/LOADING]: Loading mod file D:\E\桌面\游戏\PCL\.minecraft\versions\植物科技\mods\aether_redux_audit-1.0.1.jar with languages [LanguageSpec[languageName=javafml, acceptedVersions=[47,)]]
[228月2026 21:14:50.767] [main/DEBUG] [net.minecraftforge.fml.loading.moddiscovery.ModFileParser/LOADING]: Considering mod file candidate D:\E\桌面\游戏\PCL\.minecraft\versions\植物科技\mods\immortalers_delight-1.20.1-forge-1.2.3.jar
[228月2026 21:14:50.767] [main/DEBUG] [net.minecraftforge.fml.loading.moddiscovery.ModFileInfo/LOADING]: Found valid mod file immortalers_delight-1.20.1-forge-1.2.3.jar with {immortalers_delight} mods - versions {1.20.1-forge-1.2.3}
[228月2026 21:14:50.767] [main/DEBUG] [net.minecraftforge.fml.loading.moddiscovery.ModFile/LOADING]: Loading mod file D:\E\桌面\游戏\PCL\.minecraft\versions\植物科技\mods\immortalers_delight-1.20.1-forge-1.2.3.jar with languages [LanguageSpec[languageName=javafml, acceptedVersions=[47,)]]
[228月2026 21:14:50.768] [main/DEBUG] [net.minecraftforge.fml.loading.moddiscovery.ModFileParser/LOADING]: Considering mod file candidate D:\E\桌面\游戏\PCL\.minecraft\versions\植物科技\mods\jei-1.20.1-forge-15.49.0.191.jar
[228月2026 21:14:50.769] [main/DEBUG] [net.minecraftforge.fml.loading.moddiscovery.ModFileInfo/LOADING]: Found valid mod file jei-1.20.1-forge-15.49.0.191.jar with {jei} mods - versions {15.49.0.191}
[228月2026 21:14:50.769] [main/DEBUG] [net.minecraftforge.fml.loading.moddiscovery.ModFile/LOADING]: Loading mod file D:\E\桌面\游戏\PCL\.minecraft\versions\植物科技\mods\jei-1.20.1-forge-15.49.0.191.jar with languages [LanguageSpec[languageName=javafml, acceptedVersions=[47,)]]
[228月2026 21:14:50.769] [main/DEBUG] [net.minecraftforge.fml.loading.moddiscovery.ModFileParser/LOADING]: Considering mod file candidate D:\E\桌面\游戏\PCL\.minecraft\versions\植物科技\mods\Botania-1.20.1-454-FORGE.jar
[228月2026 21:14:50.770] [main/DEBUG] [net.minecraftforge.fml.loading.moddiscovery.ModFileInfo/LOADING]: Found valid mod file Botania-1.20.1-454-FORGE.jar with {botania} mods - versions {1.20.1-454-FORGE}
[228月2026 21:14:50.770] [main/DEBUG] [net.minecraftforge.fml.loading.moddiscovery.ModFile/LOADING]: Loading mod file D:\E\桌面\游戏\PCL\.minecraft\versions\植物科技\mods\Botania-1.20.1-454-FORGE.jar with languages [LanguageSpec[languageName=javafml, acceptedVersions=[47,)]]
[228月2026 21:14:50.770] [main/DEBUG] [net.minecraftforge.fml.loading.moddiscovery.ModFileParser/LOADING]: Considering mod file candidate D:\E\桌面\游戏\PCL\.minecraft\versions\植物科技\mods\aeroblender-1.20.1-1.0.1-neoforge.jar
[228月2026 21:14:50.771] [main/DEBUG] [net.minecraftforge.fml.loading.moddiscovery.ModFileInfo/LOADING]: Found valid mod file aeroblender-1.20.1-1.0.1-neoforge.jar with {aeroblender} mods - versions {1.20.1-1.0.1-neoforge}
[228月2026 21:14:50.771] [main/DEBUG] [net.minecraftforge.fml.loading.moddiscovery.ModFile/LOADING]: Loading mod file D:\E\桌面\游戏\PCL\.minecraft\versions\植物科技\mods\aeroblender-1.20.1-1.0.1-neoforge.jar with languages [LanguageSpec[languageName=javafml, acceptedVersions=[47,)]]
[228月2026 21:14:50.771] [main/DEBUG] [net.minecraftforge.fml.loading.moddiscovery.ModFileParser/LOADING]: Considering mod file candidate D:\E\桌面\游戏\PCL\.minecraft\versions\植物科技\mods\[精妙核心] sophisticatedcore-1.20.1-1.3.9.1537.jar
[228月2026 21:14:50.771] [main/DEBUG] [net.minecraftforge.fml.loading.moddiscovery.ModFileInfo/LOADING]: Found valid mod file [精妙核心] sophisticatedcore-1.20.1-1.3.9.1537.jar with {sophisticatedcore} mods - versions {1.3.9.1537}
[228月2026 21:14:50.771] [main/DEBUG] [net.minecraftforge.fml.loading.moddiscovery.ModFile/LOADING]: Loading mod file D:\E\桌面\游戏\PCL\.minecraft\versions\植物科技\mods\[精妙核心] sophisticatedcore-1.20.1-1.3.9.1537.jar with languages [LanguageSpec[languageName=javafml, acceptedVersions=[47,)]]
[228月2026 21:14:50.771] [main/DEBUG] [net.minecraftforge.fml.loading.moddiscovery.ModFileParser/LOADING]: Considering mod file candidate D:\E\桌面\游戏\PCL\.minecraft\versions\植物科技\mods\[交易刷新] traderefresh-2.5.2.jar
[228月2026 21:14:50.772] [main/DEBUG] [net.minecraftforge.fml.loading.moddiscovery.ModFileInfo/LOADING]: Found valid mod file [交易刷新] traderefresh-2.5.2.jar with {traderefresh} mods - versions {2.5.2}
[228月2026 21:14:50.772] [main/DEBUG] [net.minecraftforge.fml.loading.moddiscovery.ModFile/LOADING]: Loading mod file D:\E\桌面\游戏\PCL\.minecraft\versions\植物科技\mods\[交易刷新] traderefresh-2.5.2.jar with languages [LanguageSpec[languageName=javafml, acceptedVersions=[46,)]]
[228月2026 21:14:50.772] [main/DEBUG] [net.minecraftforge.fml.loading.moddiscovery.ModFileParser/LOADING]: Considering mod file candidate D:\E\桌面\游戏\PCL\.minecraft\versions\植物科技\mods\curios-forge-5.14.0+1.20.1.jar
[228月2026 21:14:50.772] [main/DEBUG] [net.minecraftforge.fml.loading.moddiscovery.ModFileInfo/LOADING]: Found valid mod file curios-forge-5.14.0+1.20.1.jar with {curios} mods - versions {5.14.0+1.20.1}
[228月2026 21:14:50.772] [main/DEBUG] [net.minecraftforge.fml.loading.moddiscovery.ModFile/LOADING]: Loading mod file D:\E\桌面\游戏\PCL\.minecraft\versions\植物科技\mods\curios-forge-5.14.0+1.20.1.jar with languages [LanguageSpec[languageName=javafml, acceptedVersions=[41,)]]
[228月2026 21:14:50.773] [main/DEBUG] [net.minecraftforge.fml.loading.moddiscovery.ModFileParser/LOADING]: Considering mod file candidate D:\E\桌面\游戏\PCL\.minecraft\versions\植物科技\mods\[帕秋莉手册] Patchouli-1.20.1-85-FORGE.jar
[228月2026 21:14:50.773] [main/DEBUG] [net.minecraftforge.fml.loading.moddiscovery.ModFileInfo/LOADING]: Found valid mod file [帕秋莉手册] Patchouli-1.20.1-85-FORGE.jar with {patchouli} mods - versions {1.20.1-85-FORGE}
[228月2026 21:14:50.773] [main/DEBUG] [net.minecraftforge.fml.loading.moddiscovery.ModFile/LOADING]: Loading mod file D:\E\桌面\游戏\PCL\.minecraft\versions\植物科技\mods\[帕秋莉手册] Patchouli-1.20.1-85-FORGE.jar with languages [LanguageSpec[languageName=javafml, acceptedVersions=[47,)]]
[228月2026 21:14:50.773] [main/DEBUG] [net.minecraftforge.fml.loading.moddiscovery.ModFileParser/LOADING]: Considering mod file candidate D:\E\桌面\游戏\PCL\.minecraft\versions\植物科技\mods\Placebo-1.20.1-8.6.3.jar
[228月2026 21:14:50.774] [main/DEBUG] [net.minecraftforge.fml.loading.moddiscovery.ModFileInfo/LOADING]: Found valid mod file Placebo-1.20.1-8.6.3.jar with {placebo} mods - versions {8.6.3}
[228月2026 21:14:50.774] [main/DEBUG] [net.minecraftforge.fml.loading.moddiscovery.ModFile/LOADING]: Loading mod file D:\E\桌面\游戏\PCL\.minecraft\versions\植物科技\mods\Placebo-1.20.1-8.6.3.jar with languages [LanguageSpec[languageName=javafml, acceptedVersions=[32,)]]
[228月2026 21:14:50.775] [main/DEBUG] [net.minecraftforge.fml.loading.moddiscovery.ModFileParser/LOADING]: Found coremod placebo_get_ench_level_event with Javascript path coremods/get_ench_level_event.js
[228月2026 21:14:50.777] [main/DEBUG] [net.minecraftforge.fml.loading.moddiscovery.ModFileParser/LOADING]: Found coremod placebo_get_ench_level_event_specific with Javascript path coremods/get_ench_level_event_specific.js
[228月2026 21:14:50.777] [main/DEBUG] [net.minecraftforge.fml.loading.moddiscovery.ModFile/LOADING]: Found coremod coremods/get_ench_level_event.js
[228月2026 21:14:50.777] [main/DEBUG] [net.minecraftforge.fml.loading.moddiscovery.ModFile/LOADING]: Found coremod coremods/get_ench_level_event_specific.js
[228月2026 21:14:50.777] [main/DEBUG] [net.minecraftforge.fml.loading.moddiscovery.ModFileParser/LOADING]: Considering mod file candidate D:\E\桌面\游戏\PCL\.minecraft\versions\植物科技\mods\ApothicAttributes-1.20.1-1.3.7.jar
[228月2026 21:14:50.777] [main/DEBUG] [net.minecraftforge.fml.loading.moddiscovery.ModFileInfo/LOADING]: Found valid mod file ApothicAttributes-1.20.1-1.3.7.jar with {attributeslib} mods - versions {1.3.7}
[228月2026 21:14:50.777] [main/DEBUG] [net.minecraftforge.fml.loading.moddiscovery.ModFile/LOADING]: Loading mod file D:\E\桌面\游戏\PCL\.minecraft\versions\植物科技\mods\ApothicAttributes-1.20.1-1.3.7.jar with languages [LanguageSpec[languageName=javafml, acceptedVersions=[32,)]]
[228月2026 21:14:50.778] [main/DEBUG] [net.minecraftforge.fml.loading.moddiscovery.ModFileParser/LOADING]: Found coremod attributeslib_potion_gui_tooltips with Javascript path coremods/potion_gui_tooltips.js
[228月2026 21:14:50.778] [main/DEBUG] [net.minecraftforge.fml.loading.moddiscovery.ModFile/LOADING]: Found coremod coremods/potion_gui_tooltips.js
[228月2026 21:14:50.778] [main/DEBUG] [net.minecraftforge.fml.loading.moddiscovery.ModFileParser/LOADING]: Considering mod file candidate D:\E\桌面\游戏\PCL\.minecraft\versions\植物科技\mods\jecharacters-1.20.1-forge-4.6.7.jar
[228月2026 21:14:50.778] [main/DEBUG] [net.minecraftforge.fml.loading.moddiscovery.ModFileInfo/LOADING]: Found valid mod file jecharacters-1.20.1-forge-4.6.7.jar with {jecharacters} mods - versions {4.6.7}
[228月2026 21:14:50.778] [main/DEBUG] [net.minecraftforge.fml.loading.moddiscovery.ModFile/LOADING]: Loading mod file D:\E\桌面\游戏\PCL\.minecraft\versions\植物科技\mods\jecharacters-1.20.1-forge-4.6.7.jar with languages [LanguageSpec[languageName=javafml, acceptedVersions=[34,)]]
[228月2026 21:14:50.779] [main/DEBUG] [net.minecraftforge.fml.loading.moddiscovery.ModFileParser/LOADING]: Found coremod common_transformer with Javascript path coremods/common_transformer.js
[228月2026 21:14:50.779] [main/DEBUG] [net.minecraftforge.fml.loading.moddiscovery.ModFileParser/LOADING]: Found coremod hexcessible_transformer with Javascript path coremods/hexcessible_transformer.js
[228月2026 21:14:50.779] [main/DEBUG] [net.minecraftforge.fml.loading.moddiscovery.ModFileParser/LOADING]: Found coremod jei_transformer with Javascript path coremods/jei_transformer.js
[228月2026 21:14:50.779] [main/DEBUG] [net.minecraftforge.fml.loading.moddiscovery.ModFile/LOADING]: Found coremod coremods/common_transformer.js
[228月2026 21:14:50.779] [main/DEBUG] [net.minecraftforge.fml.loading.moddiscovery.ModFile/LOADING]: Found coremod coremods/hexcessible_transformer.js
[228月2026 21:14:50.779] [main/DEBUG] [net.minecraftforge.fml.loading.moddiscovery.ModFile/LOADING]: Found coremod coremods/jei_transformer.js
[228月2026 21:14:50.779] [main/DEBUG] [net.minecraftforge.fml.loading.moddiscovery.ModFileParser/LOADING]: Considering mod file candidate D:\E\桌面\游戏\PCL\.minecraft\versions\植物科技\mods\[精妙背包] sophisticatedbackpacks-1.20.1-3.24.29.1588.jar
[228月2026 21:14:50.779] [main/DEBUG] [net.minecraftforge.fml.loading.moddiscovery.ModFileInfo/LOADING]: Found valid mod file [精妙背包] sophisticatedbackpacks-1.20.1-3.24.29.1588.jar with {sophisticatedbackpacks} mods - versions {3.24.29.1588}
[228月2026 21:14:50.780] [main/DEBUG] [net.minecraftforge.fml.loading.moddiscovery.ModFile/LOADING]: Loading mod file D:\E\桌面\游戏\PCL\.minecraft\versions\植物科技\mods\[精妙背包] sophisticatedbackpacks-1.20.1-3.24.29.1588.jar with languages [LanguageSpec[languageName=javafml, acceptedVersions=[47,)]]
[228月2026 21:14:50.780] [main/DEBUG] [net.minecraftforge.fml.loading.moddiscovery.ModFileParser/LOADING]: Considering mod file candidate 
[228月2026 21:14:50.780] [main/DEBUG] [net.minecraftforge.fml.loading.moddiscovery.ModFileInfo/LOADING]: Found valid mod file cumulus_menus-1.20.1-1.0.0-neoforge.jar with {cumulus_menus} mods - versions {1.20.1-1.0.0-neoforge}
[228月2026 21:14:50.780] [main/DEBUG] [net.minecraftforge.fml.loading.moddiscovery.ModFile/LOADING]: Loading mod file  with languages [LanguageSpec[languageName=javafml, acceptedVersions=[47,)]]
[228月2026 21:14:50.780] [main/DEBUG] [net.minecraftforge.fml.loading.moddiscovery.ModFileParser/LOADING]: Considering mod file candidate D:\E\桌面\游戏\PCL\.minecraft\versions\植物科技\mods\[神化] Apotheosis-1.20.1-7.4.6.jar
[228月2026 21:14:50.781] [main/DEBUG] [net.minecraftforge.fml.loading.moddiscovery.ModFileInfo/LOADING]: Found valid mod file [神化] Apotheosis-1.20.1-7.4.6.jar with {apotheosis} mods - versions {7.4.6}
[228月2026 21:14:50.781] [main/DEBUG] [net.minecraftforge.fml.loading.moddiscovery.ModFile/LOADING]: Loading mod file D:\E\桌面\游戏\PCL\.minecraft\versions\植物科技\mods\[神化] Apotheosis-1.20.1-7.4.6.jar with languages [LanguageSpec[languageName=javafml, acceptedVersions=[32,)]]
[228月2026 21:14:50.781] [main/DEBUG] [net.minecraftforge.fml.loading.moddiscovery.ModFileParser/LOADING]: Found coremod apotheosis_ench/ench_info_loot_redirector with Javascript path coremods/ench/ench_info_loot_redirector.js
[228月2026 21:14:50.781] [main/DEBUG] [net.minecraftforge.fml.loading.moddiscovery.ModFileParser/LOADING]: Found coremod apotheosis_ench/ench_info_redirector with Javascript path coremods/ench/ench_info_redirector.js
[228月2026 21:14:50.781] [main/DEBUG] [net.minecraftforge.fml.loading.moddiscovery.ModFileParser/LOADING]: Found coremod apotheosis_ench/fishing_hook with Javascript path coremods/ench/fishing_hook.js
[228月2026 21:14:50.781] [main/DEBUG] [net.minecraftforge.fml.loading.moddiscovery.ModFile/LOADING]: Found coremod coremods/ench/ench_info_loot_redirector.js
[228月2026 21:14:50.781] [main/DEBUG] [net.minecraftforge.fml.loading.moddiscovery.ModFile/LOADING]: Found coremod coremods/ench/ench_info_redirector.js
[228月2026 21:14:50.781] [main/DEBUG] [net.minecraftforge.fml.loading.moddiscovery.ModFile/LOADING]: Found coremod coremods/ench/fishing_hook.js
[228月2026 21:14:50.781] [main/DEBUG] [net.minecraftforge.fml.loading.moddiscovery.ModFileParser/LOADING]: Considering mod file candidate D:\E\桌面\游戏\PCL\.minecraft\versions\植物科技\mods\rs_integration-1.3.5.jar
[228月2026 21:14:50.782] [main/DEBUG] [net.minecraftforge.fml.loading.moddiscovery.ModFileInfo/LOADING]: Found valid mod file rs_integration-1.3.5.jar with {rs_integration} mods - versions {1.3.5}
[228月2026 21:14:50.782] [main/DEBUG] [net.minecraftforge.fml.loading.moddiscovery.ModFile/LOADING]: Loading mod file D:\E\桌面\游戏\PCL\.minecraft\versions\植物科技\mods\rs_integration-1.3.5.jar with languages [LanguageSpec[languageName=javafml, acceptedVersions=[47,)]]
[228月2026 21:14:50.782] [main/DEBUG] [net.minecraftforge.fml.loading.moddiscovery.ModFileParser/LOADING]: Considering mod file candidate 
[228月2026 21:14:50.782] [main/DEBUG] [net.minecraftforge.fml.loading.moddiscovery.ModFileInfo/LOADING]: Found valid mod file nitrogen_internals-1.20.1-1.0.7-neoforge.jar with {nitrogen_internals} mods - versions {1.20.1-1.0.7-neoforge}
[228月2026 21:14:50.782] [main/DEBUG] [net.minecraftforge.fml.loading.moddiscovery.ModFile/LOADING]: Loading mod file  with languages [LanguageSpec[languageName=javafml, acceptedVersions=[47,)]]
[228月2026 21:14:50.782] [main/DEBUG] [net.minecraftforge.fml.loading.moddiscovery.ModFileParser/LOADING]: Considering mod file candidate D:\E\桌面\游戏\PCL\.minecraft\versions\植物科技\mods\[新生魔艺] ars_nouveau-1.20.1-4.12.6-all.jar
[228月2026 21:14:50.783] [main/DEBUG] [net.minecraftforge.fml.loading.moddiscovery.ModFileInfo/LOADING]: Found valid mod file [新生魔艺] ars_nouveau-1.20.1-4.12.6-all.jar with {ars_nouveau} mods - versions {4.12.6}
[228月2026 21:14:50.783] [main/DEBUG] [net.minecraftforge.fml.loading.moddiscovery.ModFile/LOADING]: Loading mod file D:\E\桌面\游戏\PCL\.minecraft\versions\植物科技\mods\[新生魔艺] ars_nouveau-1.20.1-4.12.6-all.jar with languages [LanguageSpec[languageName=javafml, acceptedVersions=[40,)]]
[228月2026 21:14:50.783] [main/DEBUG] [net.minecraftforge.fml.loading.moddiscovery.ModFileParser/LOADING]: Considering mod file candidate D:\E\桌面\游戏\PCL\.minecraft\libraries\net\minecraftforge\forge\1.20.1-47.4.21\forge-1.20.1-47.4.21-universal.jar
[228月2026 21:14:50.783] [main/DEBUG] [net.minecraftforge.fml.loading.moddiscovery.ModFileInfo/LOADING]: Found valid mod file forge-1.20.1-47.4.21-universal.jar with {forge} mods - versions {47.4.21}
[228月2026 21:14:50.783] [main/DEBUG] [net.minecraftforge.fml.loading.moddiscovery.ModFile/LOADING]: Loading mod file D:\E\桌面\游戏\PCL\.minecraft\libraries\net\minecraftforge\forge\1.20.1-47.4.21\forge-1.20.1-47.4.21-universal.jar with languages [LanguageSpec[languageName=javafml, acceptedVersions=[24,]]]
[228月2026 21:14:50.783] [main/DEBUG] [net.minecraftforge.fml.loading.moddiscovery.ModFileParser/LOADING]: Found coremod field_to_method with Javascript path coremods/field_to_method.js
[228月2026 21:14:50.783] [main/DEBUG] [net.minecraftforge.fml.loading.moddiscovery.ModFileParser/LOADING]: Found coremod field_to_instanceof with Javascript path coremods/field_to_instanceof.js
[228月2026 21:14:50.783] [main/DEBUG] [net.minecraftforge.fml.loading.moddiscovery.ModFileParser/LOADING]: Found coremod add_bouncer_method with Javascript path coremods/add_bouncer_method.js
[228月2026 21:14:50.783] [main/DEBUG] [net.minecraftforge.fml.loading.moddiscovery.ModFileParser/LOADING]: Found coremod method_redirector with Javascript path coremods/method_redirector.js
[228月2026 21:14:50.783] [main/DEBUG] [net.minecraftforge.fml.loading.moddiscovery.ModFile/LOADING]: Found coremod coremods/field_to_method.js
[228月2026 21:14:50.783] [main/DEBUG] [net.minecraftforge.fml.loading.moddiscovery.ModFile/LOADING]: Found coremod coremods/field_to_instanceof.js
[228月2026 21:14:50.783] [main/DEBUG] [net.minecraftforge.fml.loading.moddiscovery.ModFile/LOADING]: Found coremod coremods/add_bouncer_method.js
[228月2026 21:14:50.783] [main/DEBUG] [net.minecraftforge.fml.loading.moddiscovery.ModFile/LOADING]: Found coremod coremods/method_redirector.js
[228月2026 21:14:50.783] [main/DEBUG] [net.minecraftforge.fml.loading.moddiscovery.ModFileParser/LOADING]: Considering mod file candidate D:\E\桌面\游戏\PCL\.minecraft\versions\植物科技\mods\aether-redux-2.0.17-1.20.1-neoforge.jar
[228月2026 21:14:50.784] [main/DEBUG] [net.minecraftforge.fml.loading.moddiscovery.ModFileInfo/LOADING]: Found valid mod file aether-redux-2.0.17-1.20.1-neoforge.jar with {aether_redux} mods - versions {2.0.17}
[228月2026 21:14:50.784] [main/DEBUG] [net.minecraftforge.fml.loading.moddiscovery.ModFile/LOADING]: Loading mod file D:\E\桌面\游戏\PCL\.minecraft\versions\植物科技\mods\aether-redux-2.0.17-1.20.1-neoforge.jar with languages [LanguageSpec[languageName=javafml, acceptedVersions=[47,)]]
[228月2026 21:14:50.784] [main/DEBUG] [net.minecraftforge.fml.loading.moddiscovery.ModFile/LOADING]: Loading mod file  with languages []
[228月2026 21:14:50.784] [main/DEBUG] [net.minecraftforge.fml.loading.moddiscovery.ModFile/LOADING]: Loading mod file  with languages []
[228月2026 21:14:50.784] [main/DEBUG] [net.minecraftforge.fml.loading.moddiscovery.ModFileParser/LOADING]: Considering mod file candidate 
[228月2026 21:14:50.784] [main/DEBUG] [net.minecraftforge.fml.loading.moddiscovery.ModFileInfo/LOADING]: Found valid mod file mixinextras-forge-0.2.0-beta.9.jar with {mixinextras} mods - versions {0.2.0-beta.9}
[228月2026 21:14:50.784] [main/DEBUG] [net.minecraftforge.fml.loading.moddiscovery.ModFile/LOADING]: Loading mod file  with languages [LanguageSpec[languageName=javafml, acceptedVersions=*]]
[228月2026 21:14:50.785] [main/DEBUG] [net.minecraftforge.fml.loading.moddiscovery.ModFile/LOADING]: Loading mod file  with languages []
[228月2026 21:14:50.785] [main/DEBUG] [net.minecraftforge.fml.loading.moddiscovery.ModFile/LOADING]: Loading mod file  with languages []
[228月2026 21:14:50.785] [main/DEBUG] [net.minecraftforge.fml.loading.moddiscovery.ModFile/LOADING]: Loading mod file  with languages []
[228月2026 21:14:50.785] [main/DEBUG] [net.minecraftforge.fml.loading.moddiscovery.ModFileParser/LOADING]: Considering mod file candidate 
[228月2026 21:14:50.785] [main/DEBUG] [net.minecraftforge.fml.loading.moddiscovery.ModFileInfo/LOADING]: Found valid mod file mixinextras-forge-0.2.0-beta.9.jar with {mixinextras} mods - versions {0.2.0-beta.9}
[228月2026 21:14:50.785] [main/DEBUG] [net.minecraftforge.fml.loading.moddiscovery.ModFile/LOADING]: Loading mod file  with languages [LanguageSpec[languageName=javafml, acceptedVersions=*]]
[228月2026 21:14:50.785] [main/DEBUG] [net.minecraftforge.fml.loading.moddiscovery.ModFile/LOADING]: Loading mod file  with languages []
[228月2026 21:14:50.786] [main/DEBUG] [cpw.mods.modlauncher.TransformationServiceDecorator/MODLAUNCHER]: End scan trigger - transformation service fml
[228月2026 21:14:50.796] [main/DEBUG] [net.minecraftforge.fml.loading.LanguageLoadingProvider/CORE]: Found 3 language providers
[228月2026 21:14:50.797] [main/DEBUG] [net.minecraftforge.fml.loading.LanguageLoadingProvider/CORE]: Found language provider minecraft, version 1.0
[228月2026 21:14:50.798] [main/DEBUG] [net.minecraftforge.fml.loading.LanguageLoadingProvider/CORE]: Found language provider lowcodefml, version 47
[228月2026 21:14:50.798] [main/DEBUG] [net.minecraftforge.fml.loading.LanguageLoadingProvider/CORE]: Found language provider javafml, version 47
[228月2026 21:14:50.802] [main/DEBUG] [net.minecraftforge.fml.loading.UniqueModListBuilder/]: Found 2 mods for first modid mclib, selecting most recent based on version data
[228月2026 21:14:50.802] [main/DEBUG] [net.minecraftforge.fml.loading.UniqueModListBuilder/]: Selected file mclib-20.jar for modid mclib with version 0.0NONE
[228月2026 21:14:50.802] [main/DEBUG] [net.minecraftforge.fml.loading.UniqueModListBuilder/]: Found 2 mods for first modid l2serial, selecting most recent based on version data
[228月2026 21:14:50.802] [main/DEBUG] [net.minecraftforge.fml.loading.UniqueModListBuilder/]: Selected file l2serial-1.2.0.jar for modid l2serial with version 1.2.0
[228月2026 21:14:50.802] [main/DEBUG] [net.minecraftforge.fml.loading.UniqueModListBuilder/]: Found 2 mods for first modid mixinextras, selecting most recent based on version data
[228月2026 21:14:50.802] [main/DEBUG] [net.minecraftforge.fml.loading.UniqueModListBuilder/]: Selected file mixinextras-forge-0.2.0-beta.9.jar for modid mixinextras with version 0.2.0-beta.9
[228月2026 21:14:50.802] [main/DEBUG] [net.minecraftforge.fml.loading.UniqueModListBuilder/]: Found 2 mods for first modid MixinExtras, selecting most recent based on version data
[228月2026 21:14:50.802] [main/DEBUG] [net.minecraftforge.fml.loading.UniqueModListBuilder/]: Selected file MixinExtras-0.3.6.jar for modid MixinExtras with version 0.0NONE
[228月2026 21:14:50.804] [main/DEBUG] [net.minecraftforge.fml.loading.ModSorter/]: Configured system mods: [minecraft, forge]
[228月2026 21:14:50.804] [main/DEBUG] [net.minecraftforge.fml.loading.ModSorter/]: Found system mod: minecraft
[228月2026 21:14:50.804] [main/DEBUG] [net.minecraftforge.fml.loading.ModSorter/]: Found system mod: forge
[228月2026 21:14:50.807] [main/DEBUG] [net.minecraftforge.fml.loading.ModSorter/LOADING]: Found 81 mod requirements (54 mandatory, 27 optional)
[228月2026 21:14:50.808] [main/DEBUG] [net.minecraftforge.fml.loading.ModSorter/LOADING]: Found 0 mod requirements missing (0 mandatory, 0 optional)
[228月2026 21:14:51.287] [main/DEBUG] [cpw.mods.modlauncher.TransformationServicesHandler/MODLAUNCHER]: Transformation services loading transformers
[228月2026 21:14:51.288] [main/DEBUG] [cpw.mods.modlauncher.TransformationServiceDecorator/MODLAUNCHER]: Initializing transformers for transformation service mixin
[228月2026 21:14:51.288] [main/DEBUG] [cpw.mods.modlauncher.TransformationServiceDecorator/MODLAUNCHER]: Initialized transformers for transformation service mixin
[228月2026 21:14:51.288] [main/DEBUG] [cpw.mods.modlauncher.TransformationServiceDecorator/MODLAUNCHER]: Initializing transformers for transformation service fml
[228月2026 21:14:51.289] [main/DEBUG] [net.minecraftforge.fml.loading.FMLServiceProvider/CORE]: Loading coremod transformers
[228月2026 21:14:51.289] [main/DEBUG] [net.minecraftforge.coremod.CoreModEngine/COREMOD]: Loading CoreMod from coremods/get_ench_level_event.js
[228月2026 21:14:51.487] [main/DEBUG] [net.minecraftforge.coremod.CoreModEngine/COREMOD]: CoreMod loaded successfully
[228月2026 21:14:51.488] [main/DEBUG] [net.minecraftforge.coremod.CoreModEngine/COREMOD]: Loading CoreMod from coremods/get_ench_level_event_specific.js
[228月2026 21:14:51.502] [main/DEBUG] [net.minecraftforge.coremod.CoreModEngine/COREMOD]: CoreMod loaded successfully
[228月2026 21:14:51.503] [main/DEBUG] [net.minecraftforge.coremod.CoreModEngine/COREMOD]: Loading CoreMod from coremods/potion_gui_tooltips.js
[228月2026 21:14:51.533] [main/DEBUG] [net.minecraftforge.coremod.CoreModEngine/COREMOD]: CoreMod loaded successfully
[228月2026 21:14:51.533] [main/DEBUG] [net.minecraftforge.coremod.CoreModEngine/COREMOD]: Loading CoreMod from coremods/common_transformer.js
[228月2026 21:14:51.855] [main/DEBUG] [net.minecraftforge.coremod.CoreModEngine/COREMOD]: CoreMod loaded successfully
[228月2026 21:14:51.855] [main/DEBUG] [net.minecraftforge.coremod.CoreModEngine/COREMOD]: Loading CoreMod from coremods/hexcessible_transformer.js
[228月2026 21:14:51.872] [main/DEBUG] [net.minecraftforge.coremod.CoreModEngine/COREMOD]: CoreMod loaded successfully
[228月2026 21:14:51.872] [main/DEBUG] [net.minecraftforge.coremod.CoreModEngine/COREMOD]: Loading CoreMod from coremods/jei_transformer.js
[228月2026 21:14:51.905] [main/DEBUG] [net.minecraftforge.coremod.CoreModEngine/COREMOD]: CoreMod loaded successfully
[228月2026 21:14:51.907] [main/DEBUG] [net.minecraftforge.coremod.CoreModEngine/COREMOD]: Loading CoreMod from coremods/ench/ench_info_loot_redirector.js
[228月2026 21:14:51.931] [main/DEBUG] [net.minecraftforge.coremod.CoreModEngine/COREMOD]: CoreMod loaded successfully
[228月2026 21:14:51.931] [main/DEBUG] [net.minecraftforge.coremod.CoreModEngine/COREMOD]: Loading CoreMod from coremods/ench/ench_info_redirector.js
[228月2026 21:14:51.951] [main/DEBUG] [net.minecraftforge.coremod.CoreModEngine/COREMOD]: CoreMod loaded successfully
[228月2026 21:14:51.952] [main/DEBUG] [net.minecraftforge.coremod.CoreModEngine/COREMOD]: Loading CoreMod from coremods/ench/fishing_hook.js
[228月2026 21:14:51.962] [main/DEBUG] [net.minecraftforge.coremod.CoreModEngine/COREMOD]: CoreMod loaded successfully
[228月2026 21:14:51.962] [main/DEBUG] [net.minecraftforge.coremod.CoreModEngine/COREMOD]: Loading CoreMod from coremods/field_to_method.js
[228月2026 21:14:51.982] [main/DEBUG] [net.minecraftforge.coremod.CoreModEngine/COREMOD]: CoreMod loaded successfully
[228月2026 21:14:51.982] [main/DEBUG] [net.minecraftforge.coremod.CoreModEngine/COREMOD]: Loading CoreMod from coremods/field_to_instanceof.js
[228月2026 21:14:52.008] [main/DEBUG] [net.minecraftforge.coremod.CoreModEngine/COREMOD]: CoreMod loaded successfully
[228月2026 21:14:52.008] [main/DEBUG] [net.minecraftforge.coremod.CoreModEngine/COREMOD]: Loading CoreMod from coremods/add_bouncer_method.js
[228月2026 21:14:52.043] [main/DEBUG] [net.minecraftforge.coremod.CoreModEngine/COREMOD]: CoreMod loaded successfully
[228月2026 21:14:52.044] [main/DEBUG] [net.minecraftforge.coremod.CoreModEngine/COREMOD]: Loading CoreMod from coremods/method_redirector.js
[228月2026 21:14:52.086] [main/DEBUG] [net.minecraftforge.coremod.CoreModEngine/COREMOD]: CoreMod loaded successfully
[228月2026 21:14:52.122] [main/DEBUG] [cpw.mods.modlauncher.TransformStore/MODLAUNCHER]: Adding transformer net.minecraftforge.coremod.transformer.CoreModMethodTransformer@1a0f349 to Target : METHOD {Lnet/minecraftforge/common/extensions/IForgeItemStack;} {getAllEnchantments} {()Ljava/util/Map;}
[228月2026 21:14:52.126] [main/DEBUG] [cpw.mods.modlauncher.TransformStore/MODLAUNCHER]: Adding transformer net.minecraftforge.coremod.transformer.CoreModMethodTransformer@73aaec54 to Target : METHOD {Lnet/minecraftforge/common/extensions/IForgeItemStack;} {getEnchantmentLevel} {(Lnet/minecraft/world/item/enchantment/Enchantment;)I}
[228月2026 21:14:52.126] [main/DEBUG] [cpw.mods.modlauncher.TransformStore/MODLAUNCHER]: Adding transformer net.minecraftforge.coremod.transformer.CoreModMethodTransformer@239b98cb to Target : METHOD {Lnet/minecraft/client/gui/screens/inventory/EffectRenderingInventoryScreen;} {m_280113_} {(Lnet/minecraft/client/gui/GuiGraphics;II)V}
[228月2026 21:14:52.127] [main/DEBUG] [cpw.mods.modlauncher.TransformStore/MODLAUNCHER]: Adding transformer net.minecraftforge.coremod.transformer.CoreModMethodTransformer@117b2cc6 to Target : METHOD {Lappeng/client/gui/me/interfaceterminal/InterfaceTerminalScreen;} {refreshList} {()V}
[228月2026 21:14:52.127] [main/DEBUG] [cpw.mods.modlauncher.TransformStore/MODLAUNCHER]: Adding transformer net.minecraftforge.coremod.transformer.CoreModMethodTransformer@6def0632 to Target : METHOD {Lappeng/client/gui/me/patternaccess/PatternAccessTermScreen;} {itemStackMatchesSearchTerm} {(Lnet/minecraft/world/item/ItemStack;Ljava/lang/String;)Z}
[228月2026 21:14:52.127] [main/DEBUG] [cpw.mods.modlauncher.TransformStore/MODLAUNCHER]: Adding transformer net.minecraftforge.coremod.transformer.CoreModMethodTransformer@49038f97 to Target : METHOD {Lappeng/client/gui/me/patternaccess/PatternAccessTermScreen;} {refreshList} {()V}
[228月2026 21:14:52.127] [main/DEBUG] [cpw.mods.modlauncher.TransformStore/MODLAUNCHER]: Adding transformer net.minecraftforge.coremod.transformer.CoreModMethodTransformer@36211bbc to Target : METHOD {Lappeng/client/gui/me/search/NameSearchPredicate;} {test} {(Lappeng/menu/me/common/GridInventoryEntry;)Z}
[228月2026 21:14:52.127] [main/DEBUG] [cpw.mods.modlauncher.TransformStore/MODLAUNCHER]: Adding transformer net.minecraftforge.coremod.transformer.CoreModMethodTransformer@7ef41ca2 to Target : METHOD {Lappeng/client/gui/me/search/TooltipsSearchPredicate;} {test} {(Lappeng/menu/me/common/GridInventoryEntry;)Z}
[228月2026 21:14:52.127] [main/DEBUG] [cpw.mods.modlauncher.TransformStore/MODLAUNCHER]: Adding transformer net.minecraftforge.coremod.transformer.CoreModMethodTransformer@6b3f4bd8 to Target : METHOD {Lbetterquesting/api2/client/gui/panels/lists/CanvasFileDirectory;} {queryMatches} {(Ljava/io/File;Ljava/lang/String;Ljava/util/ArrayDeque;)V}
[228月2026 21:14:52.127] [main/DEBUG] [cpw.mods.modlauncher.TransformStore/MODLAUNCHER]: Adding transformer net.minecraftforge.coremod.transformer.CoreModMethodTransformer@3e151e1f to Target : METHOD {Lbetterquesting/api2/client/gui/panels/lists/CanvasQuestDatabase;} {queryMatches} {(Lbetterquesting/api2/storage/DBEntry;Ljava/lang/String;Ljava/util/ArrayDeque;)V}
[228月2026 21:14:52.127] [main/DEBUG] [cpw.mods.modlauncher.TransformStore/MODLAUNCHER]: Adding transformer net.minecraftforge.coremod.transformer.CoreModMethodTransformer@d70e9a to Target : METHOD {Lbinnie/core/machines/storage/SearchDialog;} {updateSearch} {()V}
[228月2026 21:14:52.127] [main/DEBUG] [cpw.mods.modlauncher.TransformStore/MODLAUNCHER]: Adding transformer net.minecraftforge.coremod.transformer.CoreModMethodTransformer@5e98032e to Target : METHOD {Lblusunrize/immersiveengineering/api/ManualPageBlueprint;} {listForSearch} {(Ljava/lang/String;)Z}
[228月2026 21:14:52.127] [main/DEBUG] [cpw.mods.modlauncher.TransformStore/MODLAUNCHER]: Adding transformer net.minecraftforge.coremod.transformer.CoreModMethodTransformer@4fe8f2ae to Target : METHOD {Lblusunrize/lib/manual/ManualElementItem;} {listForSearch} {(Ljava/lang/String;)Z}
[228月2026 21:14:52.127] [main/DEBUG] [cpw.mods.modlauncher.TransformStore/MODLAUNCHER]: Adding transformer net.minecraftforge.coremod.transformer.CoreModMethodTransformer@591be8aa to Target : METHOD {Lblusunrize/lib/manual/ManualPages$Crafting;} {listForSearch} {(Ljava/lang/String;)Z}
[228月2026 21:14:52.128] [main/DEBUG] [cpw.mods.modlauncher.TransformStore/MODLAUNCHER]: Adding transformer net.minecraftforge.coremod.transformer.CoreModMethodTransformer@61808ecd to Target : METHOD {Lblusunrize/lib/manual/ManualPages$CraftingMulti;} {listForSearch} {(Ljava/lang/String;)Z}
[228月2026 21:14:52.128] [main/DEBUG] [cpw.mods.modlauncher.TransformStore/MODLAUNCHER]: Adding transformer net.minecraftforge.coremod.transformer.CoreModMethodTransformer@7f1f60a0 to Target : METHOD {Lblusunrize/lib/manual/ManualPages$ItemDisplay;} {listForSearch} {(Ljava/lang/String;)Z}
[228月2026 21:14:52.128] [main/DEBUG] [cpw.mods.modlauncher.TransformStore/MODLAUNCHER]: Adding transformer net.minecraftforge.coremod.transformer.CoreModMethodTransformer@77ea806f to Target : METHOD {Lblusunrize/lib/manual/gui/GuiManual;} {func_73869_a} {(CI)V}
[228月2026 21:14:52.128] [main/DEBUG] [cpw.mods.modlauncher.TransformStore/MODLAUNCHER]: Adding transformer net.minecraftforge.coremod.transformer.CoreModMethodTransformer@71b26880 to Target : METHOD {Lcom/almostreliable/merequester/client/RequesterTerminalScreen;} {keyMatchesSearchQuery} {(Lappeng/api/stacks/AEKey;Ljava/lang/String;)Z}
[228月2026 21:14:52.128] [main/DEBUG] [cpw.mods.modlauncher.TransformStore/MODLAUNCHER]: Adding transformer net.minecraftforge.coremod.transformer.CoreModMethodTransformer@14a1769d to Target : METHOD {Lcom/aranaira/magichem/gui/AlchemicalNexusScreen;} {updateDisplayedRecipes} {(Ljava/lang/String;)V}
[228月2026 21:14:52.128] [main/DEBUG] [cpw.mods.modlauncher.TransformStore/MODLAUNCHER]: Adding transformer net.minecraftforge.coremod.transformer.CoreModMethodTransformer@10bf1ec9 to Target : METHOD {Lcom/aranaira/magichem/gui/CentrifugeScreen;} {updateDisplayedRecipes} {(Ljava/lang/String;)V}
[228月2026 21:14:52.129] [main/DEBUG] [cpw.mods.modlauncher.TransformStore/MODLAUNCHER]: Adding transformer net.minecraftforge.coremod.transformer.CoreModMethodTransformer@33751d49 to Target : METHOD {Lcom/aranaira/magichem/gui/CircleFabricationScreen;} {updateDisplayedRecipes} {(Ljava/lang/String;)V}
[228月2026 21:14:52.129] [main/DEBUG] [cpw.mods.modlauncher.TransformStore/MODLAUNCHER]: Adding transformer net.minecraftforge.coremod.transformer.CoreModMethodTransformer@516195cf to Target : METHOD {Lcom/aranaira/magichem/gui/CodexMateriaScreen;} {updateDisplayedMateria} {(Ljava/lang/String;)V}
[228月2026 21:14:52.129] [main/DEBUG] [cpw.mods.modlauncher.TransformStore/MODLAUNCHER]: Adding transformer net.minecraftforge.coremod.transformer.CoreModMethodTransformer@4eeb14e0 to Target : METHOD {Lcom/aranaira/magichem/gui/FuseryScreen;} {updateDisplayedRecipes} {(Ljava/lang/String;)V}
[228月2026 21:14:52.129] [main/DEBUG] [cpw.mods.modlauncher.TransformStore/MODLAUNCHER]: Adding transformer net.minecraftforge.coremod.transformer.CoreModMethodTransformer@26ca12a2 to Target : METHOD {Lcom/aranaira/magichem/gui/GrandCentrifugeScreen;} {updateDisplayedRecipes} {(Ljava/lang/String;)V}
[228月2026 21:14:52.129] [main/DEBUG] [cpw.mods.modlauncher.TransformStore/MODLAUNCHER]: Adding transformer net.minecraftforge.coremod.transformer.CoreModMethodTransformer@3d4ecc67 to Target : METHOD {Lcom/aranaira/magichem/gui/GrandCircleFabricationScreen;} {updateDisplayedRecipes} {(Ljava/lang/String;)V}
[228月2026 21:14:52.129] [main/DEBUG] [cpw.mods.modlauncher.TransformStore/MODLAUNCHER]: Adding transformer net.minecraftforge.coremod.transformer.CoreModMethodTransformer@60dcf9ec to Target : METHOD {Lcom/aranaira/magichem/gui/GrandFuseryScreen;} {updateDisplayedRecipes} {(Ljava/lang/String;)V}
[228月2026 21:14:52.130] [main/DEBUG] [cpw.mods.modlauncher.TransformStore/MODLAUNCHER]: Adding transformer net.minecraftforge.coremod.transformer.CoreModMethodTransformer@7606bd03 to Target : METHOD {Lcom/aranaira/magichem/gui/MateriaManifestScreen;} {updateMateriaOptionsByTextFilter} {()V}
[228月2026 21:14:52.130] [main/DEBUG] [cpw.mods.modlauncher.TransformStore/MODLAUNCHER]: Adding transformer net.minecraftforge.coremod.transformer.CoreModMethodTransformer@afee63 to Target : METHOD {Lcom/aranaira/magichem/gui/MirrorLabyrinthScreen;} {updateMateriaOptionsByTextFilter} {()V}
[228月2026 21:14:52.130] [main/DEBUG] [cpw.mods.modlauncher.TransformStore/MODLAUNCHER]: Adding transformer net.minecraftforge.coremod.transformer.CoreModMethodTransformer@4b4927e5 to Target : METHOD {Lcom/aranaira/magichem/gui/PrimeAggregatorScreen;} {updateDisplayedRecipes} {(Ljava/lang/String;)V}
[228月2026 21:14:52.130] [main/DEBUG] [cpw.mods.modlauncher.TransformStore/MODLAUNCHER]: Adding transformer net.minecraftforge.coremod.transformer.CoreModMethodTransformer@4c5da4f9 to Target : METHOD {Lcom/blamejared/controlling/client/NewKeyBindsScreen;} {filterKeys} {()V}
[228月2026 21:14:52.131] [main/DEBUG] [cpw.mods.modlauncher.TransformStore/MODLAUNCHER]: Adding transformer net.minecraftforge.coremod.transformer.CoreModMethodTransformer@ff0e6d4 to Target : METHOD {Lcom/blamejared/controlling/client/NewKeyBindsScreen;} {lambda$filterKeys$8} {(Lcom/blamejared/controlling/client/NewKeyBindsList$KeyEntry;)Z}
[228月2026 21:14:52.131] [main/DEBUG] [cpw.mods.modlauncher.TransformStore/MODLAUNCHER]: Adding transformer net.minecraftforge.coremod.transformer.CoreModMethodTransformer@70d3cdbf to Target : METHOD {Lcom/blamejared/controlling/client/NewKeyBindsScreen;} {lambda$filterKeys$9} {(Lcom/blamejared/controlling/client/NewKeyBindsList$KeyEntry;)Z}
[228月2026 21:14:52.131] [main/DEBUG] [cpw.mods.modlauncher.TransformStore/MODLAUNCHER]: Adding transformer net.minecraftforge.coremod.transformer.CoreModMethodTransformer@72a7aa4f to Target : METHOD {Lcom/blamejared/controlling/client/gui/GuiNewControls;} {lambda$filterKeys$10} {(Lcom/blamejared/controlling/client/gui/GuiNewKeyBindingList$KeyEntry;)Z}
[228月2026 21:14:52.132] [main/DEBUG] [cpw.mods.modlauncher.TransformStore/MODLAUNCHER]: Adding transformer net.minecraftforge.coremod.transformer.CoreModMethodTransformer@537ca28e to Target : METHOD {Lcom/blamejared/controlling/client/gui/GuiNewControls;} {lambda$filterKeys$11} {(Lcom/blamejared/controlling/client/gui/GuiNewKeyBindingList$KeyEntry;)Z}
[228月2026 21:14:52.132] [main/DEBUG] [cpw.mods.modlauncher.TransformStore/MODLAUNCHER]: Adding transformer net.minecraftforge.coremod.transformer.CoreModMethodTransformer@5b322873 to Target : METHOD {Lcom/blamejared/controlling/client/gui/GuiNewControls;} {lambda$filterKeys$9} {(Lcom/blamejared/controlling/client/gui/GuiNewKeyBindingList$KeyEntry;)Z}
[228月2026 21:14:52.132] [main/DEBUG] [cpw.mods.modlauncher.TransformStore/MODLAUNCHER]: Adding transformer net.minecraftforge.coremod.transformer.CoreModMethodTransformer@35e2b89f to Target : METHOD {Lcom/blamejared/searchables/api/SearchableComponent;} {lambda$create$2} {(Ljava/lang/String;Ljava/lang/String;)Ljava/lang/Boolean;}
[228月2026 21:14:52.132] [main/DEBUG] [cpw.mods.modlauncher.TransformStore/MODLAUNCHER]: Adding transformer net.minecraftforge.coremod.transformer.CoreModMethodTransformer@7ad889be to Target : METHOD {Lcom/chaosthedude/explorerscompass/gui/ExplorersCompassScreen;} {processSearchTerm} {()V}
[228月2026 21:14:52.132] [main/DEBUG] [cpw.mods.modlauncher.TransformStore/MODLAUNCHER]: Adding transformer net.minecraftforge.coremod.transformer.CoreModMethodTransformer@4c063cb9 to Target : METHOD {Lcom/chaosthedude/naturescompass/gui/NaturesCompassScreen;} {processSearchTerm} {()V}
[228月2026 21:14:52.132] [main/DEBUG] [cpw.mods.modlauncher.TransformStore/MODLAUNCHER]: Adding transformer net.minecraftforge.coremod.transformer.CoreModMethodTransformer@63de4fa to Target : METHOD {Lcom/github/alexthe668/cloudstorage/inventory/CloudChestMenu;} {matchesSearch} {(Lnet/minecraft/world/entity/player/Player;Ljava/lang/String;Lnet/minecraft/world/item/ItemStack;)Z}
[228月2026 21:14:52.132] [main/DEBUG] [cpw.mods.modlauncher.TransformStore/MODLAUNCHER]: Adding transformer net.minecraftforge.coremod.transformer.CoreModMethodTransformer@26bb92e2 to Target : METHOD {Lcom/github/einjerjar/mc/keymap/client/gui/widgets/KeymapListWidget;} {lambda$updateFilteredList$1} {(Lcom/github/einjerjar/mc/keymap/client/gui/widgets/KeymapListWidget$KeymapListEntry;Ljava/lang/String;)Z}
[228月2026 21:14:52.133] [main/DEBUG] [cpw.mods.modlauncher.TransformStore/MODLAUNCHER]: Adding transformer net.minecraftforge.coremod.transformer.CoreModMethodTransformer@18907af2 to Target : METHOD {Lcom/github/glodblock/epp/client/gui/GuiExPatternTerminal;} {itemStackMatchesSearchTerm} {(Lnet/minecraft/world/item/ItemStack;Ljava/lang/String;Z)Z}
[228月2026 21:14:52.133] [main/DEBUG] [cpw.mods.modlauncher.TransformStore/MODLAUNCHER]: Adding transformer net.minecraftforge.coremod.transformer.CoreModMethodTransformer@658e7ead to Target : METHOD {Lcom/github/glodblock/epp/client/gui/GuiExPatternTerminal;} {refreshList} {()V}
[228月2026 21:14:52.133] [main/DEBUG] [cpw.mods.modlauncher.TransformStore/MODLAUNCHER]: Adding transformer net.minecraftforge.coremod.transformer.CoreModMethodTransformer@cfd5cd2 to Target : METHOD {Lcom/github/klikli_dev/occultism/client/gui/storage/StorageControllerGuiBase;} {itemMatchesSearch} {(Lnet/minecraft/world/item/ItemStack;)Z}
[228月2026 21:14:52.133] [main/DEBUG] [cpw.mods.modlauncher.TransformStore/MODLAUNCHER]: Adding transformer net.minecraftforge.coremod.transformer.CoreModMethodTransformer@762bf32d to Target : METHOD {Lcom/github/klikli_dev/occultism/client/gui/storage/StorageControllerGuiBase;} {machineMatchesSearch} {(Lcom/github/klikli_dev/occultism/api/common/data/MachineReference;)Z}
[228月2026 21:14:52.133] [main/DEBUG] [cpw.mods.modlauncher.TransformStore/MODLAUNCHER]: Adding transformer net.minecraftforge.coremod.transformer.CoreModMethodTransformer@6d7740f0 to Target : METHOD {Lcom/glodblock/github/extendedae/client/gui/GuiExPatternTerminal;} {itemStackMatchesSearchTerm} {(Lnet/minecraft/world/item/ItemStack;Ljava/lang/String;Z)Z}
[228月2026 21:14:52.133] [main/DEBUG] [cpw.mods.modlauncher.TransformStore/MODLAUNCHER]: Adding transformer net.minecraftforge.coremod.transformer.CoreModMethodTransformer@7b1a30e5 to Target : METHOD {Lcom/glodblock/github/extendedae/client/gui/GuiExPatternTerminal;} {refreshList} {()V}
[228月2026 21:14:52.133] [main/DEBUG] [cpw.mods.modlauncher.TransformStore/MODLAUNCHER]: Adding transformer net.minecraftforge.coremod.transformer.CoreModMethodTransformer@1de7f898 to Target : METHOD {Lcom/glodblock/github/extendedae/util/FCUtil;} {compareTokens} {(Ljava/util/List;Ljava/util/List;)Z}
[228月2026 21:14:52.133] [main/DEBUG] [cpw.mods.modlauncher.TransformStore/MODLAUNCHER]: Adding transformer net.minecraftforge.coremod.transformer.CoreModMethodTransformer@34fcd292 to Target : METHOD {Lcom/gregtechceu/gtceu/api/gui/widget/ProspectingMapWidget;} {search} {(Ljava/lang/String;Ljava/util/function/Consumer;)V}
[228月2026 21:14:52.134] [main/DEBUG] [cpw.mods.modlauncher.TransformStore/MODLAUNCHER]: Adding transformer net.minecraftforge.coremod.transformer.CoreModMethodTransformer@63db743d to Target : METHOD {Lcom/hollingsworth/arsnouveau/client/gui/book/GlyphUnlockMenu;} {onSearchChanged} {(Ljava/lang/String;)V}
[228月2026 21:14:52.134] [main/DEBUG] [cpw.mods.modlauncher.TransformStore/MODLAUNCHER]: Adding transformer net.minecraftforge.coremod.transformer.CoreModMethodTransformer@496cedbb to Target : METHOD {Lcom/hollingsworth/arsnouveau/client/gui/book/GlyphUnlockMenu;} {onSearchChanged} {(Ljava/lang/String;Lcom/hollingsworth/arsnouveau/client/gui/book/GlyphUnlockMenu$Filter;)V}
[228月2026 21:14:52.134] [main/DEBUG] [cpw.mods.modlauncher.TransformStore/MODLAUNCHER]: Adding transformer net.minecraftforge.coremod.transformer.CoreModMethodTransformer@6b6def36 to Target : METHOD {Lcom/hollingsworth/arsnouveau/client/gui/book/GuiSpellBook;} {onSearchChanged} {(Ljava/lang/String;)V}
[228月2026 21:14:52.134] [main/DEBUG] [cpw.mods.modlauncher.TransformStore/MODLAUNCHER]: Adding transformer net.minecraftforge.coremod.transformer.CoreModMethodTransformer@3957d88b to Target : METHOD {Lcom/klikli_dev/modonomicon/book/entries/BookEntry;} {matchesQuery} {(Ljava/lang/String;)Z}
[228月2026 21:14:52.134] [main/DEBUG] [cpw.mods.modlauncher.TransformStore/MODLAUNCHER]: Adding transformer net.minecraftforge.coremod.transformer.CoreModMethodTransformer@1152900 to Target : METHOD {Lcom/klikli_dev/modonomicon/book/page/BookEntityPage;} {matchesQuery} {(Ljava/lang/String;)Z}
[228月2026 21:14:52.134] [main/DEBUG] [cpw.mods.modlauncher.TransformStore/MODLAUNCHER]: Adding transformer net.minecraftforge.coremod.transformer.CoreModMethodTransformer@2fba0dac to Target : METHOD {Lcom/klikli_dev/modonomicon/book/page/BookImagePage;} {matchesQuery} {(Ljava/lang/String;)Z}
[228月2026 21:14:52.134] [main/DEBUG] [cpw.mods.modlauncher.TransformStore/MODLAUNCHER]: Adding transformer net.minecraftforge.coremod.transformer.CoreModMethodTransformer@2b2a4332 to Target : METHOD {Lcom/klikli_dev/modonomicon/book/page/BookMultiblockPage;} {matchesQuery} {(Ljava/lang/String;)Z}
[228月2026 21:14:52.134] [main/DEBUG] [cpw.mods.modlauncher.TransformStore/MODLAUNCHER]: Adding transformer net.minecraftforge.coremod.transformer.CoreModMethodTransformer@2cbe455c to Target : METHOD {Lcom/klikli_dev/modonomicon/book/page/BookRecipePage;} {matchesQuery} {(Ljava/lang/String;)Z}
[228月2026 21:14:52.134] [main/DEBUG] [cpw.mods.modlauncher.TransformStore/MODLAUNCHER]: Adding transformer net.minecraftforge.coremod.transformer.CoreModMethodTransformer@4cb24e2 to Target : METHOD {Lcom/klikli_dev/modonomicon/book/page/BookSpotlightPage;} {matchesQuery} {(Ljava/lang/String;)Z}
[228月2026 21:14:52.134] [main/DEBUG] [cpw.mods.modlauncher.TransformStore/MODLAUNCHER]: Adding transformer net.minecraftforge.coremod.transformer.CoreModMethodTransformer@7be38eba to Target : METHOD {Lcom/klikli_dev/modonomicon/book/page/BookSpotlightPage;} {matchesQuery} {(Lnet/minecraft/world/item/ItemStack;Ljava/lang/String;)Z}
[228月2026 21:14:52.135] [main/DEBUG] [cpw.mods.modlauncher.TransformStore/MODLAUNCHER]: Adding transformer net.minecraftforge.coremod.transformer.CoreModMethodTransformer@2296127 to Target : METHOD {Lcom/klikli_dev/modonomicon/book/page/BookTextPage;} {matchesQuery} {(Ljava/lang/String;)Z}
[228月2026 21:14:52.135] [main/DEBUG] [cpw.mods.modlauncher.TransformStore/MODLAUNCHER]: Adding transformer net.minecraftforge.coremod.transformer.CoreModMethodTransformer@5ce3409b to Target : METHOD {Lcom/klikli_dev/occultism/client/gui/storage/StorageControllerGuiBase;} {itemMatchesSearch} {(Lnet/minecraft/world/item/ItemStack;)Z}
[228月2026 21:14:52.135] [main/DEBUG] [cpw.mods.modlauncher.TransformStore/MODLAUNCHER]: Adding transformer net.minecraftforge.coremod.transformer.CoreModMethodTransformer@1d283d1 to Target : METHOD {Lcom/klikli_dev/occultism/client/gui/storage/StorageControllerGuiBase;} {machineMatchesSearch} {(Lcom/klikli_dev/occultism/api/common/data/MachineReference;)Z}
[228月2026 21:14:52.135] [main/DEBUG] [cpw.mods.modlauncher.TransformStore/MODLAUNCHER]: Adding transformer net.minecraftforge.coremod.transformer.CoreModMethodTransformer@66234b0f to Target : METHOD {Lcom/kreidev/cmpackagecouriers/StockTickerIntegration;} {rewriteAddressIfNeeded} {(Lnet/minecraft/world/entity/player/Player;Lnet/minecraft/world/item/ItemStack;)V}
[228月2026 21:14:52.135] [main/DEBUG] [cpw.mods.modlauncher.TransformStore/MODLAUNCHER]: Adding transformer net.minecraftforge.coremod.transformer.CoreModMethodTransformer@2fca3eb5 to Target : METHOD {Lcom/latmod/mods/projectex/gui/GuiTableBase;} {updateValidItemList} {()V}
[228月2026 21:14:52.135] [main/DEBUG] [cpw.mods.modlauncher.TransformStore/MODLAUNCHER]: Adding transformer net.minecraftforge.coremod.transformer.CoreModMethodTransformer@69eb544f to Target : METHOD {Lcom/lothrazar/storagenetwork/api/util/UtilInventory;} {doOverlap} {(Ljava/lang/String;Ljava/lang/String;)Z}
[228月2026 21:14:52.135] [main/DEBUG] [cpw.mods.modlauncher.TransformStore/MODLAUNCHER]: Adding transformer net.minecraftforge.coremod.transformer.CoreModMethodTransformer@7cb29ea8 to Target : METHOD {Lcom/lothrazar/storagenetwork/gui/NetworkWidget;} {doesStackMatchSearch} {(Lnet/minecraft/world/item/ItemStack;)Z}
[228月2026 21:14:52.135] [main/DEBUG] [cpw.mods.modlauncher.TransformStore/MODLAUNCHER]: Adding transformer net.minecraftforge.coremod.transformer.CoreModMethodTransformer@b5c902 to Target : METHOD {Lcom/ma/guide/GuideBookEntries;} {lambda$null$1} {(Ljava/lang/String;Lcom/ma/guide/interfaces/IEntrySection;)Z}
[228月2026 21:14:52.135] [main/DEBUG] [cpw.mods.modlauncher.TransformStore/MODLAUNCHER]: Adding transformer net.minecraftforge.coremod.transformer.CoreModMethodTransformer@7e747037 to Target : METHOD {Lcom/mia/props/client/container/GuiDecobench;} {refreshButtons} {()V}
[228月2026 21:14:52.135] [main/DEBUG] [cpw.mods.modlauncher.TransformStore/MODLAUNCHER]: Adding transformer net.minecraftforge.coremod.transformer.CoreModMethodTransformer@4d0e1a9a to Target : METHOD {Lcom/minecolonies/core/client/gui/WindowHutAllInventory;} {lambda$updateResources$2} {(Lcom/minecolonies/api/crafting/ItemStorage;)Z}
[228月2026 21:14:52.135] [main/DEBUG] [cpw.mods.modlauncher.TransformStore/MODLAUNCHER]: Adding transformer net.minecraftforge.coremod.transformer.CoreModMethodTransformer@25218a4d to Target : METHOD {Lcom/minecolonies/coremod/client/gui/WindowHutAllInventory;} {lambda$updateResources$1} {(Lcom/minecolonies/api/crafting/ItemStorage;)Z}
[228月2026 21:14:52.136] [main/DEBUG] [cpw.mods.modlauncher.TransformStore/MODLAUNCHER]: Adding transformer net.minecraftforge.coremod.transformer.CoreModMethodTransformer@bf2aa32 to Target : METHOD {Lcom/mna/gui/block/GuiLodestarV2$CommandScrollList;} {lambda$setFilter$0} {(Lcom/mna/api/entities/construct/ai/ConstructTask;)Z}
[228月2026 21:14:52.136] [main/DEBUG] [cpw.mods.modlauncher.TransformStore/MODLAUNCHER]: Adding transformer net.minecraftforge.coremod.transformer.CoreModMethodTransformer@56da96b3 to Target : METHOD {Lcom/mna/gui/entity/GuiWanderingWizard$WanderingWizardOffersList;} {lambda$reInit$0} {(Ljava/lang/String;Lnet/minecraft/network/chat/Component;)Z}
[228月2026 21:14:52.136] [main/DEBUG] [cpw.mods.modlauncher.TransformStore/MODLAUNCHER]: Adding transformer net.minecraftforge.coremod.transformer.CoreModMethodTransformer@6b3d9c38 to Target : METHOD {Lcom/mna/gui/widgets/SpellPartList;} {bySearchTerm} {(Lcom/mna/api/spells/base/ISpellComponent;)Z}
[228月2026 21:14:52.136] [main/DEBUG] [cpw.mods.modlauncher.TransformStore/MODLAUNCHER]: Adding transformer net.minecraftforge.coremod.transformer.CoreModMethodTransformer@426710f0 to Target : METHOD {Lcom/mna/guide/GuideBookEntries;} {lambda$searchEntries$2} {(Ljava/lang/String;Lcom/mna/guide/interfaces/IEntrySection;)Z}
[228月2026 21:14:52.136] [main/DEBUG] [cpw.mods.modlauncher.TransformStore/MODLAUNCHER]: Adding transformer net.minecraftforge.coremod.transformer.CoreModMethodTransformer@5c5a91b4 to Target : METHOD {Lcom/mna/guide/GuideBookEntries;} {lambda$searchEntries$5} {(Lnet/minecraft/client/Minecraft;Ljava/lang/String;Ljava/util/HashMap;Lcom/mna/guide/RelatedRecipe;)V}
[228月2026 21:14:52.136] [main/DEBUG] [cpw.mods.modlauncher.TransformStore/MODLAUNCHER]: Adding transformer net.minecraftforge.coremod.transformer.CoreModMethodTransformer@5e37fb82 to Target : METHOD {Lcom/refinedmods/refinedstorage/screen/grid/filtering/ModGridFilter;} {test} {(Lcom/refinedmods/refinedstorage/screen/grid/stack/IGridStack;)Z}
[228月2026 21:14:52.136] [main/DEBUG] [cpw.mods.modlauncher.TransformStore/MODLAUNCHER]: Adding transformer net.minecraftforge.coremod.transformer.CoreModMethodTransformer@59ec7020 to Target : METHOD {Lcom/refinedmods/refinedstorage/screen/grid/filtering/NameGridFilter;} {test} {(Lcom/refinedmods/refinedstorage/screen/grid/stack/IGridStack;)Z}
[228月2026 21:14:52.136] [main/DEBUG] [cpw.mods.modlauncher.TransformStore/MODLAUNCHER]: Adding transformer net.minecraftforge.coremod.transformer.CoreModMethodTransformer@23f60b7d to Target : METHOD {Lcom/refinedmods/refinedstorage/screen/grid/filtering/TagGridFilter;} {lambda$test$0} {(Ljava/lang/String;)Z}
[228月2026 21:14:52.136] [main/DEBUG] [cpw.mods.modlauncher.TransformStore/MODLAUNCHER]: Adding transformer net.minecraftforge.coremod.transformer.CoreModMethodTransformer@2ba9f986 to Target : METHOD {Lcom/refinedmods/refinedstorage/screen/grid/filtering/TooltipGridFilter;} {test} {(Lcom/refinedmods/refinedstorage/screen/grid/stack/IGridStack;)Z}
[228月2026 21:14:52.136] [main/DEBUG] [cpw.mods.modlauncher.TransformStore/MODLAUNCHER]: Adding transformer net.minecraftforge.coremod.transformer.CoreModMethodTransformer@4aa3fc9a to Target : METHOD {Lcom/robertx22/age_of_exile/gui/screens/skill_tree/buttons/PerkButton;} {lambda$renderWidget$1} {(Ljava/lang/String;Lcom/robertx22/age_of_exile/database/OptScaleExactStat;)Z}
[228月2026 21:14:52.137] [main/DEBUG] [cpw.mods.modlauncher.TransformStore/MODLAUNCHER]: Adding transformer net.minecraftforge.coremod.transformer.CoreModMethodTransformer@70f4f89e to Target : METHOD {Lcom/robertx22/age_of_exile/gui/screens/skill_tree/buttons/PerkButton;} {lambda$renderWidget$2} {(Ljava/lang/String;Lcom/robertx22/age_of_exile/database/OptScaleExactStat;)Z}
[228月2026 21:14:52.137] [main/DEBUG] [cpw.mods.modlauncher.TransformStore/MODLAUNCHER]: Adding transformer net.minecraftforge.coremod.transformer.CoreModMethodTransformer@634aa81e to Target : METHOD {Lcom/robertx22/age_of_exile/gui/screens/stat_gui/StatScreen;} {lambda$init$9} {(Ljava/lang/String;Lcom/robertx22/age_of_exile/database/data/stats/Stat;)Z}
[228月2026 21:14:52.137] [main/DEBUG] [cpw.mods.modlauncher.TransformStore/MODLAUNCHER]: Adding transformer net.minecraftforge.coremod.transformer.CoreModMethodTransformer@74b1838 to Target : METHOD {Lcom/rwtema/extrautils2/transfernodes/TileIndexer$ContainerIndexer$WidgetItemRefButton;} {lambda$getRef$0} {([Ljava/lang/String;Lcom/rwtema/extrautils2/utils/datastructures/ItemRef;)Z}
[228月2026 21:14:52.137] [main/DEBUG] [cpw.mods.modlauncher.TransformStore/MODLAUNCHER]: Adding transformer net.minecraftforge.coremod.transformer.CoreModMethodTransformer@52d96367 to Target : METHOD {Lcom/simibubi/create/content/logistics/stockTicker/StockKeeperRequestScreen;} {lambda$refreshSearchResults$1} {(Ljava/lang/String;Lnet/minecraft/tags/TagKey;)Z}
[228月2026 21:14:52.137] [main/DEBUG] [cpw.mods.modlauncher.TransformStore/MODLAUNCHER]: Adding transformer net.minecraftforge.coremod.transformer.CoreModMethodTransformer@5be51aa to Target : METHOD {Lcom/simibubi/create/content/logistics/stockTicker/StockKeeperRequestScreen;} {refreshSearchResults} {(Z)V}
[228月2026 21:14:52.137] [main/DEBUG] [cpw.mods.modlauncher.TransformStore/MODLAUNCHER]: Adding transformer net.minecraftforge.coremod.transformer.CoreModMethodTransformer@3302035b to Target : METHOD {Lcom/spaceagle17/irissearch/engine/ShaderOptionsSearchEngine;} {computeMatchTier} {(Ljava/lang/String;Ljava/lang/String;)I}
[228月2026 21:14:52.137] [main/DEBUG] [cpw.mods.modlauncher.TransformStore/MODLAUNCHER]: Adding transformer net.minecraftforge.coremod.transformer.CoreModMethodTransformer@6c5747db to Target : METHOD {Lcom/spaceagle17/irissearch/engine/ShaderOptionsSearchEngine;} {matchesPrefixRange} {(Ljava/util/NavigableMap;Ljava/lang/String;Ljava/lang/String;)Z}
[228月2026 21:14:52.137] [main/DEBUG] [cpw.mods.modlauncher.TransformStore/MODLAUNCHER]: Adding transformer net.minecraftforge.coremod.transformer.CoreModMethodTransformer@750cd36d to Target : METHOD {Lcom/supermartijn642/rechiseled/screen/BaseChiselingContainerScreen;} {doesItemMatchSearch} {(Lnet/minecraft/world/item/Item;)Z}
[228月2026 21:14:52.138] [main/DEBUG] [cpw.mods.modlauncher.TransformStore/MODLAUNCHER]: Adding transformer net.minecraftforge.coremod.transformer.CoreModMethodTransformer@2c8ff67 to Target : METHOD {Lcom/uberhelixx/enchlibathome/client/screen/LibraryScreen;} {isAllowedBySearch} {(Lit/unimi/dsi/fastutil/objects/Object2IntMap$Entry;)Z}
[228月2026 21:14:52.138] [main/DEBUG] [cpw.mods.modlauncher.TransformStore/MODLAUNCHER]: Adding transformer net.minecraftforge.coremod.transformer.CoreModMethodTransformer@21733cbe to Target : METHOD {Lde/ellpeck/actuallyadditions/mod/booklet/entry/BookletEntry;} {fitsFilter} {(Lde/ellpeck/actuallyadditions/api/booklet/IBookletPage;Ljava/lang/String;)Z}
[228月2026 21:14:52.138] [main/DEBUG] [cpw.mods.modlauncher.TransformStore/MODLAUNCHER]: Adding transformer net.minecraftforge.coremod.transformer.CoreModMethodTransformer@77ccded4 to Target : METHOD {Lde/ellpeck/actuallyadditions/mod/booklet/entry/BookletEntry;} {getChaptersForDisplay} {(Ljava/lang/String;)Ljava/util/List;}
[228月2026 21:14:52.138] [main/DEBUG] [cpw.mods.modlauncher.TransformStore/MODLAUNCHER]: Adding transformer net.minecraftforge.coremod.transformer.CoreModMethodTransformer@64c8fcfb to Target : METHOD {Lde/ellpeck/prettypipes/terminal/containers/ItemTerminalGui;} {lambda$updateWidgets$8} {(Ljava/lang/String;Lorg/apache/commons/lang3/tuple/Pair;)Z}
[228月2026 21:14:52.138] [main/DEBUG] [cpw.mods.modlauncher.TransformStore/MODLAUNCHER]: Adding transformer net.minecraftforge.coremod.transformer.CoreModMethodTransformer@21be14c2 to Target : METHOD {Ldev/emi/emi/screen/widget/config/ConfigEntryWidget;} {isVisible} {()Z}
[228月2026 21:14:52.138] [main/DEBUG] [cpw.mods.modlauncher.TransformStore/MODLAUNCHER]: Adding transformer net.minecraftforge.coremod.transformer.CoreModMethodTransformer@19105a87 to Target : METHOD {Ldev/emi/emi/search/NameQuery;} {matches} {(Ldev/emi/emi/api/stack/EmiStack;)Z}
[228月2026 21:14:52.140] [main/DEBUG] [cpw.mods.modlauncher.TransformStore/MODLAUNCHER]: Adding transformer net.minecraftforge.coremod.transformer.CoreModMethodTransformer@83b0d0f to Target : METHOD {Ldev/emi/emi/search/NameQuery;} {matchesUnbaked} {(Ldev/emi/emi/api/stack/EmiStack;)Z}
[228月2026 21:14:52.140] [main/DEBUG] [cpw.mods.modlauncher.TransformStore/MODLAUNCHER]: Adding transformer net.minecraftforge.coremod.transformer.CoreModMethodTransformer@2bb717d7 to Target : METHOD {Ldev/emi/emi/search/RegexNameQuery;} {matches} {(Ldev/emi/emi/api/stack/EmiStack;)Z}
[228月2026 21:14:52.140] [main/DEBUG] [cpw.mods.modlauncher.TransformStore/MODLAUNCHER]: Adding transformer net.minecraftforge.coremod.transformer.CoreModMethodTransformer@7afe0e67 to Target : METHOD {Ldev/emi/emi/search/RegexTooltipQuery;} {matches} {(Ldev/emi/emi/api/stack/EmiStack;)Z}
[228月2026 21:14:52.140] [main/DEBUG] [cpw.mods.modlauncher.TransformStore/MODLAUNCHER]: Adding transformer net.minecraftforge.coremod.transformer.CoreModMethodTransformer@6121a7dd to Target : METHOD {Ldev/emi/emi/search/TooltipQuery;} {matches} {(Ldev/emi/emi/api/stack/EmiStack;)Z}
[228月2026 21:14:52.140] [main/DEBUG] [cpw.mods.modlauncher.TransformStore/MODLAUNCHER]: Adding transformer net.minecraftforge.coremod.transformer.CoreModMethodTransformer@31228d83 to Target : METHOD {Ldev/emi/emi/search/TooltipQuery;} {matchesUnbaked} {(Ldev/emi/emi/api/stack/EmiStack;)Z}
[228月2026 21:14:52.140] [main/DEBUG] [cpw.mods.modlauncher.TransformStore/MODLAUNCHER]: Adding transformer net.minecraftforge.coremod.transformer.CoreModMethodTransformer@22b82ddf to Target : METHOD {Ldev/ftb/extendedexchange/client/gui;} {updateValidItemList} {()V}
[228月2026 21:14:52.140] [main/DEBUG] [cpw.mods.modlauncher.TransformStore/MODLAUNCHER]: Adding transformer net.minecraftforge.coremod.transformer.CoreModMethodTransformer@28bf82d9 to Target : METHOD {Ldev/ftb/mods/ftblibrary/config/ui/SelectFluidScreen$FluidStackButton;} {shouldAdd} {(Ljava/lang/String;)Z}
[228月2026 21:14:52.140] [main/DEBUG] [cpw.mods.modlauncher.TransformStore/MODLAUNCHER]: Adding transformer net.minecraftforge.coremod.transformer.CoreModMethodTransformer@44ccd75c to Target : METHOD {Ldev/ftb/mods/ftblibrary/config/ui/SelectImageResourceScreen$ImageButton;} {shouldAdd} {(Ljava/lang/String;)Z}
[228月2026 21:14:52.140] [main/DEBUG] [cpw.mods.modlauncher.TransformStore/MODLAUNCHER]: Adding transformer net.minecraftforge.coremod.transformer.CoreModMethodTransformer@61a704d3 to Target : METHOD {Ldev/ftb/mods/ftblibrary/config/ui/SelectItemStackScreen$ItemStackButton;} {shouldAdd} {(Ljava/lang/String;)Z}
[228月2026 21:14:52.140] [main/DEBUG] [cpw.mods.modlauncher.TransformStore/MODLAUNCHER]: Adding transformer net.minecraftforge.coremod.transformer.CoreModMethodTransformer@2120bed to Target : METHOD {Ldev/ftb/mods/ftblibrary/ui/misc/AbstractButtonListScreen$ButtonPanel;} {add} {(Ldev/ftb/mods/ftblibrary/ui/Widget;)V}
[228月2026 21:14:52.141] [main/DEBUG] [cpw.mods.modlauncher.TransformStore/MODLAUNCHER]: Adding transformer net.minecraftforge.coremod.transformer.CoreModMethodTransformer@566fe83c to Target : METHOD {Ldev/ftb/mods/ftblibrary/ui/misc/ButtonListBaseScreen$1;} {add} {(Ldev/ftb/mods/ftblibrary/ui/Widget;)V}
[228月2026 21:14:52.141] [main/DEBUG] [cpw.mods.modlauncher.TransformStore/MODLAUNCHER]: Adding transformer net.minecraftforge.coremod.transformer.CoreModMethodTransformer@743bb39a to Target : METHOD {Ldev/ftb/mods/ftblibrary/ui/misc/ButtonListBaseScreen$ButtonPanel;} {add} {(Ldev/ftb/mods/ftblibrary/ui/Widget;)V}
[228月2026 21:14:52.141] [main/DEBUG] [cpw.mods.modlauncher.TransformStore/MODLAUNCHER]: Adding transformer net.minecraftforge.coremod.transformer.CoreModMethodTransformer@2de3b052 to Target : METHOD {Ldev/isxander/yacl3/gui/controllers/ControllerWidget;} {matchesSearch} {(Ljava/lang/String;)Z}
[228月2026 21:14:52.141] [main/DEBUG] [cpw.mods.modlauncher.TransformStore/MODLAUNCHER]: Adding transformer net.minecraftforge.coremod.transformer.CoreModMethodTransformer@3f3c8b60 to Target : METHOD {Ldev/isxander/yacl3/gui/controllers/LabelController$LabelControllerElement;} {matchesSearch} {(Ljava/lang/String;)Z}
[228月2026 21:14:52.141] [main/DEBUG] [cpw.mods.modlauncher.TransformStore/MODLAUNCHER]: Adding transformer net.minecraftforge.coremod.transformer.CoreModMethodTransformer@16bbaab3 to Target : METHOD {Ldev/isxander/yacl3/gui/controllers/ListEntryWidget;} {matchesSearch} {(Ljava/lang/String;)Z}
[228月2026 21:14:52.141] [main/DEBUG] [cpw.mods.modlauncher.TransformStore/MODLAUNCHER]: Adding transformer net.minecraftforge.coremod.transformer.CoreModMethodTransformer@3f357c9d to Target : METHOD {Ldev/shadowsoffire/apotheosis/ench/library/EnchLibraryScreen;} {isAllowedBySearch} {(Lit/unimi/dsi/fastutil/objects/Object2IntMap$Entry;)Z}
[228月2026 21:14:52.141] [main/DEBUG] [cpw.mods.modlauncher.TransformStore/MODLAUNCHER]: Adding transformer net.minecraftforge.coremod.transformer.CoreModMethodTransformer@fe42a09 to Target : METHOD {Learth/terrarium/chipped/common/menus/WorkbenchMenu;} {lambda$updateResults$0} {(Ljava/lang/String;Lnet/minecraft/world/item/ItemStack;)V}
[228月2026 21:14:52.141] [main/DEBUG] [cpw.mods.modlauncher.TransformStore/MODLAUNCHER]: Adding transformer net.minecraftforge.coremod.transformer.CoreModMethodTransformer@5458c71e to Target : METHOD {Lfi/dy/masa/malilib/gui/widgets/WidgetListBase;} {matchesFilter} {(Ljava/lang/String;Ljava/lang/String;)Z}
[228月2026 21:14:52.141] [main/DEBUG] [cpw.mods.modlauncher.TransformStore/MODLAUNCHER]: Adding transformer net.minecraftforge.coremod.transformer.CoreModMethodTransformer@1ffd0114 to Target : METHOD {Lhellfirepvp/astralsorcery/client/screen/journal/ScreenJournalPerkTree;} {updateSearchHighlight} {()V}
[228月2026 21:14:52.141] [main/DEBUG] [cpw.mods.modlauncher.TransformStore/MODLAUNCHER]: Adding transformer net.minecraftforge.coremod.transformer.CoreModMethodTransformer@b3857e2 to Target : METHOD {Lhellfirepvp/astralsorcery/client/screen/journal/ScreenJournalProgression;} {onSearchTextInput} {()V}
[228月2026 21:14:52.142] [main/DEBUG] [cpw.mods.modlauncher.TransformStore/MODLAUNCHER]: Adding transformer net.minecraftforge.coremod.transformer.CoreModMethodTransformer@25a290ee to Target : METHOD {Llogisticspipes/gui/orderer/GuiOrderer;} {isSearched} {(Ljava/lang/String;Ljava/lang/String;)Z}
[228月2026 21:14:52.142] [main/DEBUG] [cpw.mods.modlauncher.TransformStore/MODLAUNCHER]: Adding transformer net.minecraftforge.coremod.transformer.CoreModMethodTransformer@37d0d373 to Target : METHOD {Llogisticspipes/gui/orderer/GuiRequestTable;} {isSearched} {(Ljava/lang/String;Ljava/lang/String;)Z}
[228月2026 21:14:52.142] [main/DEBUG] [cpw.mods.modlauncher.TransformStore/MODLAUNCHER]: Adding transformer net.minecraftforge.coremod.transformer.CoreModMethodTransformer@4052913c to Target : METHOD {Lmcjty/rftools/items/netmonitor/GuiNetworkMonitor;} {populateList} {()V}
[228月2026 21:14:52.142] [main/DEBUG] [cpw.mods.modlauncher.TransformStore/MODLAUNCHER]: Adding transformer net.minecraftforge.coremod.transformer.CoreModMethodTransformer@99c4993 to Target : METHOD {Lmcjty/rftoolsstorage/modules/modularstorage/client/GuiModularStorage;} {lambda$updateList$6} {(Ljava/lang/String;Ljava/util/List;Ljava/util/concurrent/atomic/AtomicInteger;Lnet/minecraftforge/items/IItemHandler;)V}
[228月2026 21:14:52.142] [main/DEBUG] [cpw.mods.modlauncher.TransformStore/MODLAUNCHER]: Adding transformer net.minecraftforge.coremod.transformer.CoreModMethodTransformer@38089dae to Target : METHOD {Lmcjty/rftoolsstorage/modules/scanner/blocks/StorageScannerTileEntity;} {lambda$makeSearchPredicate$29} {(Ljava/lang/String;Lnet/minecraft/world/item/ItemStack;)Z}
[228月2026 21:14:52.142] [main/DEBUG] [cpw.mods.modlauncher.TransformStore/MODLAUNCHER]: Adding transformer net.minecraftforge.coremod.transformer.CoreModMethodTransformer@9729a97 to Target : METHOD {Lmcjty/rftoolsstorage/modules/scanner/blocks/StorageScannerTileEntity;} {lambda$makeSearchPredicate$30} {(Ljava/lang/String;Lnet/minecraft/world/item/ItemStack;)Z}
[228月2026 21:14:52.142] [main/DEBUG] [cpw.mods.modlauncher.TransformStore/MODLAUNCHER]: Adding transformer net.minecraftforge.coremod.transformer.CoreModMethodTransformer@5dfd31f4 to Target : METHOD {Lme/codexadrian/tempad/client/gui/ConsolidatedScreen;} {lambda$init$4} {(Ljava/lang/String;Lme/codexadrian/tempad/common/data/LocationData;)Z}
[228月2026 21:14:52.142] [main/DEBUG] [cpw.mods.modlauncher.TransformStore/MODLAUNCHER]: Adding transformer net.minecraftforge.coremod.transformer.CoreModMethodTransformer@36463b09 to Target : METHOD {Lme/desht/pneumaticcraft/api/crafting/recipe/AmadronRecipe;} {passesQuery} {(Ljava/lang/String;)Z}
[228月2026 21:14:52.142] [main/DEBUG] [cpw.mods.modlauncher.TransformStore/MODLAUNCHER]: Adding transformer net.minecraftforge.coremod.transformer.CoreModMethodTransformer@4adf3582 to Target : METHOD {Lme/desht/pneumaticcraft/client/gui/ItemSearcherScreen$SearchEntry;} {test} {(Ljava/lang/String;)Z}
[228月2026 21:14:52.142] [main/DEBUG] [cpw.mods.modlauncher.TransformStore/MODLAUNCHER]: Adding transformer net.minecraftforge.coremod.transformer.CoreModMethodTransformer@57e4b86c to Target : METHOD {Lme/shedaniel/clothconfig2/forge/gui/entries/DropdownBoxEntry$DefaultDropdownMenuElement;} {search} {()V}
[228月2026 21:14:52.142] [main/DEBUG] [cpw.mods.modlauncher.TransformStore/MODLAUNCHER]: Adding transformer net.minecraftforge.coremod.transformer.CoreModMethodTransformer@632241f5 to Target : METHOD {Lme/shedaniel/clothconfig2/gui/entries/DropdownBoxEntry$DefaultDropdownMenuElement;} {search} {()V}
[228月2026 21:14:52.142] [main/DEBUG] [cpw.mods.modlauncher.TransformStore/MODLAUNCHER]: Adding transformer net.minecraftforge.coremod.transformer.CoreModMethodTransformer@64bba0eb to Target : METHOD {Lme/shedaniel/clothconfig2/gui/widget/SearchFieldEntry;} {matchesSearch} {(Ljava/util/Iterator;)Z}
[228月2026 21:14:52.143] [main/DEBUG] [cpw.mods.modlauncher.TransformStore/MODLAUNCHER]: Adding transformer net.minecraftforge.coremod.transformer.CoreModMethodTransformer@577bfadb to Target : METHOD {Lme/shedaniel/rei/impl/client/search/method/DefaultInputMethod;} {contains} {(Ljava/lang/String;Ljava/lang/String;)Z}
[228月2026 21:14:52.143] [main/DEBUG] [cpw.mods.modlauncher.TransformStore/MODLAUNCHER]: Adding transformer net.minecraftforge.coremod.transformer.CoreModMethodTransformer@25ae1f80 to Target : METHOD {Lmekanism/common/content/qio/SearchQueryParser$QueryType;} {lambda$static$0} {(Ljava/lang/String;Lnet/minecraft/world/item/ItemStack;)Z}
[228月2026 21:14:52.143] [main/DEBUG] [cpw.mods.modlauncher.TransformStore/MODLAUNCHER]: Adding transformer net.minecraftforge.coremod.transformer.CoreModMethodTransformer@54f2df29 to Target : METHOD {Lmekanism/common/content/qio/SearchQueryParser$QueryType;} {lambda$static$1} {(Ljava/lang/String;Lnet/minecraft/world/item/ItemStack;)Z}
[228月2026 21:14:52.143] [main/DEBUG] [cpw.mods.modlauncher.TransformStore/MODLAUNCHER]: Adding transformer net.minecraftforge.coremod.transformer.CoreModMethodTransformer@6df791a4 to Target : METHOD {Lmekanism/common/content/qio/SearchQueryParser$QueryType;} {lambda$static$3} {(Ljava/lang/String;Ljava/lang/String;)Z}
[228月2026 21:14:52.143] [main/DEBUG] [cpw.mods.modlauncher.TransformStore/MODLAUNCHER]: Adding transformer net.minecraftforge.coremod.transformer.CoreModMethodTransformer@655203e3 to Target : METHOD {Lmekanism/common/content/qio/SearchQueryParser$QueryType;} {lambda$static$5} {(Ljava/lang/String;Ljava/lang/String;)Z}
[228月2026 21:14:52.143] [main/DEBUG] [cpw.mods.modlauncher.TransformStore/MODLAUNCHER]: Adding transformer net.minecraftforge.coremod.transformer.CoreModMethodTransformer@305552d6 to Target : METHOD {Lmezz/jei/common/search/ElementSearchLowMem;} {matches} {(Ljava/lang/String;Lmezz/jei/core/search/PrefixInfo;Lmezz/jei/common/ingredients/IListElementInfo;)Z}
[228月2026 21:14:52.143] [main/DEBUG] [cpw.mods.modlauncher.TransformStore/MODLAUNCHER]: Adding transformer net.minecraftforge.coremod.transformer.CoreModMethodTransformer@729cd862 to Target : METHOD {Lmezz/jei/gui/search/ElementSearchLowMem;} {matches} {(Ljava/lang/String;Lmezz/jei/core/search/PrefixInfo;Lmezz/jei/gui/ingredients/IListElementInfo;)Z}
[228月2026 21:14:52.143] [main/DEBUG] [cpw.mods.modlauncher.TransformStore/MODLAUNCHER]: Adding transformer net.minecraftforge.coremod.transformer.CoreModMethodTransformer@23b71d24 to Target : METHOD {Lmezz/jei/search/ElementSearchLowMem;} {matches} {(Ljava/lang/String;Lmezz/jei/core/search/PrefixInfo;Lmezz/jei/ingredients/IListElementInfo;)Z}
[228月2026 21:14:52.144] [main/DEBUG] [cpw.mods.modlauncher.TransformStore/MODLAUNCHER]: Adding transformer net.minecraftforge.coremod.transformer.CoreModMethodTransformer@568f4faa to Target : METHOD {Lml/pkom/itemalchemy/gui/screen/AlchemyTableScreenHandler;} {sortBySearch} {()V}
[228月2026 21:14:52.144] [main/DEBUG] [cpw.mods.modlauncher.TransformStore/MODLAUNCHER]: Adding transformer net.minecraftforge.coremod.transformer.CoreModMethodTransformer@4c56644f to Target : METHOD {Lmoze_intel/projecte/gameObjs/container/inventory/TransmutationInventory;} {doesItemMatchFilter} {(Lmoze_intel/projecte/api/ItemInfo;)Z}
[228月2026 21:14:52.144] [main/DEBUG] [cpw.mods.modlauncher.TransformStore/MODLAUNCHER]: Adding transformer net.minecraftforge.coremod.transformer.CoreModMethodTransformer@589dfa6f to Target : METHOD {Lnet/blay09/mods/cookingforblockheads/container/RecipeBookContainer;} {search} {(Ljava/lang/String;)V}
[228月2026 21:14:52.144] [main/DEBUG] [cpw.mods.modlauncher.TransformStore/MODLAUNCHER]: Adding transformer net.minecraftforge.coremod.transformer.CoreModMethodTransformer@43588265 to Target : METHOD {Lnet/blay09/mods/cookingforblockheads/menu/RecipeBookMenu;} {search} {(Ljava/lang/String;)V}
[228月2026 21:14:52.144] [main/DEBUG] [cpw.mods.modlauncher.TransformStore/MODLAUNCHER]: Adding transformer net.minecraftforge.coremod.transformer.CoreModMethodTransformer@6f8667bb to Target : METHOD {Lnet/blay09/mods/farmingforblockheads/container/MarketClientContainer;} {applyFilters} {()V}
[228月2026 21:14:52.144] [main/DEBUG] [cpw.mods.modlauncher.TransformStore/MODLAUNCHER]: Adding transformer net.minecraftforge.coremod.transformer.CoreModMethodTransformer@100d0218 to Target : METHOD {Lnet/blay09/mods/farmingforblockheads/menu/MarketClientMenu;} {applyFilters} {()V}
[228月2026 21:14:52.144] [main/DEBUG] [cpw.mods.modlauncher.TransformStore/MODLAUNCHER]: Adding transformer net.minecraftforge.coremod.transformer.CoreModMethodTransformer@2774dcf4 to Target : METHOD {Lnet/blay09/mods/waystones/client/gui/screen/WaystoneSelectionScreenBase;} {lambda$updateList$3} {(Lnet/blay09/mods/waystones/api/IWaystone;)Z}
[228月2026 21:14:52.144] [main/DEBUG] [cpw.mods.modlauncher.TransformStore/MODLAUNCHER]: Adding transformer net.minecraftforge.coremod.transformer.CoreModMethodTransformer@20b829d5 to Target : METHOD {Lnet/fayebeard/bookffamiliars/GUI/FamiliarBookScreen;} {updateDropdown} {()V}
[228月2026 21:14:52.144] [main/DEBUG] [cpw.mods.modlauncher.TransformStore/MODLAUNCHER]: Adding transformer net.minecraftforge.coremod.transformer.CoreModMethodTransformer@7c5f29c6 to Target : METHOD {Lnet/mehvahdjukaar/sawmill/FilterableRecipe;} {matchFilter} {(Ljava/lang/String;)Z}
[228月2026 21:14:52.144] [main/DEBUG] [cpw.mods.modlauncher.TransformStore/MODLAUNCHER]: Adding transformer net.minecraftforge.coremod.transformer.CoreModMethodTransformer@4baf997 to Target : METHOD {Lnet/p3pp3rf1y/sophisticatedcore/client/gui/StorageScreenBase;} {lambda$new$1} {(Lnet/minecraft/world/item/ItemStack;)Z}
[228月2026 21:14:52.144] [main/DEBUG] [cpw.mods.modlauncher.TransformStore/MODLAUNCHER]: Adding transformer net.minecraftforge.coremod.transformer.CoreModMethodTransformer@5280688 to Target : METHOD {Lnet/p3pp3rf1y/sophisticatedcore/client/gui/StorageScreenBase;} {lambda$updateSearchFilter$4} {(Ljava/lang/String;Lnet/minecraft/world/item/ItemStack;)Z}
[228月2026 21:14:52.144] [main/DEBUG] [cpw.mods.modlauncher.TransformStore/MODLAUNCHER]: Adding transformer net.minecraftforge.coremod.transformer.CoreModMethodTransformer@643f6179 to Target : METHOD {Lnet/p3pp3rf1y/sophisticatedcore/client/gui/StorageScreenBase;} {lambda$updateSearchFilter$5} {(Ljava/lang/String;Lnet/minecraft/network/chat/Component;)Z}
[228月2026 21:14:52.144] [main/DEBUG] [cpw.mods.modlauncher.TransformStore/MODLAUNCHER]: Adding transformer net.minecraftforge.coremod.transformer.CoreModMethodTransformer@61ab6521 to Target : METHOD {Lnet/p3pp3rf1y/sophisticatedcore/client/gui/StorageScreenBase;} {lambda$updateSearchFilter$7} {(Ljava/lang/String;Lnet/minecraft/world/item/ItemStack;)Z}
[228月2026 21:14:52.144] [main/DEBUG] [cpw.mods.modlauncher.TransformStore/MODLAUNCHER]: Adding transformer net.minecraftforge.coremod.transformer.CoreModMethodTransformer@328e4ec2 to Target : METHOD {Lorg/cyclops/integrateddynamics/core/client/gui/WidgetTextFieldDropdown;} {refreshDropdownList} {()V}
[228月2026 21:14:52.145] [main/DEBUG] [cpw.mods.modlauncher.TransformStore/MODLAUNCHER]: Adding transformer net.minecraftforge.coremod.transformer.CoreModMethodTransformer@7757025d to Target : METHOD {Lpro/mikey/xray/gui/GuiSelectionScreen;} {lambda$updateSearch$8} {(Lpro/mikey/xray/utils/BlockData;)Z}
[228月2026 21:14:52.145] [main/DEBUG] [cpw.mods.modlauncher.TransformStore/MODLAUNCHER]: Adding transformer net.minecraftforge.coremod.transformer.CoreModMethodTransformer@68fc9167 to Target : METHOD {Lred/jackf/chesttracker/impl/util/ItemStacks;} {namePredicate} {(Lnet/minecraft/class_1799;Ljava/lang/String;)Z}
[228月2026 21:14:52.145] [main/DEBUG] [cpw.mods.modlauncher.TransformStore/MODLAUNCHER]: Adding transformer net.minecraftforge.coremod.transformer.CoreModMethodTransformer@52c46334 to Target : METHOD {Lred/jackf/chesttracker/impl/util/ItemStacks;} {tooltipPredicate} {(Lnet/minecraft/class_1799;Ljava/lang/String;)Z}
[228月2026 21:14:52.145] [main/DEBUG] [cpw.mods.modlauncher.TransformStore/MODLAUNCHER]: Adding transformer net.minecraftforge.coremod.transformer.CoreModMethodTransformer@12fccff0 to Target : METHOD {Lru/zznty/create_factory_abstractions/api/generic/search/GenericSearch;} {lambda$search$1} {(Ljava/lang/String;Lnet/minecraft/tags/TagKey;)Z}
[228月2026 21:14:52.145] [main/DEBUG] [cpw.mods.modlauncher.TransformStore/MODLAUNCHER]: Adding transformer net.minecraftforge.coremod.transformer.CoreModMethodTransformer@5d767218 to Target : METHOD {Lru/zznty/create_factory_abstractions/api/generic/search/GenericSearch;} {search} {(Lru/zznty/create_factory_abstractions/api/generic/search/CategoriesProvider;Ljava/lang/String;II)Lru/zznty/create_factory_abstractions/api/generic/search/GenericSearch$SearchResult;}
[228月2026 21:14:52.145] [main/DEBUG] [cpw.mods.modlauncher.TransformStore/MODLAUNCHER]: Adding transformer net.minecraftforge.coremod.transformer.CoreModMethodTransformer@510da778 to Target : METHOD {Lshadows/apotheosis/ench/library/EnchLibraryScreen;} {isAllowedBySearch} {(Lit/unimi/dsi/fastutil/objects/Object2IntMap$Entry;)Z}
[228月2026 21:14:52.145] [main/DEBUG] [cpw.mods.modlauncher.TransformStore/MODLAUNCHER]: Adding transformer net.minecraftforge.coremod.transformer.CoreModMethodTransformer@20a1b3ae to Target : METHOD {Lsnownee/jade/gui/config/OptionsList;} {updateSearch} {(Ljava/lang/String;)V}
[228月2026 21:14:52.145] [main/DEBUG] [cpw.mods.modlauncher.TransformStore/MODLAUNCHER]: Adding transformer net.minecraftforge.coremod.transformer.CoreModMethodTransformer@54567b05 to Target : METHOD {Lsonar/logistics/core/items/guide/GuiGuide;} {updateSearchList} {()V}
[228月2026 21:14:52.145] [main/DEBUG] [cpw.mods.modlauncher.TransformStore/MODLAUNCHER]: Adding transformer net.minecraftforge.coremod.transformer.CoreModMethodTransformer@3a5e2525 to Target : METHOD {Lsonar/logistics/core/items/wirelessstoragereader/GuiWirelessStorageReader;} {getGridList} {()Ljava/util/List;}
[228月2026 21:14:52.145] [main/DEBUG] [cpw.mods.modlauncher.TransformStore/MODLAUNCHER]: Adding transformer net.minecraftforge.coremod.transformer.CoreModMethodTransformer@6546371 to Target : METHOD {Lsonar/logistics/core/tiles/readers/fluids/GuiFluidReader;} {getGridList} {()Ljava/util/List;}
[228月2026 21:14:52.145] [main/DEBUG] [cpw.mods.modlauncher.TransformStore/MODLAUNCHER]: Adding transformer net.minecraftforge.coremod.transformer.CoreModMethodTransformer@2b458cd6 to Target : METHOD {Lsonar/logistics/core/tiles/readers/items/GuiInventoryReader;} {getGridList} {()Ljava/util/List;}
[228月2026 21:14:52.145] [main/DEBUG] [cpw.mods.modlauncher.TransformStore/MODLAUNCHER]: Adding transformer net.minecraftforge.coremod.transformer.CoreModMethodTransformer@4c2c44e8 to Target : METHOD {Lvazkii/botania/api/corporea/CorporeaRequestDefaultMatchers$CorporeaStringMatcher;} {equalOrContain} {(Ljava/lang/String;)Z}
[228月2026 21:14:52.145] [main/DEBUG] [cpw.mods.modlauncher.TransformStore/MODLAUNCHER]: Adding transformer net.minecraftforge.coremod.transformer.CoreModMethodTransformer@7103745 to Target : METHOD {Lvazkii/patchouli/client/book/BookEntry;} {isFoundByQuery} {(Ljava/lang/String;)Z}
[228月2026 21:14:52.145] [main/DEBUG] [cpw.mods.modlauncher.TransformStore/MODLAUNCHER]: Adding transformer net.minecraftforge.coremod.transformer.CoreModMethodTransformer@227a933d to Target : METHOD {Lcom/hollingsworth/arsnouveau/client/container/AbstractStorageTerminalScreen;} {updateSearch} {()V}
[228月2026 21:14:52.145] [main/DEBUG] [cpw.mods.modlauncher.TransformStore/MODLAUNCHER]: Adding transformer net.minecraftforge.coremod.transformer.CoreModMethodTransformer@25de8898 to Target : METHOD {Lcom/spaceagle17/irissearch/engine/ShaderOptionsSearchEngine;} {computeMatchTier} {(Ljava/lang/String;Ljava/lang/String;)I}
[228月2026 21:14:52.145] [main/DEBUG] [cpw.mods.modlauncher.TransformStore/MODLAUNCHER]: Adding transformer net.minecraftforge.coremod.transformer.CoreModMethodTransformer@bfb93cf to Target : METHOD {Lcom/spaceagle17/irissearch/engine/ShaderPackSearchEngine;} {computeMatchTier} {(Ljava/lang/String;Ljava/lang/String;)I}
[228月2026 21:14:52.145] [main/DEBUG] [cpw.mods.modlauncher.TransformStore/MODLAUNCHER]: Adding transformer net.minecraftforge.coremod.transformer.CoreModMethodTransformer@dd737ea to Target : METHOD {Lme/shedaniel/clothconfig2/gui/entries/TextFieldListEntry;} {isMatchDefault} {(Ljava/lang/String;)Z}
[228月2026 21:14:52.145] [main/DEBUG] [cpw.mods.modlauncher.TransformStore/MODLAUNCHER]: Adding transformer net.minecraftforge.coremod.transformer.CoreModMethodTransformer@7bc2ae16 to Target : METHOD {Lorg/cyclops/integrateddynamics/core/client/gui/WidgetTextFieldDropdown;} {lambda$refreshDropdownList$0} {(Lorg/cyclops/integrateddynamics/core/client/gui/IDropdownEntry;)Z}
[228月2026 21:14:52.145] [main/DEBUG] [cpw.mods.modlauncher.TransformStore/MODLAUNCHER]: Adding transformer net.minecraftforge.coremod.transformer.CoreModMethodTransformer@2a0963be to Target : METHOD {Lvazkii/botania/api/corporea/CorporeaRequestDefaultMatchers$CorporeaStringMatcher;} {equalOrContain} {(Ljava/lang/String;)Z}
[228月2026 21:14:52.146] [main/DEBUG] [cpw.mods.modlauncher.TransformStore/MODLAUNCHER]: Adding transformer net.minecraftforge.coremod.transformer.CoreModMethodTransformer@7d3bf8db to Target : METHOD {Ldev/emi/emi/search/EmiSearch;} {bake} {()V}
[228月2026 21:14:52.146] [main/DEBUG] [cpw.mods.modlauncher.TransformStore/MODLAUNCHER]: Adding transformer net.minecraftforge.coremod.transformer.CoreModMethodTransformer@49e7e8f1 to Target : METHOD {Lme/fzzyhmstrs/fzzy_config/util/Searcher;} {searchDesc_delegate$lambda$3} {(Lme/fzzyhmstrs/fzzy_config/util/Searcher;)Lnet/minecraft/client/searchtree/SuffixArray;}
[228月2026 21:14:52.146] [main/DEBUG] [cpw.mods.modlauncher.TransformStore/MODLAUNCHER]: Adding transformer net.minecraftforge.coremod.transformer.CoreModMethodTransformer@27bb4dc5 to Target : METHOD {Lme/fzzyhmstrs/fzzy_config/util/Searcher;} {search_delegate$lambda$0} {(Lme/fzzyhmstrs/fzzy_config/util/Searcher;)Lnet/minecraft/client/searchtree/SuffixArray;}
[228月2026 21:14:52.146] [main/DEBUG] [cpw.mods.modlauncher.TransformStore/MODLAUNCHER]: Adding transformer net.minecraftforge.coremod.transformer.CoreModMethodTransformer@464ede1f to Target : METHOD {Lnet/minecraft/client/searchtree/PlainTextSearchTree;} {m_235197_} {(Ljava/util/List;Ljava/util/function/Function;)Lnet/minecraft/client/searchtree/PlainTextSearchTree;}
[228月2026 21:14:52.146] [main/DEBUG] [cpw.mods.modlauncher.TransformStore/MODLAUNCHER]: Adding transformer net.minecraftforge.coremod.transformer.CoreModMethodTransformer@64910b2d to Target : METHOD {Lnet/minecraft/client/searchtree/ResourceLocationSearchTree;} {m_235212_} {(Ljava/util/List;Ljava/util/function/Function;)Lnet/minecraft/client/searchtree/ResourceLocationSearchTree;}
[228月2026 21:14:52.146] [main/DEBUG] [cpw.mods.modlauncher.TransformStore/MODLAUNCHER]: Adding transformer net.minecraftforge.coremod.transformer.CoreModMethodTransformer@1247c72e to Target : METHOD {Lappeng/client/gui/me/fluids/FluidRepo;} {matchesSearch} {(Lappeng/client/gui/me/common/Repo$SearchMode;Ljava/util/regex/Pattern;Lappeng/api/storage/data/IAEFluidStack;)Z}
[228月2026 21:14:52.147] [main/DEBUG] [cpw.mods.modlauncher.TransformStore/MODLAUNCHER]: Adding transformer net.minecraftforge.coremod.transformer.CoreModMethodTransformer@6fef75c6 to Target : METHOD {Lappeng/client/gui/me/items/ItemRepo;} {matchesSearch} {(Lappeng/client/gui/me/common/Repo$SearchMode;Ljava/util/regex/Pattern;Lappeng/api/storage/data/IAEItemStack;)Z}
[228月2026 21:14:52.147] [main/DEBUG] [cpw.mods.modlauncher.TransformStore/MODLAUNCHER]: Adding transformer net.minecraftforge.coremod.transformer.CoreModMethodTransformer@5f61e002 to Target : METHOD {Lappeng/client/gui/me/search/SearchPredicates;} {lambda$createNamePredicate$2} {(Ljava/util/regex/Pattern;Lappeng/menu/me/common/GridInventoryEntry;)Z}
[228月2026 21:14:52.147] [main/DEBUG] [cpw.mods.modlauncher.TransformStore/MODLAUNCHER]: Adding transformer net.minecraftforge.coremod.transformer.CoreModMethodTransformer@334540a0 to Target : METHOD {Lappeng/client/gui/me/search/SearchPredicates;} {lambda$createNamePredicate$3} {(Ljava/util/regex/Pattern;Lappeng/menu/me/common/GridInventoryEntry;)Z}
[228月2026 21:14:52.147] [main/DEBUG] [cpw.mods.modlauncher.TransformStore/MODLAUNCHER]: Adding transformer net.minecraftforge.coremod.transformer.CoreModMethodTransformer@1f179f51 to Target : METHOD {Lappeng/client/gui/me/search/SearchPredicates;} {lambda$createTooltipPredicate$3} {(Lappeng/client/gui/me/search/RepoSearch;Ljava/util/regex/Pattern;Lappeng/menu/me/common/GridInventoryEntry;)Z}
[228月2026 21:14:52.147] [main/DEBUG] [cpw.mods.modlauncher.TransformStore/MODLAUNCHER]: Adding transformer net.minecraftforge.coremod.transformer.CoreModMethodTransformer@b428830 to Target : METHOD {Lappeng/client/gui/me/search/SearchPredicates;} {lambda$createTooltipPredicate$4} {(Lappeng/client/gui/me/search/RepoSearch;Ljava/util/regex/Pattern;Lappeng/menu/me/common/GridInventoryEntry;)Z}
[228月2026 21:14:52.147] [main/DEBUG] [cpw.mods.modlauncher.TransformStore/MODLAUNCHER]: Adding transformer net.minecraftforge.coremod.transformer.CoreModMethodTransformer@5b7308aa to Target : METHOD {Lcom/hollingsworth/arsnouveau/client/container/AbstractStorageTerminalScreen;} {updateSearch} {()V}
[228月2026 21:14:52.147] [main/DEBUG] [cpw.mods.modlauncher.TransformStore/MODLAUNCHER]: Adding transformer net.minecraftforge.coremod.transformer.CoreModMethodTransformer@42aa1324 to Target : METHOD {Lcom/spaceagle17/irissearch/engine/ShaderOptionsSearchEngine;} {computeMatchTier} {(Ljava/lang/String;Ljava/lang/String;)I}
[228月2026 21:14:52.147] [main/DEBUG] [cpw.mods.modlauncher.TransformStore/MODLAUNCHER]: Adding transformer net.minecraftforge.coremod.transformer.CoreModMethodTransformer@6164e137 to Target : METHOD {Lcom/spaceagle17/irissearch/engine/ShaderOptionsSearchEngine;} {matchesPrefixRange} {(Ljava/util/NavigableMap;Ljava/lang/String;Ljava/lang/String;)Z}
[228月2026 21:14:52.147] [main/DEBUG] [cpw.mods.modlauncher.TransformStore/MODLAUNCHER]: Adding transformer net.minecraftforge.coremod.transformer.CoreModMethodTransformer@7ef8e623 to Target : METHOD {Lcom/tom/storagemod/gui/AbstractStorageTerminalScreen;} {updateSearch} {()V}
[228月2026 21:14:52.147] [main/DEBUG] [cpw.mods.modlauncher.TransformStore/MODLAUNCHER]: Adding transformer net.minecraftforge.coremod.transformer.CoreModMethodTransformer@3d8d970e to Target : METHOD {Lcom/tom/storagemod/gui/GuiStorageTerminalBase;} {updateSearch} {()V}
[228月2026 21:14:52.147] [main/DEBUG] [cpw.mods.modlauncher.TransformStore/MODLAUNCHER]: Adding transformer net.minecraftforge.coremod.transformer.CoreModMethodTransformer@2fac80a8 to Target : METHOD {Ldev/emi/emi/search/RegexNameQuery;} {matches} {(Ldev/emi/emi/api/stack/EmiStack;)Z}
[228月2026 21:14:52.147] [main/DEBUG] [cpw.mods.modlauncher.TransformStore/MODLAUNCHER]: Adding transformer net.minecraftforge.coremod.transformer.CoreModMethodTransformer@6987a133 to Target : METHOD {Ldev/emi/emi/search/RegexTooltipQuery;} {matches} {(Ldev/emi/emi/api/stack/EmiStack;)Z}
[228月2026 21:14:52.148] [main/DEBUG] [cpw.mods.modlauncher.TransformStore/MODLAUNCHER]: Adding transformer net.minecraftforge.coremod.transformer.CoreModMethodTransformer@50778bde to Target : METHOD {Lml/pkom/itemalchemy/gui/screen/AlchemyTableScreenHandler;} {sortBySearch} {()V}
[228月2026 21:14:52.148] [main/DEBUG] [cpw.mods.modlauncher.TransformStore/MODLAUNCHER]: Adding transformer net.minecraftforge.coremod.transformer.CoreModMethodTransformer@1934339 to Target : METHOD {Lorg/cyclops/integrateddynamics/core/inventory/container/ContainerMultipartAspects;} {lambda$new$0} {(Lorg/cyclops/integrateddynamics/api/part/aspect/IAspect;Ljava/util/regex/Pattern;)Z}
[228月2026 21:14:52.148] [main/DEBUG] [cpw.mods.modlauncher.TransformStore/MODLAUNCHER]: Adding transformer net.minecraftforge.coremod.transformer.CoreModMethodTransformer@4af12a63 to Target : METHOD {Lorg/cyclops/integrateddynamics/inventory/container/ContainerLogicProgrammerBase;} {lambda$static$0} {(Lorg/cyclops/integrateddynamics/api/logicprogrammer/ILogicProgrammerElement;Ljava/util/regex/Pattern;)Z}
[228月2026 21:14:52.148] [main/DEBUG] [cpw.mods.modlauncher.TransformStore/MODLAUNCHER]: Adding transformer net.minecraftforge.coremod.transformer.CoreModMethodTransformer@1eab8437 to Target : METHOD {Lorg/cyclops/integratedterminals/capability/ingredient/IngredientComponentTerminalStorageHandlerFluidStack;} {lambda$getInstanceFilterPredicate$13} {(Ljava/lang/String;Lnet/minecraftforge/fluids/FluidStack;)Z}
[228月2026 21:14:52.148] [main/DEBUG] [cpw.mods.modlauncher.TransformStore/MODLAUNCHER]: Adding transformer net.minecraftforge.coremod.transformer.CoreModMethodTransformer@72eed547 to Target : METHOD {Lorg/cyclops/integratedterminals/capability/ingredient/IngredientComponentTerminalStorageHandlerFluidStack;} {lambda$getInstanceFilterPredicate$14} {(Ljava/lang/String;Lnet/minecraftforge/fluids/FluidStack;)Z}
[228月2026 21:14:52.148] [main/DEBUG] [cpw.mods.modlauncher.TransformStore/MODLAUNCHER]: Adding transformer net.minecraftforge.coremod.transformer.CoreModMethodTransformer@69ffdaa8 to Target : METHOD {Lorg/cyclops/integratedterminals/capability/ingredient/IngredientComponentTerminalStorageHandlerFluidStack;} {lambda$getInstanceFilterPredicate$8} {(Ljava/lang/String;Lnet/minecraftforge/fluids/FluidStack;)Z}
[228月2026 21:14:52.148] [main/DEBUG] [cpw.mods.modlauncher.TransformStore/MODLAUNCHER]: Adding transformer net.minecraftforge.coremod.transformer.CoreModMethodTransformer@2a1e57c6 to Target : METHOD {Lorg/cyclops/integratedterminals/capability/ingredient/IngredientComponentTerminalStorageHandlerItemStack;} {lambda$getInstanceFilterPredicate$1} {(Ljava/lang/String;Lnet/minecraft/item/ItemStack;)Z}
[228月2026 21:14:52.148] [main/DEBUG] [cpw.mods.modlauncher.TransformStore/MODLAUNCHER]: Adding transformer net.minecraftforge.coremod.transformer.CoreModMethodTransformer@68d6f48e to Target : METHOD {Lorg/cyclops/integratedterminals/capability/ingredient/IngredientComponentTerminalStorageHandlerItemStack;} {lambda$getInstanceFilterPredicate$1} {(Ljava/lang/String;Lnet/minecraft/world/item/ItemStack;)Z}
[228月2026 21:14:52.148] [main/DEBUG] [cpw.mods.modlauncher.TransformStore/MODLAUNCHER]: Adding transformer net.minecraftforge.coremod.transformer.CoreModMethodTransformer@6c96403e to Target : METHOD {Lorg/cyclops/integratedterminals/capability/ingredient/IngredientComponentTerminalStorageHandlerItemStack;} {lambda$getInstanceFilterPredicate$2} {(Ljava/lang/String;Lnet/minecraft/network/chat/Component;)Z}
[228月2026 21:14:52.148] [main/DEBUG] [cpw.mods.modlauncher.TransformStore/MODLAUNCHER]: Adding transformer net.minecraftforge.coremod.transformer.CoreModMethodTransformer@7babed9e to Target : METHOD {Lorg/cyclops/integratedterminals/capability/ingredient/IngredientComponentTerminalStorageHandlerItemStack;} {lambda$getInstanceFilterPredicate$7} {(Ljava/lang/String;Lnet/minecraft/item/ItemStack;)Z}
[228月2026 21:14:52.148] [main/DEBUG] [cpw.mods.modlauncher.TransformStore/MODLAUNCHER]: Adding transformer net.minecraftforge.coremod.transformer.CoreModMethodTransformer@2353354a to Target : METHOD {Lorg/cyclops/integratedterminals/capability/ingredient/IngredientComponentTerminalStorageHandlerItemStack;} {lambda$getInstanceFilterPredicate$8} {(Ljava/lang/String;Lnet/minecraft/world/item/ItemStack;)Z}
[228月2026 21:14:52.148] [main/DEBUG] [cpw.mods.modlauncher.TransformStore/MODLAUNCHER]: Adding transformer net.minecraftforge.coremod.transformer.CoreModMethodTransformer@7c7ed72a to Target : METHOD {Ldev/tizu/hexcessible/Utils;} {fluffySearch} {(Ljava/lang/String;Ljava/lang/String;)I}
[228月2026 21:14:52.148] [main/DEBUG] [cpw.mods.modlauncher.TransformStore/MODLAUNCHER]: Adding transformer net.minecraftforge.coremod.transformer.CoreModMethodTransformer@22b7ef2b to Target : METHOD {Lmezz/jei/gui/search/ElementPrefixParser;} {<clinit>} {()V}
[228月2026 21:14:52.148] [main/DEBUG] [cpw.mods.modlauncher.TransformStore/MODLAUNCHER]: Adding transformer net.minecraftforge.coremod.transformer.CoreModMethodTransformer@6d421fe to Target : METHOD {Lmezz/jei/gui/search/ElementPrefixParser;} {<init>} {()V}
[228月2026 21:14:52.148] [main/DEBUG] [cpw.mods.modlauncher.TransformStore/MODLAUNCHER]: Adding transformer net.minecraftforge.coremod.transformer.CoreModMethodTransformer@3c17bd0b to Target : METHOD {Lmezz/jei/gui/search/ElementPrefixParser;} {<init>} {(Lmezz/jei/api/runtime/IIngredientManager;Lmezz/jei/common/config/IIngredientFilterConfig;Lmezz/jei/api/helpers/IColorHelper;)V}
[228月2026 21:14:52.148] [main/DEBUG] [cpw.mods.modlauncher.TransformStore/MODLAUNCHER]: Adding transformer net.minecraftforge.coremod.transformer.CoreModMethodTransformer@36dafa24 to Target : METHOD {Lmezz/jei/gui/ingredients/IngredientFilter;} {parseSearchTokens} {(Ljava/lang/String;)Lmezz/jei/ingredients/IngredientFilter$SearchTokens;}
[228月2026 21:14:52.148] [main/DEBUG] [cpw.mods.modlauncher.TransformStore/MODLAUNCHER]: Adding transformer net.minecraftforge.coremod.transformer.CoreModMethodTransformer@2b098563 to Target : METHOD {Lnet/minecraft/world/entity/projectile/FishingHook;} {m_37145_} {(Lnet/minecraft/core/BlockPos;)V}
[228月2026 21:14:52.148] [main/DEBUG] [cpw.mods.modlauncher.TransformStore/MODLAUNCHER]: Adding transformer net.minecraftforge.coremod.transformer.CoreModClassTransformer@d0b814d to Target : CLASS {Lorg/violetmoon/quark/content/tools/loot/EnchantTome;} {} {V}
[228月2026 21:14:52.148] [main/DEBUG] [cpw.mods.modlauncher.TransformStore/MODLAUNCHER]: Adding transformer net.minecraftforge.coremod.transformer.CoreModClassTransformer@d0b814d to Target : CLASS {Lnet/minecraft/world/level/storage/loot/functions/EnchantRandomlyFunction;} {} {V}
[228月2026 21:14:52.149] [main/DEBUG] [cpw.mods.modlauncher.TransformStore/MODLAUNCHER]: Adding transformer net.minecraftforge.coremod.transformer.CoreModClassTransformer@d0b814d to Target : CLASS {Lnet/minecraft/world/entity/npc/VillagerTrades$EnchantBookForEmeralds;} {} {V}
[228月2026 21:14:52.149] [main/DEBUG] [cpw.mods.modlauncher.TransformStore/MODLAUNCHER]: Adding transformer net.minecraftforge.coremod.transformer.CoreModClassTransformer@6ce15112 to Target : CLASS {Lnet/minecraft/world/inventory/AnvilMenu;} {} {V}
[228月2026 21:14:52.149] [main/DEBUG] [cpw.mods.modlauncher.TransformStore/MODLAUNCHER]: Adding transformer net.minecraftforge.coremod.transformer.CoreModClassTransformer@6ce15112 to Target : CLASS {Lnet/minecraft/world/item/CreativeModeTabs;} {} {V}
[228月2026 21:14:52.149] [main/DEBUG] [cpw.mods.modlauncher.TransformStore/MODLAUNCHER]: Adding transformer net.minecraftforge.coremod.transformer.CoreModClassTransformer@6ce15112 to Target : CLASS {Lnet/minecraft/server/commands/EnchantCommand;} {} {V}
[228月2026 21:14:52.149] [main/DEBUG] [cpw.mods.modlauncher.TransformStore/MODLAUNCHER]: Adding transformer net.minecraftforge.coremod.transformer.CoreModClassTransformer@6ce15112 to Target : CLASS {Lorg/violetmoon/quark/content/tools/item/AncientTomeItem;} {} {V}
[228月2026 21:14:52.149] [main/DEBUG] [cpw.mods.modlauncher.TransformStore/MODLAUNCHER]: Adding transformer net.minecraftforge.coremod.transformer.CoreModClassTransformer@6ce15112 to Target : CLASS {Lcom/mrcrayfish/goblintraders/Hooks;} {} {V}
[228月2026 21:14:52.149] [main/DEBUG] [cpw.mods.modlauncher.TransformStore/MODLAUNCHER]: Adding transformer net.minecraftforge.coremod.transformer.CoreModClassTransformer@6ce15112 to Target : CLASS {Lorg/violetmoon/quark/content/tools/module/AncientTomesModule;} {} {V}
[228月2026 21:14:52.149] [main/DEBUG] [cpw.mods.modlauncher.TransformStore/MODLAUNCHER]: Adding transformer net.minecraftforge.coremod.transformer.CoreModClassTransformer@6ce15112 to Target : CLASS {Lorg/violetmoon/quark/content/experimental/module/GameNerfsModule;} {} {V}
[228月2026 21:14:52.149] [main/DEBUG] [cpw.mods.modlauncher.TransformStore/MODLAUNCHER]: Adding transformer net.minecraftforge.coremod.transformer.CoreModClassTransformer@6ce15112 to Target : CLASS {Lnet/minecraft/world/item/EnchantedBookItem;} {} {V}
[228月2026 21:14:52.149] [main/DEBUG] [cpw.mods.modlauncher.TransformStore/MODLAUNCHER]: Adding transformer net.minecraftforge.coremod.transformer.CoreModClassTransformer@ba4f370 to Target : CLASS {Lnet/minecraft/world/level/biome/Biome;} {} {V}
[228月2026 21:14:52.149] [main/DEBUG] [cpw.mods.modlauncher.TransformStore/MODLAUNCHER]: Adding transformer net.minecraftforge.coremod.transformer.CoreModClassTransformer@2ba024cb to Target : CLASS {Lnet/minecraft/world/level/levelgen/structure/Structure;} {} {V}
[228月2026 21:14:52.150] [main/DEBUG] [cpw.mods.modlauncher.TransformStore/MODLAUNCHER]: Adding transformer net.minecraftforge.coremod.transformer.CoreModClassTransformer@7af0d91b to Target : CLASS {Lnet/minecraft/world/effect/MobEffectInstance;} {} {V}
[228月2026 21:14:52.150] [main/DEBUG] [cpw.mods.modlauncher.TransformStore/MODLAUNCHER]: Adding transformer net.minecraftforge.coremod.transformer.CoreModClassTransformer@1c7f6e96 to Target : CLASS {Lnet/minecraft/world/level/block/LiquidBlock;} {} {V}
[228月2026 21:14:52.150] [main/DEBUG] [cpw.mods.modlauncher.TransformStore/MODLAUNCHER]: Adding transformer net.minecraftforge.coremod.transformer.CoreModClassTransformer@30ec211a to Target : CLASS {Lnet/minecraft/world/item/BucketItem;} {} {V}
[228月2026 21:14:52.150] [main/DEBUG] [cpw.mods.modlauncher.TransformStore/MODLAUNCHER]: Adding transformer net.minecraftforge.coremod.transformer.CoreModClassTransformer@1ac0cdb0 to Target : CLASS {Lnet/minecraft/world/level/block/StairBlock;} {} {V}
[228月2026 21:14:52.150] [main/DEBUG] [cpw.mods.modlauncher.TransformStore/MODLAUNCHER]: Adding transformer net.minecraftforge.coremod.transformer.CoreModClassTransformer@6684f7f2 to Target : CLASS {Lnet/minecraft/world/level/block/FlowerPotBlock;} {} {V}
[228月2026 21:14:52.150] [main/DEBUG] [cpw.mods.modlauncher.TransformStore/MODLAUNCHER]: Adding transformer net.minecraftforge.coremod.transformer.CoreModClassTransformer@1682e6a to Target : CLASS {Lnet/minecraft/world/item/ItemStack;} {} {V}
[228月2026 21:14:52.150] [main/DEBUG] [cpw.mods.modlauncher.TransformStore/MODLAUNCHER]: Adding transformer net.minecraftforge.coremod.transformer.CoreModClassTransformer@505d2bac to Target : CLASS {Lnet/minecraft/network/play/client/CClientSettingsPacket;} {} {V}
[228月2026 21:14:52.150] [main/DEBUG] [cpw.mods.modlauncher.TransformStore/MODLAUNCHER]: Adding transformer net.minecraftforge.coremod.transformer.CoreModClassTransformer@4cecc15a to Target : CLASS {Lnet/minecraft/server/commands/SummonCommand;} {} {V}
[228月2026 21:14:52.151] [main/DEBUG] [cpw.mods.modlauncher.TransformStore/MODLAUNCHER]: Adding transformer net.minecraftforge.coremod.transformer.CoreModClassTransformer@4cecc15a to Target : CLASS {Lnet/minecraft/world/entity/EntityType;} {} {V}
[228月2026 21:14:52.151] [main/DEBUG] [cpw.mods.modlauncher.TransformStore/MODLAUNCHER]: Adding transformer net.minecraftforge.coremod.transformer.CoreModClassTransformer@4cecc15a to Target : CLASS {Lnet/minecraft/world/entity/raid/Raid;} {} {V}
[228月2026 21:14:52.151] [main/DEBUG] [cpw.mods.modlauncher.TransformStore/MODLAUNCHER]: Adding transformer net.minecraftforge.coremod.transformer.CoreModClassTransformer@4cecc15a to Target : CLASS {Lnet/minecraft/world/entity/animal/frog/Tadpole;} {} {V}
[228月2026 21:14:52.151] [main/DEBUG] [cpw.mods.modlauncher.TransformStore/MODLAUNCHER]: Adding transformer net.minecraftforge.coremod.transformer.CoreModClassTransformer@4cecc15a to Target : CLASS {Lnet/minecraft/world/level/levelgen/PhantomSpawner;} {} {V}
[228月2026 21:14:52.151] [main/DEBUG] [cpw.mods.modlauncher.TransformStore/MODLAUNCHER]: Adding transformer net.minecraftforge.coremod.transformer.CoreModClassTransformer@4cecc15a to Target : CLASS {Lnet/minecraft/world/level/levelgen/PatrolSpawner;} {} {V}
[228月2026 21:14:52.151] [main/DEBUG] [cpw.mods.modlauncher.TransformStore/MODLAUNCHER]: Adding transformer net.minecraftforge.coremod.transformer.CoreModClassTransformer@4cecc15a to Target : CLASS {Lnet/minecraft/world/entity/monster/Zombie;} {} {V}
[228月2026 21:14:52.151] [main/DEBUG] [cpw.mods.modlauncher.TransformStore/MODLAUNCHER]: Adding transformer net.minecraftforge.coremod.transformer.CoreModClassTransformer@4cecc15a to Target : CLASS {Lnet/minecraft/world/level/levelgen/structure/structures/OceanRuinPieces$OceanRuinPiece;} {} {V}
[228月2026 21:14:52.151] [main/DEBUG] [cpw.mods.modlauncher.TransformStore/MODLAUNCHER]: Adding transformer net.minecraftforge.coremod.transformer.CoreModClassTransformer@4cecc15a to Target : CLASS {Lnet/minecraft/world/entity/npc/CatSpawner;} {} {V}
[228月2026 21:14:52.151] [main/DEBUG] [cpw.mods.modlauncher.TransformStore/MODLAUNCHER]: Adding transformer net.minecraftforge.coremod.transformer.CoreModClassTransformer@4cecc15a to Target : CLASS {Lnet/minecraft/world/entity/animal/horse/SkeletonTrapGoal;} {} {V}
[228月2026 21:14:52.151] [main/DEBUG] [cpw.mods.modlauncher.TransformStore/MODLAUNCHER]: Adding transformer net.minecraftforge.coremod.transformer.CoreModClassTransformer@4cecc15a to Target : CLASS {Lnet/minecraft/world/entity/monster/Spider;} {} {V}
[228月2026 21:14:52.151] [main/DEBUG] [cpw.mods.modlauncher.TransformStore/MODLAUNCHER]: Adding transformer net.minecraftforge.coremod.transformer.CoreModClassTransformer@4cecc15a to Target : CLASS {Lnet/minecraft/world/entity/npc/Villager;} {} {V}
[228月2026 21:14:52.151] [main/DEBUG] [cpw.mods.modlauncher.TransformStore/MODLAUNCHER]: Adding transformer net.minecraftforge.coremod.transformer.CoreModClassTransformer@4cecc15a to Target : CLASS {Lnet/minecraft/world/level/NaturalSpawner;} {} {V}
[228月2026 21:14:52.151] [main/DEBUG] [cpw.mods.modlauncher.TransformStore/MODLAUNCHER]: Adding transformer net.minecraftforge.coremod.transformer.CoreModClassTransformer@4cecc15a to Target : CLASS {Lnet/minecraft/world/entity/monster/ZombieVillager;} {} {V}
[228月2026 21:14:52.151] [main/DEBUG] [cpw.mods.modlauncher.TransformStore/MODLAUNCHER]: Adding transformer net.minecraftforge.coremod.transformer.CoreModClassTransformer@4cecc15a to Target : CLASS {Lnet/minecraft/world/level/levelgen/structure/structures/WoodlandMansionPieces$WoodlandMansionPiece;} {} {V}
[228月2026 21:14:52.151] [main/DEBUG] [cpw.mods.modlauncher.TransformStore/MODLAUNCHER]: Adding transformer net.minecraftforge.coremod.transformer.CoreModClassTransformer@4cecc15a to Target : CLASS {Lnet/minecraft/world/entity/monster/Strider;} {} {V}
[228月2026 21:14:52.151] [main/DEBUG] [cpw.mods.modlauncher.TransformStore/MODLAUNCHER]: Adding transformer net.minecraftforge.coremod.transformer.CoreModClassTransformer@4cecc15a to Target : CLASS {Lnet/minecraft/world/level/levelgen/structure/structures/OceanMonumentPieces$OceanMonumentPiece;} {} {V}
[228月2026 21:14:52.152] [main/DEBUG] [cpw.mods.modlauncher.TransformStore/MODLAUNCHER]: Adding transformer net.minecraftforge.coremod.transformer.CoreModClassTransformer@4cecc15a to Target : CLASS {Lnet/minecraft/world/entity/monster/Evoker$EvokerSummonSpellGoal;} {} {V}
[228月2026 21:14:52.152] [main/DEBUG] [cpw.mods.modlauncher.TransformStore/MODLAUNCHER]: Adding transformer net.minecraftforge.coremod.transformer.CoreModClassTransformer@4cecc15a to Target : CLASS {Lnet/minecraft/world/entity/ai/village/VillageSiege;} {} {V}
[228月2026 21:14:52.152] [main/DEBUG] [cpw.mods.modlauncher.TransformStore/MODLAUNCHER]: Adding transformer net.minecraftforge.coremod.transformer.CoreModClassTransformer@4cecc15a to Target : CLASS {Lnet/minecraft/world/level/levelgen/structure/templatesystem/StructureTemplate;} {} {V}
[228月2026 21:14:52.152] [main/DEBUG] [cpw.mods.modlauncher.TransformStore/MODLAUNCHER]: Adding transformer net.minecraftforge.coremod.transformer.CoreModClassTransformer@4cecc15a to Target : CLASS {Lnet/minecraft/world/level/levelgen/structure/structures/SwampHutPiece;} {} {V}
[228月2026 21:14:52.153] [main/DEBUG] [cpw.mods.modlauncher.TransformStore/MODLAUNCHER]: Adding transformer net.minecraftforge.coremod.transformer.CoreModClassTransformer@4cecc15a to Target : CLASS {Lnet/minecraft/server/commands/RaidCommand;} {} {V}
[228月2026 21:14:52.153] [main/DEBUG] [cpw.mods.modlauncher.TransformationServiceDecorator/MODLAUNCHER]: Initialized transformers for transformation service fml
[228月2026 21:14:52.947] [main/DEBUG] [mixin/]: Processing prepare() for PlatformAgent[MixinPlatformAgentDefault:ModLauncher Root Container(ModLauncher:4f56a0a2)]
[228月2026 21:14:52.947] [main/DEBUG] [mixin/]: Processing launch tasks for PlatformAgent[MixinPlatformAgentDefault:ModLauncher Root Container(ModLauncher:4f56a0a2)]
[228月2026 21:14:52.947] [main/DEBUG] [mixin/]: Adding mixin platform agents for container SecureJarResource(minecraft)
[228月2026 21:14:52.947] [main/DEBUG] [mixin/]: Instancing new MixinPlatformAgentMinecraftForge for SecureJarResource(minecraft)
[228月2026 21:14:52.947] [main/DEBUG] [mixin/]: MixinPlatformAgentMinecraftForge rejected container SecureJarResource(minecraft)
[228月2026 21:14:52.947] [main/DEBUG] [mixin/]: Instancing new MixinPlatformAgentDefault for SecureJarResource(minecraft)
[228月2026 21:14:52.947] [main/DEBUG] [mixin/]: MixinPlatformAgentDefault accepted container SecureJarResource(minecraft)
[228月2026 21:14:52.947] [main/DEBUG] [mixin/]: Processing prepare() for PlatformAgent[MixinPlatformAgentDefault:SecureJarResource(minecraft)]
[228月2026 21:14:52.947] [main/DEBUG] [mixin/]: Adding mixin platform agents for container SecureJarResource(farmersdelight)
[228月2026 21:14:52.947] [main/DEBUG] [mixin/]: Instancing new MixinPlatformAgentMinecraftForge for SecureJarResource(farmersdelight)
[228月2026 21:14:52.947] [main/DEBUG] [mixin/]: MixinPlatformAgentMinecraftForge rejected container SecureJarResource(farmersdelight)
[228月2026 21:14:52.947] [main/DEBUG] [mixin/]: Instancing new MixinPlatformAgentDefault for SecureJarResource(farmersdelight)
[228月2026 21:14:52.947] [main/DEBUG] [mixin/]: MixinPlatformAgentDefault accepted container SecureJarResource(farmersdelight)
[228月2026 21:14:52.947] [main/DEBUG] [mixin/]: Processing prepare() for PlatformAgent[MixinPlatformAgentDefault:SecureJarResource(farmersdelight)]
[228月2026 21:14:52.947] [main/DEBUG] [mixin/]: Registering mixin config: farmersdelight.mixins.json
[228月2026 21:14:52.974] [main/DEBUG] [mixin/]: Compatibility level JAVA_17 specified by farmersdelight.mixins.json is higher than the maximum level supported by this version of mixin (JAVA_13).
[228月2026 21:14:52.981] [main/INFO] [mixin/]: Compatibility level set to JAVA_17
[228月2026 21:14:52.981] [main/DEBUG] [mixin/]: Adding mixin platform agents for container SecureJarResource(terrablender)
[228月2026 21:14:52.981] [main/DEBUG] [mixin/]: Instancing new MixinPlatformAgentMinecraftForge for SecureJarResource(terrablender)
[228月2026 21:14:52.981] [main/DEBUG] [mixin/]: MixinPlatformAgentMinecraftForge rejected container SecureJarResource(terrablender)
[228月2026 21:14:52.981] [main/DEBUG] [mixin/]: Instancing new MixinPlatformAgentDefault for SecureJarResource(terrablender)
[228月2026 21:14:52.981] [main/DEBUG] [mixin/]: MixinPlatformAgentDefault accepted container SecureJarResource(terrablender)
[228月2026 21:14:52.981] [main/DEBUG] [mixin/]: Processing prepare() for PlatformAgent[MixinPlatformAgentDefault:SecureJarResource(terrablender)]
[228月2026 21:14:52.981] [main/DEBUG] [mixin/]: Registering mixin config: terrablender.mixins.json
[228月2026 21:14:52.984] [main/DEBUG] [mixin/]: Registering mixin config: terrablender_forge.mixins.json
[228月2026 21:14:52.986] [main/DEBUG] [mixin/]: Adding mixin platform agents for container SecureJarResource(mousetweaks)
[228月2026 21:14:52.986] [main/DEBUG] [mixin/]: Instancing new MixinPlatformAgentMinecraftForge for SecureJarResource(mousetweaks)
[228月2026 21:14:52.986] [main/DEBUG] [mixin/]: MixinPlatformAgentMinecraftForge rejected container SecureJarResource(mousetweaks)
[228月2026 21:14:52.986] [main/DEBUG] [mixin/]: Instancing new MixinPlatformAgentDefault for SecureJarResource(mousetweaks)
[228月2026 21:14:52.986] [main/DEBUG] [mixin/]: MixinPlatformAgentDefault accepted container SecureJarResource(mousetweaks)
[228月2026 21:14:52.986] [main/DEBUG] [mixin/]: Processing prepare() for PlatformAgent[MixinPlatformAgentDefault:SecureJarResource(mousetweaks)]
[228月2026 21:14:52.986] [main/DEBUG] [mixin/]: Registering mixin config: mousetweaks.mixins.json
[228月2026 21:14:52.988] [main/DEBUG] [mixin/]: Adding mixin platform agents for container SecureJarResource(jade)
[228月2026 21:14:52.988] [main/DEBUG] [mixin/]: Instancing new MixinPlatformAgentMinecraftForge for SecureJarResource(jade)
[228月2026 21:14:52.988] [main/DEBUG] [mixin/]: MixinPlatformAgentMinecraftForge rejected container SecureJarResource(jade)
[228月2026 21:14:52.988] [main/DEBUG] [mixin/]: Instancing new MixinPlatformAgentDefault for SecureJarResource(jade)
[228月2026 21:14:52.988] [main/DEBUG] [mixin/]: MixinPlatformAgentDefault accepted container SecureJarResource(jade)
[228月2026 21:14:52.988] [main/DEBUG] [mixin/]: Processing prepare() for PlatformAgent[MixinPlatformAgentDefault:SecureJarResource(jade)]
[228月2026 21:14:52.988] [main/DEBUG] [mixin/]: Registering mixin config: jade.mixins.json
[228月2026 21:14:52.989] [main/DEBUG] [mixin/]: Compatibility level JAVA_16 specified by jade.mixins.json is higher than the maximum level supported by this version of mixin (JAVA_13).
[228月2026 21:14:52.990] [main/DEBUG] [mixin/]: Adding mixin platform agents for container SecureJarResource(geckolib)
[228月2026 21:14:52.990] [main/DEBUG] [mixin/]: Instancing new MixinPlatformAgentMinecraftForge for SecureJarResource(geckolib)
[228月2026 21:14:52.990] [main/DEBUG] [mixin/]: MixinPlatformAgentMinecraftForge rejected container SecureJarResource(geckolib)
[228月2026 21:14:52.990] [main/DEBUG] [mixin/]: Instancing new MixinPlatformAgentDefault for SecureJarResource(geckolib)
[228月2026 21:14:52.990] [main/DEBUG] [mixin/]: MixinPlatformAgentDefault accepted container SecureJarResource(geckolib)
[228月2026 21:14:52.990] [main/DEBUG] [mixin/]: Processing prepare() for PlatformAgent[MixinPlatformAgentDefault:SecureJarResource(geckolib)]
[228月2026 21:14:52.990] [main/DEBUG] [mixin/]: Registering mixin config: geckolib.mixins.json
[228月2026 21:14:52.992] [main/DEBUG] [mixin/]: Adding mixin platform agents for container SecureJarResource(aether)
[228月2026 21:14:52.992] [main/DEBUG] [mixin/]: Instancing new MixinPlatformAgentMinecraftForge for SecureJarResource(aether)
[228月2026 21:14:52.992] [main/DEBUG] [mixin/]: MixinPlatformAgentMinecraftForge rejected container SecureJarResource(aether)
[228月2026 21:14:52.992] [main/DEBUG] [mixin/]: Instancing new MixinPlatformAgentDefault for SecureJarResource(aether)
[228月2026 21:14:52.992] [main/DEBUG] [mixin/]: MixinPlatformAgentDefault accepted container SecureJarResource(aether)
[228月2026 21:14:52.992] [main/DEBUG] [mixin/]: Processing prepare() for PlatformAgent[MixinPlatformAgentDefault:SecureJarResource(aether)]
[228月2026 21:14:52.992] [main/DEBUG] [mixin/]: Registering mixin config: aether.mixins.json
[228月2026 21:14:52.994] [main/DEBUG] [mixin/]: Adding mixin platform agents for container SecureJarResource(jei)
[228月2026 21:14:52.994] [main/DEBUG] [mixin/]: Instancing new MixinPlatformAgentMinecraftForge for SecureJarResource(jei)
[228月2026 21:14:52.994] [main/DEBUG] [mixin/]: MixinPlatformAgentMinecraftForge rejected container SecureJarResource(jei)
[228月2026 21:14:52.994] [main/DEBUG] [mixin/]: Instancing new MixinPlatformAgentDefault for SecureJarResource(jei)
[228月2026 21:14:52.995] [main/DEBUG] [mixin/]: MixinPlatformAgentDefault accepted container SecureJarResource(jei)
[228月2026 21:14:52.995] [main/DEBUG] [mixin/]: Processing prepare() for PlatformAgent[MixinPlatformAgentDefault:SecureJarResource(jei)]
[228月2026 21:14:52.995] [main/DEBUG] [mixin/]: Adding mixin platform agents for container SecureJarResource(immortalers_delight)
[228月2026 21:14:52.995] [main/DEBUG] [mixin/]: Instancing new MixinPlatformAgentMinecraftForge for SecureJarResource(immortalers_delight)
[228月2026 21:14:52.995] [main/DEBUG] [mixin/]: MixinPlatformAgentMinecraftForge rejected container SecureJarResource(immortalers_delight)
[228月2026 21:14:52.995] [main/DEBUG] [mixin/]: Instancing new MixinPlatformAgentDefault for SecureJarResource(immortalers_delight)
[228月2026 21:14:52.995] [main/DEBUG] [mixin/]: MixinPlatformAgentDefault accepted container SecureJarResource(immortalers_delight)
[228月2026 21:14:52.995] [main/DEBUG] [mixin/]: Processing prepare() for PlatformAgent[MixinPlatformAgentDefault:SecureJarResource(immortalers_delight)]
[228月2026 21:14:52.995] [main/DEBUG] [mixin/]: Registering mixin config: immortalers_delight.mixins.json
[228月2026 21:14:52.997] [main/DEBUG] [mixin/]: Compatibility level JAVA_8 specified by immortalers_delight.mixins.json is lower than the default level supported by the current mixin service (JAVA_16).
[228月2026 21:14:52.998] [main/DEBUG] [mixin/]: Adding mixin platform agents for container SecureJarResource(botania)
[228月2026 21:14:52.998] [main/DEBUG] [mixin/]: Instancing new MixinPlatformAgentMinecraftForge for SecureJarResource(botania)
[228月2026 21:14:52.998] [main/DEBUG] [mixin/]: MixinPlatformAgentMinecraftForge rejected container SecureJarResource(botania)
[228月2026 21:14:52.998] [main/DEBUG] [mixin/]: Instancing new MixinPlatformAgentDefault for SecureJarResource(botania)
[228月2026 21:14:52.998] [main/DEBUG] [mixin/]: MixinPlatformAgentDefault accepted container SecureJarResource(botania)
[228月2026 21:14:52.998] [main/DEBUG] [mixin/]: Processing prepare() for PlatformAgent[MixinPlatformAgentDefault:SecureJarResource(botania)]
[228月2026 21:14:52.998] [main/DEBUG] [mixin/]: Registering mixin config: botania_xplat.mixins.json
[228月2026 21:14:53.000] [main/DEBUG] [mixin/]: Registering mixin config: botania_forge.mixins.json
[228月2026 21:14:53.002] [main/DEBUG] [mixin/]: Adding mixin platform agents for container SecureJarResource(aeroblender)
[228月2026 21:14:53.002] [main/DEBUG] [mixin/]: Instancing new MixinPlatformAgentMinecraftForge for SecureJarResource(aeroblender)
[228月2026 21:14:53.002] [main/DEBUG] [mixin/]: MixinPlatformAgentMinecraftForge rejected container SecureJarResource(aeroblender)
[228月2026 21:14:53.002] [main/DEBUG] [mixin/]: Instancing new MixinPlatformAgentDefault for SecureJarResource(aeroblender)
[228月2026 21:14:53.002] [main/DEBUG] [mixin/]: MixinPlatformAgentDefault accepted container SecureJarResource(aeroblender)
[228月2026 21:14:53.002] [main/DEBUG] [mixin/]: Processing prepare() for PlatformAgent[MixinPlatformAgentDefault:SecureJarResource(aeroblender)]
[228月2026 21:14:53.002] [main/DEBUG] [mixin/]: Registering mixin config: aeroblender.mixins.json
[228月2026 21:14:53.004] [main/DEBUG] [mixin/]: Adding mixin platform agents for container SecureJarResource(sophisticatedcore)
[228月2026 21:14:53.004] [main/DEBUG] [mixin/]: Instancing new MixinPlatformAgentMinecraftForge for SecureJarResource(sophisticatedcore)
[228月2026 21:14:53.004] [main/DEBUG] [mixin/]: MixinPlatformAgentMinecraftForge rejected container SecureJarResource(sophisticatedcore)
[228月2026 21:14:53.004] [main/DEBUG] [mixin/]: Instancing new MixinPlatformAgentDefault for SecureJarResource(sophisticatedcore)
[228月2026 21:14:53.004] [main/DEBUG] [mixin/]: MixinPlatformAgentDefault accepted container SecureJarResource(sophisticatedcore)
[228月2026 21:14:53.004] [main/DEBUG] [mixin/]: Processing prepare() for PlatformAgent[MixinPlatformAgentDefault:SecureJarResource(sophisticatedcore)]
[228月2026 21:14:53.004] [main/DEBUG] [mixin/]: Registering mixin config: sophisticatedcore.mixins.json
[228月2026 21:14:53.006] [main/DEBUG] [mixin/]: Adding mixin platform agents for container SecureJarResource(curios)
[228月2026 21:14:53.006] [main/DEBUG] [mixin/]: Instancing new MixinPlatformAgentMinecraftForge for SecureJarResource(curios)
[228月2026 21:14:53.006] [main/DEBUG] [mixin/]: MixinPlatformAgentMinecraftForge rejected container SecureJarResource(curios)
[228月2026 21:14:53.006] [main/DEBUG] [mixin/]: Instancing new MixinPlatformAgentDefault for SecureJarResource(curios)
[228月2026 21:14:53.006] [main/DEBUG] [mixin/]: MixinPlatformAgentDefault accepted container SecureJarResource(curios)
[228月2026 21:14:53.006] [main/DEBUG] [mixin/]: Processing prepare() for PlatformAgent[MixinPlatformAgentDefault:SecureJarResource(curios)]
[228月2026 21:14:53.006] [main/DEBUG] [mixin/]: Registering mixin config: curios.mixins.json
[228月2026 21:14:53.007] [main/DEBUG] [mixin/]: Adding mixin platform agents for container SecureJarResource(traderefresh)
[228月2026 21:14:53.007] [main/DEBUG] [mixin/]: Instancing new MixinPlatformAgentMinecraftForge for SecureJarResource(traderefresh)
[228月2026 21:14:53.007] [main/DEBUG] [mixin/]: MixinPlatformAgentMinecraftForge rejected container SecureJarResource(traderefresh)
[228月2026 21:14:53.007] [main/DEBUG] [mixin/]: Instancing new MixinPlatformAgentDefault for SecureJarResource(traderefresh)
[228月2026 21:14:53.007] [main/DEBUG] [mixin/]: MixinPlatformAgentDefault accepted container SecureJarResource(traderefresh)
[228月2026 21:14:53.007] [main/DEBUG] [mixin/]: Processing prepare() for PlatformAgent[MixinPlatformAgentDefault:SecureJarResource(traderefresh)]
[228月2026 21:14:53.007] [main/DEBUG] [mixin/]: Registering mixin config: traderefresh.mixins.json
[228月2026 21:14:53.009] [main/DEBUG] [mixin/]: Adding mixin platform agents for container SecureJarResource(patchouli)
[228月2026 21:14:53.009] [main/DEBUG] [mixin/]: Instancing new MixinPlatformAgentMinecraftForge for SecureJarResource(patchouli)
[228月2026 21:14:53.009] [main/DEBUG] [mixin/]: MixinPlatformAgentMinecraftForge rejected container SecureJarResource(patchouli)
[228月2026 21:14:53.009] [main/DEBUG] [mixin/]: Instancing new MixinPlatformAgentDefault for SecureJarResource(patchouli)
[228月2026 21:14:53.009] [main/DEBUG] [mixin/]: MixinPlatformAgentDefault accepted container SecureJarResource(patchouli)
[228月2026 21:14:53.009] [main/DEBUG] [mixin/]: Processing prepare() for PlatformAgent[MixinPlatformAgentDefault:SecureJarResource(patchouli)]
[228月2026 21:14:53.009] [main/DEBUG] [mixin/]: Registering mixin config: patchouli_xplat.mixins.json
[228月2026 21:14:53.010] [main/DEBUG] [mixin/]: Adding mixin platform agents for container SecureJarResource(placebo)
[228月2026 21:14:53.010] [main/DEBUG] [mixin/]: Instancing new MixinPlatformAgentMinecraftForge for SecureJarResource(placebo)
[228月2026 21:14:53.010] [main/DEBUG] [mixin/]: MixinPlatformAgentMinecraftForge rejected container SecureJarResource(placebo)
[228月2026 21:14:53.010] [main/DEBUG] [mixin/]: Instancing new MixinPlatformAgentDefault for SecureJarResource(placebo)
[228月2026 21:14:53.011] [main/DEBUG] [mixin/]: MixinPlatformAgentDefault accepted container SecureJarResource(placebo)
[228月2026 21:14:53.011] [main/DEBUG] [mixin/]: Processing prepare() for PlatformAgent[MixinPlatformAgentDefault:SecureJarResource(placebo)]
[228月2026 21:14:53.011] [main/DEBUG] [mixin/]: Registering mixin config: placebo.mixins.json
[228月2026 21:14:53.012] [main/DEBUG] [mixin/]: Adding mixin platform agents for container SecureJarResource(attributeslib)
[228月2026 21:14:53.012] [main/DEBUG] [mixin/]: Instancing new MixinPlatformAgentMinecraftForge for SecureJarResource(attributeslib)
[228月2026 21:14:53.012] [main/DEBUG] [mixin/]: MixinPlatformAgentMinecraftForge rejected container SecureJarResource(attributeslib)
[228月2026 21:14:53.012] [main/DEBUG] [mixin/]: Instancing new MixinPlatformAgentDefault for SecureJarResource(attributeslib)
[228月2026 21:14:53.012] [main/DEBUG] [mixin/]: MixinPlatformAgentDefault accepted container SecureJarResource(attributeslib)
[228月2026 21:14:53.012] [main/DEBUG] [mixin/]: Processing prepare() for PlatformAgent[MixinPlatformAgentDefault:SecureJarResource(attributeslib)]
[228月2026 21:14:53.012] [main/DEBUG] [mixin/]: Registering mixin config: attributeslib.mixins.json
[228月2026 21:14:53.013] [main/DEBUG] [mixin/]: Adding mixin platform agents for container SecureJarResource(jecharacters)
[228月2026 21:14:53.016] [main/DEBUG] [mixin/]: Instancing new MixinPlatformAgentMinecraftForge for SecureJarResource(jecharacters)
[228月2026 21:14:53.016] [main/DEBUG] [mixin/]: MixinPlatformAgentMinecraftForge rejected container SecureJarResource(jecharacters)
[228月2026 21:14:53.016] [main/DEBUG] [mixin/]: Instancing new MixinPlatformAgentDefault for SecureJarResource(jecharacters)
[228月2026 21:14:53.016] [main/DEBUG] [mixin/]: MixinPlatformAgentDefault accepted container SecureJarResource(jecharacters)
[228月2026 21:14:53.016] [main/DEBUG] [mixin/]: Processing prepare() for PlatformAgent[MixinPlatformAgentDefault:SecureJarResource(jecharacters)]
[228月2026 21:14:53.016] [main/DEBUG] [mixin/]: Adding mixin platform agents for container SecureJarResource(mixinextras)
[228月2026 21:14:53.016] [main/DEBUG] [mixin/]: Instancing new MixinPlatformAgentMinecraftForge for SecureJarResource(mixinextras)
[228月2026 21:14:53.016] [main/DEBUG] [mixin/]: MixinPlatformAgentMinecraftForge rejected container SecureJarResource(mixinextras)
[228月2026 21:14:53.016] [main/DEBUG] [mixin/]: Instancing new MixinPlatformAgentDefault for SecureJarResource(mixinextras)
[228月2026 21:14:53.016] [main/DEBUG] [mixin/]: MixinPlatformAgentDefault accepted container SecureJarResource(mixinextras)
[228月2026 21:14:53.016] [main/DEBUG] [mixin/]: Processing prepare() for PlatformAgent[MixinPlatformAgentDefault:SecureJarResource(mixinextras)]
[228月2026 21:14:53.016] [main/DEBUG] [mixin/]: Registering mixin config: mixinextras.init.mixins.json
[228月2026 21:14:53.017] [main/DEBUG] [mixin/]: Adding mixin platform agents for container SecureJarResource(sophisticatedbackpacks)
[228月2026 21:14:53.018] [main/DEBUG] [mixin/]: Instancing new MixinPlatformAgentMinecraftForge for SecureJarResource(sophisticatedbackpacks)
[228月2026 21:14:53.018] [main/DEBUG] [mixin/]: MixinPlatformAgentMinecraftForge rejected container SecureJarResource(sophisticatedbackpacks)
[228月2026 21:14:53.018] [main/DEBUG] [mixin/]: Instancing new MixinPlatformAgentDefault for SecureJarResource(sophisticatedbackpacks)
[228月2026 21:14:53.018] [main/DEBUG] [mixin/]: MixinPlatformAgentDefault accepted container SecureJarResource(sophisticatedbackpacks)
[228月2026 21:14:53.018] [main/DEBUG] [mixin/]: Processing prepare() for PlatformAgent[MixinPlatformAgentDefault:SecureJarResource(sophisticatedbackpacks)]
[228月2026 21:14:53.018] [main/DEBUG] [mixin/]: Adding mixin platform agents for container SecureJarResource(cumulus_menus)
[228月2026 21:14:53.018] [main/DEBUG] [mixin/]: Instancing new MixinPlatformAgentMinecraftForge for SecureJarResource(cumulus_menus)
[228月2026 21:14:53.018] [main/DEBUG] [mixin/]: MixinPlatformAgentMinecraftForge rejected container SecureJarResource(cumulus_menus)
[228月2026 21:14:53.018] [main/DEBUG] [mixin/]: Instancing new MixinPlatformAgentDefault for SecureJarResource(cumulus_menus)
[228月2026 21:14:53.018] [main/DEBUG] [mixin/]: MixinPlatformAgentDefault accepted container SecureJarResource(cumulus_menus)
[228月2026 21:14:53.018] [main/DEBUG] [mixin/]: Processing prepare() for PlatformAgent[MixinPlatformAgentDefault:SecureJarResource(cumulus_menus)]
[228月2026 21:14:53.018] [main/DEBUG] [mixin/]: Registering mixin config: cumulus_menus.mixins.json
[228月2026 21:14:53.019] [main/DEBUG] [mixin/]: Adding mixin platform agents for container SecureJarResource(apotheosis)
[228月2026 21:14:53.019] [main/DEBUG] [mixin/]: Instancing new MixinPlatformAgentMinecraftForge for SecureJarResource(apotheosis)
[228月2026 21:14:53.019] [main/DEBUG] [mixin/]: MixinPlatformAgentMinecraftForge rejected container SecureJarResource(apotheosis)
[228月2026 21:14:53.019] [main/DEBUG] [mixin/]: Instancing new MixinPlatformAgentDefault for SecureJarResource(apotheosis)
[228月2026 21:14:53.019] [main/DEBUG] [mixin/]: MixinPlatformAgentDefault accepted container SecureJarResource(apotheosis)
[228月2026 21:14:53.019] [main/DEBUG] [mixin/]: Processing prepare() for PlatformAgent[MixinPlatformAgentDefault:SecureJarResource(apotheosis)]
[228月2026 21:14:53.020] [main/DEBUG] [mixin/]: Registering mixin config: apotheosis.mixins.json
[228月2026 21:14:53.021] [main/DEBUG] [mixin/]: Adding mixin platform agents for container SecureJarResource(rs_integration)
[228月2026 21:14:53.021] [main/DEBUG] [mixin/]: Instancing new MixinPlatformAgentMinecraftForge for SecureJarResource(rs_integration)
[228月2026 21:14:53.021] [main/DEBUG] [mixin/]: MixinPlatformAgentMinecraftForge rejected container SecureJarResource(rs_integration)
[228月2026 21:14:53.021] [main/DEBUG] [mixin/]: Instancing new MixinPlatformAgentDefault for SecureJarResource(rs_integration)
[228月2026 21:14:53.021] [main/DEBUG] [mixin/]: MixinPlatformAgentDefault accepted container SecureJarResource(rs_integration)
[228月2026 21:14:53.021] [main/DEBUG] [mixin/]: Processing prepare() for PlatformAgent[MixinPlatformAgentDefault:SecureJarResource(rs_integration)]
[228月2026 21:14:53.021] [main/DEBUG] [mixin/]: Registering mixin config: rs_integration.mixins.json
[228月2026 21:14:53.022] [main/DEBUG] [mixin/]: Adding mixin platform agents for container SecureJarResource(nitrogen_internals)
[228月2026 21:14:53.022] [main/DEBUG] [mixin/]: Instancing new MixinPlatformAgentMinecraftForge for SecureJarResource(nitrogen_internals)
[228月2026 21:14:53.022] [main/DEBUG] [mixin/]: MixinPlatformAgentMinecraftForge rejected container SecureJarResource(nitrogen_internals)
[228月2026 21:14:53.022] [main/DEBUG] [mixin/]: Instancing new MixinPlatformAgentDefault for SecureJarResource(nitrogen_internals)
[228月2026 21:14:53.022] [main/DEBUG] [mixin/]: MixinPlatformAgentDefault accepted container SecureJarResource(nitrogen_internals)
[228月2026 21:14:53.022] [main/DEBUG] [mixin/]: Processing prepare() for PlatformAgent[MixinPlatformAgentDefault:SecureJarResource(nitrogen_internals)]
[228月2026 21:14:53.022] [main/DEBUG] [mixin/]: Registering mixin config: nitrogen_internals.mixins.json
[228月2026 21:14:53.023] [main/DEBUG] [mixin/]: Adding mixin platform agents for container SecureJarResource(ars_nouveau)
[228月2026 21:14:53.024] [main/DEBUG] [mixin/]: Instancing new MixinPlatformAgentMinecraftForge for SecureJarResource(ars_nouveau)
[228月2026 21:14:53.024] [main/DEBUG] [mixin/]: MixinPlatformAgentMinecraftForge rejected container SecureJarResource(ars_nouveau)
[228月2026 21:14:53.024] [main/DEBUG] [mixin/]: Instancing new MixinPlatformAgentDefault for SecureJarResource(ars_nouveau)
[228月2026 21:14:53.024] [main/DEBUG] [mixin/]: MixinPlatformAgentDefault accepted container SecureJarResource(ars_nouveau)
[228月2026 21:14:53.024] [main/DEBUG] [mixin/]: Processing prepare() for PlatformAgent[MixinPlatformAgentDefault:SecureJarResource(ars_nouveau)]
[228月2026 21:14:53.024] [main/DEBUG] [mixin/]: Registering mixin config: ars_nouveau.mixins.json
[228月2026 21:14:53.038] [main/DEBUG] [mixin/]: Adding mixin platform agents for container SecureJarResource(forge)
[228月2026 21:14:53.038] [main/DEBUG] [mixin/]: Instancing new MixinPlatformAgentMinecraftForge for SecureJarResource(forge)
[228月2026 21:14:53.038] [main/DEBUG] [mixin/]: MixinPlatformAgentMinecraftForge rejected container SecureJarResource(forge)
[228月2026 21:14:53.038] [main/DEBUG] [mixin/]: Instancing new MixinPlatformAgentDefault for SecureJarResource(forge)
[228月2026 21:14:53.038] [main/DEBUG] [mixin/]: MixinPlatformAgentDefault accepted container SecureJarResource(forge)
[228月2026 21:14:53.038] [main/DEBUG] [mixin/]: Processing prepare() for PlatformAgent[MixinPlatformAgentDefault:SecureJarResource(forge)]
[228月2026 21:14:53.038] [main/DEBUG] [mixin/]: Adding mixin platform agents for container SecureJarResource(aether_redux)
[228月2026 21:14:53.038] [main/DEBUG] [mixin/]: Instancing new MixinPlatformAgentMinecraftForge for SecureJarResource(aether_redux)
[228月2026 21:14:53.038] [main/DEBUG] [mixin/]: MixinPlatformAgentMinecraftForge rejected container SecureJarResource(aether_redux)
[228月2026 21:14:53.038] [main/DEBUG] [mixin/]: Instancing new MixinPlatformAgentDefault for SecureJarResource(aether_redux)
[228月2026 21:14:53.038] [main/DEBUG] [mixin/]: MixinPlatformAgentDefault accepted container SecureJarResource(aether_redux)
[228月2026 21:14:53.038] [main/DEBUG] [mixin/]: Processing prepare() for PlatformAgent[MixinPlatformAgentDefault:SecureJarResource(aether_redux)]
[228月2026 21:14:53.038] [main/DEBUG] [mixin/]: Registering mixin config: aether_redux.mixins.json
[228月2026 21:14:53.040] [main/DEBUG] [mixin/]: Adding mixin platform agents for container SecureJarResource(aether_redux_audit)
[228月2026 21:14:53.040] [main/DEBUG] [mixin/]: Instancing new MixinPlatformAgentMinecraftForge for SecureJarResource(aether_redux_audit)
[228月2026 21:14:53.040] [main/DEBUG] [mixin/]: MixinPlatformAgentMinecraftForge rejected container SecureJarResource(aether_redux_audit)
[228月2026 21:14:53.040] [main/DEBUG] [mixin/]: Instancing new MixinPlatformAgentDefault for SecureJarResource(aether_redux_audit)
[228月2026 21:14:53.040] [main/DEBUG] [mixin/]: MixinPlatformAgentDefault accepted container SecureJarResource(aether_redux_audit)
[228月2026 21:14:53.040] [main/DEBUG] [mixin/]: Processing prepare() for PlatformAgent[MixinPlatformAgentDefault:SecureJarResource(aether_redux_audit)]
[228月2026 21:14:53.041] [main/DEBUG] [mixin/]: Adding mixin platform agents for container SecureJarResource(mclib)
[228月2026 21:14:53.041] [main/DEBUG] [mixin/]: Instancing new MixinPlatformAgentMinecraftForge for SecureJarResource(mclib)
[228月2026 21:14:53.041] [main/DEBUG] [mixin/]: MixinPlatformAgentMinecraftForge rejected container SecureJarResource(mclib)
[228月2026 21:14:53.041] [main/DEBUG] [mixin/]: Instancing new MixinPlatformAgentDefault for SecureJarResource(mclib)
[228月2026 21:14:53.041] [main/DEBUG] [mixin/]: MixinPlatformAgentDefault accepted container SecureJarResource(mclib)
[228月2026 21:14:53.041] [main/DEBUG] [mixin/]: Processing prepare() for PlatformAgent[MixinPlatformAgentDefault:SecureJarResource(mclib)]
[228月2026 21:14:53.041] [main/DEBUG] [mixin/]: Adding mixin platform agents for container SecureJarResource(l2serial)
[228月2026 21:14:53.041] [main/DEBUG] [mixin/]: Instancing new MixinPlatformAgentMinecraftForge for SecureJarResource(l2serial)
[228月2026 21:14:53.041] [main/DEBUG] [mixin/]: MixinPlatformAgentMinecraftForge rejected container SecureJarResource(l2serial)
[228月2026 21:14:53.041] [main/DEBUG] [mixin/]: Instancing new MixinPlatformAgentDefault for SecureJarResource(l2serial)
[228月2026 21:14:53.041] [main/DEBUG] [mixin/]: MixinPlatformAgentDefault accepted container SecureJarResource(l2serial)
[228月2026 21:14:53.041] [main/DEBUG] [mixin/]: Processing prepare() for PlatformAgent[MixinPlatformAgentDefault:SecureJarResource(l2serial)]
[228月2026 21:14:53.041] [main/DEBUG] [mixin/]: Adding mixin platform agents for container SecureJarResource(MixinExtras)
[228月2026 21:14:53.041] [main/DEBUG] [mixin/]: Instancing new MixinPlatformAgentMinecraftForge for SecureJarResource(MixinExtras)
[228月2026 21:14:53.041] [main/DEBUG] [mixin/]: MixinPlatformAgentMinecraftForge rejected container SecureJarResource(MixinExtras)
[228月2026 21:14:53.041] [main/DEBUG] [mixin/]: Instancing new MixinPlatformAgentDefault for SecureJarResource(MixinExtras)
[228月2026 21:14:53.041] [main/DEBUG] [mixin/]: MixinPlatformAgentDefault accepted container SecureJarResource(MixinExtras)
[228月2026 21:14:53.041] [main/DEBUG] [mixin/]: Processing prepare() for PlatformAgent[MixinPlatformAgentDefault:SecureJarResource(MixinExtras)]
[228月2026 21:14:53.041] [main/DEBUG] [mixin/]: inject() running with 32 agents
[228月2026 21:14:53.041] [main/DEBUG] [mixin/]: Processing inject() for PlatformAgent[MixinPlatformAgentDefault:ModLauncher Root Container(ModLauncher:4f56a0a2)]
[228月2026 21:14:53.041] [main/DEBUG] [mixin/]: Processing inject() for PlatformAgent[MixinPlatformAgentDefault:SecureJarResource(minecraft)]
[228月2026 21:14:53.041] [main/DEBUG] [mixin/]: Processing inject() for PlatformAgent[MixinPlatformAgentDefault:SecureJarResource(farmersdelight)]
[228月2026 21:14:53.041] [main/DEBUG] [mixin/]: Processing inject() for PlatformAgent[MixinPlatformAgentDefault:SecureJarResource(terrablender)]
[228月2026 21:14:53.041] [main/DEBUG] [mixin/]: Processing inject() for PlatformAgent[MixinPlatformAgentDefault:SecureJarResource(mousetweaks)]
[228月2026 21:14:53.041] [main/DEBUG] [mixin/]: Processing inject() for PlatformAgent[MixinPlatformAgentDefault:SecureJarResource(jade)]
[228月2026 21:14:53.042] [main/DEBUG] [mixin/]: Processing inject() for PlatformAgent[MixinPlatformAgentDefault:SecureJarResource(geckolib)]
[228月2026 21:14:53.042] [main/DEBUG] [mixin/]: Processing inject() for PlatformAgent[MixinPlatformAgentDefault:SecureJarResource(aether)]
[228月2026 21:14:53.042] [main/DEBUG] [mixin/]: Processing inject() for PlatformAgent[MixinPlatformAgentDefault:SecureJarResource(jei)]
[228月2026 21:14:53.042] [main/DEBUG] [mixin/]: Processing inject() for PlatformAgent[MixinPlatformAgentDefault:SecureJarResource(immortalers_delight)]
[228月2026 21:14:53.042] [main/DEBUG] [mixin/]: Processing inject() for PlatformAgent[MixinPlatformAgentDefault:SecureJarResource(botania)]
[228月2026 21:14:53.042] [main/DEBUG] [mixin/]: Processing inject() for PlatformAgent[MixinPlatformAgentDefault:SecureJarResource(aeroblender)]
[228月2026 21:14:53.042] [main/DEBUG] [mixin/]: Processing inject() for PlatformAgent[MixinPlatformAgentDefault:SecureJarResource(sophisticatedcore)]
[228月2026 21:14:53.042] [main/DEBUG] [mixin/]: Processing inject() for PlatformAgent[MixinPlatformAgentDefault:SecureJarResource(curios)]
[228月2026 21:14:53.042] [main/DEBUG] [mixin/]: Processing inject() for PlatformAgent[MixinPlatformAgentDefault:SecureJarResource(traderefresh)]
[228月2026 21:14:53.042] [main/DEBUG] [mixin/]: Processing inject() for PlatformAgent[MixinPlatformAgentDefault:SecureJarResource(patchouli)]
[228月2026 21:14:53.042] [main/DEBUG] [mixin/]: Processing inject() for PlatformAgent[MixinPlatformAgentDefault:SecureJarResource(placebo)]
[228月2026 21:14:53.042] [main/DEBUG] [mixin/]: Processing inject() for PlatformAgent[MixinPlatformAgentDefault:SecureJarResource(attributeslib)]
[228月2026 21:14:53.042] [main/DEBUG] [mixin/]: Processing inject() for PlatformAgent[MixinPlatformAgentDefault:SecureJarResource(jecharacters)]
[228月2026 21:14:53.042] [main/DEBUG] [mixin/]: Processing inject() for PlatformAgent[MixinPlatformAgentDefault:SecureJarResource(mixinextras)]
[228月2026 21:14:53.042] [main/DEBUG] [mixin/]: Processing inject() for PlatformAgent[MixinPlatformAgentDefault:SecureJarResource(sophisticatedbackpacks)]
[228月2026 21:14:53.042] [main/DEBUG] [mixin/]: Processing inject() for PlatformAgent[MixinPlatformAgentDefault:SecureJarResource(cumulus_menus)]
[228月2026 21:14:53.042] [main/DEBUG] [mixin/]: Processing inject() for PlatformAgent[MixinPlatformAgentDefault:SecureJarResource(apotheosis)]
[228月2026 21:14:53.042] [main/DEBUG] [mixin/]: Processing inject() for PlatformAgent[MixinPlatformAgentDefault:SecureJarResource(rs_integration)]
[228月2026 21:14:53.042] [main/DEBUG] [mixin/]: Processing inject() for PlatformAgent[MixinPlatformAgentDefault:SecureJarResource(nitrogen_internals)]
[228月2026 21:14:53.042] [main/DEBUG] [mixin/]: Processing inject() for PlatformAgent[MixinPlatformAgentDefault:SecureJarResource(ars_nouveau)]
[228月2026 21:14:53.042] [main/DEBUG] [mixin/]: Processing inject() for PlatformAgent[MixinPlatformAgentDefault:SecureJarResource(forge)]
[228月2026 21:14:53.042] [main/DEBUG] [mixin/]: Processing inject() for PlatformAgent[MixinPlatformAgentDefault:SecureJarResource(aether_redux)]
[228月2026 21:14:53.042] [main/DEBUG] [mixin/]: Processing inject() for PlatformAgent[MixinPlatformAgentDefault:SecureJarResource(aether_redux_audit)]
[228月2026 21:14:53.042] [main/DEBUG] [mixin/]: Processing inject() for PlatformAgent[MixinPlatformAgentDefault:SecureJarResource(mclib)]
[228月2026 21:14:53.042] [main/DEBUG] [mixin/]: Processing inject() for PlatformAgent[MixinPlatformAgentDefault:SecureJarResource(l2serial)]
[228月2026 21:14:53.042] [main/DEBUG] [mixin/]: Processing inject() for PlatformAgent[MixinPlatformAgentDefault:SecureJarResource(MixinExtras)]
[228月2026 21:14:53.042] [main/INFO] [cpw.mods.modlauncher.LaunchServiceHandler/MODLAUNCHER]: Launching target 'forgeclient' with arguments [--version, 植物科技, --gameDir, D:\E\桌面\游戏\PCL\.minecraft\versions\植物科技, --assetsDir, D:\E\桌面\游戏\PCL\.minecraft\assets, --uuid, 8dc98ac80f55437fbeb9bfae1c585be2, --username, Huang_Love, --assetIndex, 5, --accessToken, ❄❄❄❄❄❄❄❄, --clientId, ${clientid}, --xuid, ${auth_xuid}, --userType, msa, --versionType, PCL, --width, 854, --height, 480]
[228月2026 21:14:53.230] [main/DEBUG] [mixin/]: Error cleaning class output directory: .mixin.out
[228月2026 21:14:53.233] [main/DEBUG] [mixin/]: Preparing mixins for MixinEnvironment[DEFAULT]
[228月2026 21:14:53.233] [main/DEBUG] [mixin/]: Selecting config farmersdelight.mixins.json
[228月2026 21:14:53.240] [main/DEBUG] [mixin/]: Selecting config terrablender.mixins.json
[228月2026 21:14:53.241] [main/DEBUG] [mixin/]: Selecting config terrablender_forge.mixins.json
[228月2026 21:14:53.241] [main/DEBUG] [mixin/]: Selecting config mousetweaks.mixins.json
[228月2026 21:14:53.242] [main/DEBUG] [mixin/]: Selecting config jade.mixins.json
[228月2026 21:14:53.242] [main/DEBUG] [mixin/]: Selecting config geckolib.mixins.json
[228月2026 21:14:53.242] [main/DEBUG] [mixin/]: Selecting config aether.mixins.json
[228月2026 21:14:53.275] [main/DEBUG] [mixin/]: Selecting config immortalers_delight.mixins.json
[228月2026 21:14:53.275] [main/DEBUG] [mixin/]: Selecting config botania_xplat.mixins.json
[228月2026 21:14:53.276] [main/DEBUG] [mixin/]: Selecting config botania_forge.mixins.json
[228月2026 21:14:53.277] [main/DEBUG] [mixin/]: Selecting config aeroblender.mixins.json
[228月2026 21:14:53.278] [main/DEBUG] [mixin/]: Selecting config sophisticatedcore.mixins.json
[228月2026 21:14:53.278] [main/DEBUG] [mixin/]: Selecting config curios.mixins.json
[228月2026 21:14:53.279] [main/DEBUG] [mixin/]: Selecting config traderefresh.mixins.json
[228月2026 21:14:53.279] [main/DEBUG] [mixin/]: Selecting config patchouli_xplat.mixins.json
[228月2026 21:14:53.280] [main/DEBUG] [mixin/]: Selecting config placebo.mixins.json
[228月2026 21:14:53.280] [main/DEBUG] [mixin/]: Selecting config attributeslib.mixins.json
[228月2026 21:14:53.282] [main/DEBUG] [mixin/]: Selecting config mixinextras.init.mixins.json
[228月2026 21:14:53.342] [main/DEBUG] [MixinExtras|Service/]: com.llamalad7.mixinextras.service.MixinExtrasServiceImpl(version=0.3.6) is taking over from null
[228月2026 21:14:53.406] [main/DEBUG] [mixin/]: Registering new injector for @Inject with org.spongepowered.asm.mixin.injection.struct.CallbackInjectionInfo
[228月2026 21:14:53.407] [main/DEBUG] [mixin/]: Registering new injector for @ModifyArg with org.spongepowered.asm.mixin.injection.struct.ModifyArgInjectionInfo
[228月2026 21:14:53.408] [main/DEBUG] [mixin/]: Registering new injector for @ModifyArgs with org.spongepowered.asm.mixin.injection.struct.ModifyArgsInjectionInfo
[228月2026 21:14:53.409] [main/DEBUG] [mixin/]: Registering new injector for @Redirect with org.spongepowered.asm.mixin.injection.struct.RedirectInjectionInfo
[228月2026 21:14:53.412] [main/DEBUG] [mixin/]: Registering new injector for @ModifyVariable with org.spongepowered.asm.mixin.injection.struct.ModifyVariableInjectionInfo
[228月2026 21:14:53.414] [main/DEBUG] [mixin/]: Registering new injector for @ModifyConstant with org.spongepowered.asm.mixin.injection.struct.ModifyConstantInjectionInfo
[228月2026 21:14:53.432] [main/DEBUG] [mixin/]: Selecting config cumulus_menus.mixins.json
[228月2026 21:14:53.433] [main/DEBUG] [mixin/]: Selecting config apotheosis.mixins.json
[228月2026 21:14:53.434] [main/DEBUG] [mixin/]: Selecting config rs_integration.mixins.json
[228月2026 21:14:53.439] [main/DEBUG] [mixin/]: Selecting config nitrogen_internals.mixins.json
[228月2026 21:14:53.440] [main/WARN] [mixin/]: Reference map 'nitrogen_internals.refmap.json' for nitrogen_internals.mixins.json could not be read. If this is a development environment you can ignore this message
[228月2026 21:14:53.440] [main/DEBUG] [mixin/]: Selecting config ars_nouveau.mixins.json
[228月2026 21:14:53.443] [main/DEBUG] [mixin/]: Selecting config aether_redux.mixins.json
[228月2026 21:14:53.447] [main/DEBUG] [mixin/]: Preparing farmersdelight.mixins.json (14)
[228月2026 21:14:53.579] [main/DEBUG] [mixin/]: Preparing terrablender.mixins.json (7)
[228月2026 21:14:53.603] [main/DEBUG] [mixin/]: Preparing terrablender_forge.mixins.json (0)
[228月2026 21:14:53.603] [main/DEBUG] [mixin/]: Preparing mousetweaks.mixins.json (1)
[228月2026 21:14:53.610] [main/DEBUG] [mixin/]: Preparing jade.mixins.json (2)
[228月2026 21:14:53.614] [main/DEBUG] [mixin/]: Preparing geckolib.mixins.json (1)
[228月2026 21:14:53.615] [main/DEBUG] [mixin/]: Preparing aether.mixins.json (62)
[228月2026 21:14:53.822] [main/DEBUG] [mixin/]: Preparing immortalers_delight.mixins.json (4)
[228月2026 21:14:53.829] [main/DEBUG] [mixin/]: Preparing botania_xplat.mixins.json (77)
[228月2026 21:14:53.861] [main/DEBUG] [net.minecraftforge.coremod.transformer.CoreModBaseTransformer/COREMOD]: Transforming net/minecraft/world/level/biome/Biome
[228月2026 21:14:53.911] [main/DEBUG] [net.minecraftforge.coremod.transformer.CoreModBaseTransformer/COREMOD]: Transforming net/minecraft/world/level/NaturalSpawner
[228月2026 21:14:54.160] [main/DEBUG] [mixin/]: Preparing botania_forge.mixins.json (6)
[228月2026 21:14:54.165] [main/DEBUG] [mixin/]: Preparing aeroblender.mixins.json (8)
[228月2026 21:14:54.172] [main/DEBUG] [mixin/]: Preparing sophisticatedcore.mixins.json (1)
[228月2026 21:14:54.173] [main/DEBUG] [mixin/]: Preparing curios.mixins.json (13)
[228月2026 21:14:54.187] [main/DEBUG] [mixin/]: Preparing traderefresh.mixins.json (2)
[228月2026 21:14:54.199] [main/DEBUG] [net.minecraftforge.coremod.transformer.CoreModBaseTransformer/COREMOD]: Transforming net/minecraft/world/entity/npc/Villager
[228月2026 21:14:54.255] [main/DEBUG] [mixin/]: Preparing patchouli_xplat.mixins.json (10)
[228月2026 21:14:54.262] [main/DEBUG] [mixin/]: Preparing placebo.mixins.json (6)
[228月2026 21:14:54.267] [main/DEBUG] [net.minecraftforge.coremod.transformer.CoreModBaseTransformer/COREMOD]: Transforming net/minecraft/world/item/ItemStack
[228月2026 21:14:54.274] [main/DEBUG] [net.minecraftforge.coremod.transformer.CoreModBaseTransformer/COREMOD]: Transforming getEnchantmentLevel with desc (Lnet/minecraft/world/item/enchantment/Enchantment;)I
[228月2026 21:14:54.282] [main/INFO] [net.minecraftforge.coremod.CoreMod.placebo/COREMODLOG]: Patching IForgeItemStack#getEnchantmentLevel
[228月2026 21:14:54.306] [main/DEBUG] [net.minecraftforge.coremod.transformer.CoreModBaseTransformer/COREMOD]: Transforming getAllEnchantments with desc ()Ljava/util/Map;
[228月2026 21:14:54.310] [main/INFO] [net.minecraftforge.coremod.CoreMod.placebo/COREMODLOG]: Patching IForgeItemStack#getEnchantmentLevel
[228月2026 21:14:54.324] [main/DEBUG] [mixin/]: Preparing attributeslib.mixins.json (17)
[228月2026 21:14:54.338] [main/DEBUG] [mixin/]: Preparing mixinextras.init.mixins.json (0)
[228月2026 21:14:54.338] [main/DEBUG] [mixin/]: Preparing cumulus_menus.mixins.json (7)
[228月2026 21:14:54.342] [main/DEBUG] [mixin/]: Preparing apotheosis.mixins.json (31)
[228月2026 21:14:54.355] [main/DEBUG] [net.minecraftforge.coremod.transformer.CoreModBaseTransformer/COREMOD]: Transforming net/minecraft/world/inventory/AnvilMenu
[228月2026 21:14:54.412] [main/INFO] [net.minecraftforge.coremod.CoreMod.apotheosis/COREMODLOG]: Replaced 2 calls to Enchantment#getMaxLevel() in net/minecraft/world/inventory/AnvilMenu
[228月2026 21:14:54.434] [main/WARN] [mixin/]: Error loading class: org/violetmoon/quark/content/tweaks/module/GoldToolsHaveFortuneModule (java.lang.ClassNotFoundException: org.violetmoon.quark.content.tweaks.module.GoldToolsHaveFortuneModule)
[228月2026 21:14:54.435] [main/DEBUG] [mixin/]: Skipping virtual target org.violetmoon.quark.content.tweaks.module.GoldToolsHaveFortuneModule for apotheosis.mixins.json:GoldToolsHaveFortuneModuleMixin
[228月2026 21:14:54.435] [main/DEBUG] [net.minecraftforge.coremod.transformer.CoreModBaseTransformer/COREMOD]: Transforming getEnchantmentLevel with desc (Lnet/minecraft/world/item/enchantment/Enchantment;)I
[228月2026 21:14:54.437] [main/INFO] [net.minecraftforge.coremod.CoreMod.placebo/COREMODLOG]: Patching IForgeItemStack#getEnchantmentLevel
[228月2026 21:14:54.438] [main/DEBUG] [net.minecraftforge.coremod.transformer.CoreModBaseTransformer/COREMOD]: Transforming getAllEnchantments with desc ()Ljava/util/Map;
[228月2026 21:14:54.438] [main/INFO] [net.minecraftforge.coremod.CoreMod.placebo/COREMODLOG]: Patching IForgeItemStack#getEnchantmentLevel
[228月2026 21:14:54.452] [main/WARN] [mixin/]: Error loading class: org/violetmoon/quark/content/client/tooltip/AttributeTooltips (java.lang.ClassNotFoundException: org.violetmoon.quark.content.client.tooltip.AttributeTooltips)
[228月2026 21:14:54.452] [main/DEBUG] [mixin/]: Skipping virtual target org.violetmoon.quark.content.client.tooltip.AttributeTooltips for apotheosis.mixins.json:client.AttributeTooltipsMixin
[228月2026 21:14:54.454] [main/DEBUG] [mixin/]: Preparing nitrogen_internals.mixins.json (0)
[228月2026 21:14:54.454] [main/DEBUG] [mixin/]: Preparing ars_nouveau.mixins.json (30)
[228月2026 21:14:54.483] [main/DEBUG] [net.minecraftforge.coremod.transformer.CoreModBaseTransformer/COREMOD]: Transforming net/minecraft/world/level/levelgen/structure/templatesystem/StructureTemplate
[228月2026 21:14:54.523] [main/DEBUG] [mixin/]: Preparing aether_redux.mixins.json (73)
[228月2026 21:14:54.538] [main/WARN] [mixin/]: Error loading class: com/aetherteam/aether_genesis/block/natural/GreenAercloudBlock (java.lang.ClassNotFoundException: com.aetherteam.aether_genesis.block.natural.GreenAercloudBlock)
[228月2026 21:14:54.538] [main/WARN] [mixin/]: @Mixin target com.aetherteam.aether_genesis.block.natural.GreenAercloudBlock was not found aether_redux.mixins.json:common.block.GreenAercloudBlockMixin
[228月2026 21:14:54.541] [main/WARN] [mixin/]: Error loading class: com/aetherteam/aether_genesis/block/natural/OrangeTreeBlock (java.lang.ClassNotFoundException: com.aetherteam.aether_genesis.block.natural.OrangeTreeBlock)
[228月2026 21:14:54.541] [main/WARN] [mixin/]: @Mixin target com.aetherteam.aether_genesis.block.natural.OrangeTreeBlock was not found aether_redux.mixins.json:common.block.OrangeTreeMixin
[228月2026 21:14:54.543] [main/WARN] [mixin/]: Error loading class: com/aetherteam/aether_genesis/block/natural/PurpleAercloudBlock (java.lang.ClassNotFoundException: com.aetherteam.aether_genesis.block.natural.PurpleAercloudBlock)
[228月2026 21:14:54.543] [main/WARN] [mixin/]: @Mixin target com.aetherteam.aether_genesis.block.natural.PurpleAercloudBlock was not found aether_redux.mixins.json:common.block.PurpleAercloudBlockMixin
[228月2026 21:14:54.568] [main/WARN] [mixin/]: Error loading class: com/aetherteam/aether_genesis/client/GenesisMusic (java.lang.ClassNotFoundException: com.aetherteam.aether_genesis.client.GenesisMusic)
[228月2026 21:14:54.568] [main/WARN] [mixin/]: @Mixin target com.aetherteam.aether_genesis.client.GenesisMusic was not found aether_redux.mixins.json:client.audio.GoTVMusicMixin
[228月2026 21:14:54.576] [main/WARN] [mixin/]: Error loading class: com/aetherteam/aether_genesis/client/renderer/entity/SkyrootMimicRenderer (java.lang.ClassNotFoundException: com.aetherteam.aether_genesis.client.renderer.entity.SkyrootMimicRenderer)
[228月2026 21:14:54.577] [main/WARN] [mixin/]: @Mixin target com.aetherteam.aether_genesis.client.renderer.entity.SkyrootMimicRenderer was not found aether_redux.mixins.json:client.render.MimicRendererMixin
[228月2026 21:14:54.579] [main/WARN] [mixin/]: Error loading class: net/builderdog/ancient_aether/client/renderer/entity/FestiveSwetRenderer (java.lang.ClassNotFoundException: net.builderdog.ancient_aether.client.renderer.entity.FestiveSwetRenderer)
[228月2026 21:14:54.579] [main/WARN] [mixin/]: @Mixin target net.builderdog.ancient_aether.client.renderer.entity.FestiveSwetRenderer was not found aether_redux.mixins.json:client.render.SwetRendererMixin
[228月2026 21:14:54.580] [main/WARN] [mixin/]: Error loading class: com/aetherteam/protect_your_moa/client/renderer/entity/layers/MoaArmorLayer (java.lang.ClassNotFoundException: com.aetherteam.protect_your_moa.client.renderer.entity.layers.MoaArmorLayer)
[228月2026 21:14:54.580] [main/WARN] [mixin/]: @Mixin target com.aetherteam.protect_your_moa.client.renderer.entity.layers.MoaArmorLayer was not found aether_redux.mixins.json:client.render.layer.MoaArmorLayerMixin
[228月2026 21:14:54.581] [main/WARN] [mixin/]: Error loading class: com/aetherteam/protect_your_moa/client/renderer/entity/layers/MoaChestLayer (java.lang.ClassNotFoundException: com.aetherteam.protect_your_moa.client.renderer.entity.layers.MoaChestLayer)
[228月2026 21:14:54.581] [main/WARN] [mixin/]: @Mixin target com.aetherteam.protect_your_moa.client.renderer.entity.layers.MoaChestLayer was not found aether_redux.mixins.json:client.render.layer.MoaChestLayerMixin
[228月2026 21:14:54.581] [main/WARN] [mixin/]: Error loading class: com/legacy/lost_aether/client/render/layer/MoaHeadFeatherLayer (java.lang.ClassNotFoundException: com.legacy.lost_aether.client.render.layer.MoaHeadFeatherLayer)
[228月2026 21:14:54.581] [main/WARN] [mixin/]: @Mixin target com.legacy.lost_aether.client.render.layer.MoaHeadFeatherLayer was not found aether_redux.mixins.json:client.render.layer.MoaFeathersLayerMixin
[228月2026 21:14:54.585] [main/DEBUG] [mixin/]: Preparing rs_integration.mixins.json (94)
[228月2026 21:14:54.651] [main/WARN] [mixin/]: Error loading class: reliquary/item/ToggleableItem (java.lang.ClassNotFoundException: reliquary.item.ToggleableItem)
[228月2026 21:14:54.651] [main/WARN] [mixin/]: @Mixin target reliquary.item.ToggleableItem was not found rs_integration.mixins.json:reliquary.PyromancerStaffMixin
[228月2026 21:14:54.652] [main/WARN] [mixin/]: Error loading class: auviotre/enigmatic/addon/contents/items/AvariceRing (java.lang.ClassNotFoundException: auviotre.enigmatic.addon.contents.items.AvariceRing)
[228月2026 21:14:54.652] [main/WARN] [mixin/]: @Mixin target auviotre.enigmatic.addon.contents.items.AvariceRing was not found rs_integration.mixins.json:enigmaticaddons.AvariceRingMixin
[228月2026 21:14:54.652] [main/WARN] [mixin/]: Error loading class: com/moonstone/moonstonemod/item/maxitem/book/nine_sword_books (java.lang.ClassNotFoundException: com.moonstone.moonstonemod.item.maxitem.book.nine_sword_books)
[228月2026 21:14:54.653] [main/WARN] [mixin/]: @Mixin target com.moonstone.moonstonemod.item.maxitem.book.nine_sword_books was not found rs_integration.mixins.json:moonstone.NineSwordBooksMixin
[228月2026 21:14:54.653] [main/WARN] [mixin/]: Error loading class: com/aizistral/enigmaticlegacy/handlers/SuperpositionHandler (java.lang.ClassNotFoundException: com.aizistral.enigmaticlegacy.handlers.SuperpositionHandler)
[228月2026 21:14:54.653] [main/WARN] [mixin/]: @Mixin target com.aizistral.enigmaticlegacy.handlers.SuperpositionHandler was not found rs_integration.mixins.json:enigmaticlegacy.SuperpositionHandlerMixin
[228月2026 21:14:54.653] [main/WARN] [mixin/]: Error loading class: com/sammy/malum/common/recipe/AbstractSpiritListMalumRecipe (java.lang.ClassNotFoundException: com.sammy.malum.common.recipe.AbstractSpiritListMalumRecipe)
[228月2026 21:14:54.654] [main/WARN] [mixin/]: @Mixin target com.sammy.malum.common.recipe.AbstractSpiritListMalumRecipe was not found rs_integration.mixins.json:malum.AbstractSpiritListMalumRecipeMixin
[228月2026 21:14:54.654] [main/WARN] [mixin/]: Error loading class: com/sammy/malum/core/handlers/TouchOfDarknessHandler (java.lang.ClassNotFoundException: com.sammy.malum.core.handlers.TouchOfDarknessHandler)
[228月2026 21:14:54.654] [main/WARN] [mixin/]: @Mixin target com.sammy.malum.core.handlers.TouchOfDarknessHandler was not found rs_integration.mixins.json:malum.TouchOfDarknessHandlerMixin
[228月2026 21:14:54.655] [main/WARN] [mixin/]: Error loading class: com/sammy/malum/common/block/curiosities/weeping_well/VoidConduitBlockEntity (java.lang.ClassNotFoundException: com.sammy.malum.common.block.curiosities.weeping_well.VoidConduitBlockEntity)
[228月2026 21:14:54.655] [main/WARN] [mixin/]: @Mixin target com.sammy.malum.common.block.curiosities.weeping_well.VoidConduitBlockEntity was not found rs_integration.mixins.json:malum.VoidConduitBlockEntityMixin
[228月2026 21:14:54.656] [main/WARN] [mixin/]: Error loading class: com/inolia_zaicek/wizard_terra_cuiros/Item/BuffItem (java.lang.ClassNotFoundException: com.inolia_zaicek.wizard_terra_cuiros.Item.BuffItem)
[228月2026 21:14:54.656] [main/WARN] [mixin/]: @Mixin target com.inolia_zaicek.wizard_terra_cuiros.Item.BuffItem was not found rs_integration.mixins.json:wizardterracurios.BuffItemMixin
[228月2026 21:14:54.678] [main/DEBUG] [net.minecraftforge.coremod.transformer.CoreModBaseTransformer/COREMOD]: Transforming isAllowedBySearch with desc (Lit/unimi/dsi/fastutil/objects/Object2IntMap$Entry;)Z
[228月2026 21:14:54.719] [main/DEBUG] [mixin/]: @Mixin target dev.shadowsoffire.apotheosis.adventure.affix.reforging.ReforgingMenu is public in rs_integration.mixins.json:apotheosis.ReforgingMenuRestockMixin and should be specified in value
[228月2026 21:14:54.801] [main/DEBUG] [mixin/]: Inner class vazkii/botania/forge/mixin/client/ItemManasteelArmorForgeMixin$1 in vazkii/botania/forge/mixin/client/ItemManasteelArmorForgeMixin on vazkii/botania/common/item/equipment/armor/manasteel/ManasteelArmorItem gets unique name vazkii/botania/common/item/equipment/armor/manasteel/ManasteelArmorItem$Anonymous$ccbd5e80ff4e42bdbbbb5bb59ce94eae
[228月2026 21:14:54.843] [main/WARN] [mixin/]: Error loading class: com/aetherteam/aether_genesis/client/renderer/entity/SkyrootMimicRenderer (java.lang.ClassNotFoundException: com.aetherteam.aether_genesis.client.renderer.entity.SkyrootMimicRenderer)
[228月2026 21:14:54.844] [main/WARN] [mixin/]: Error loading class: com/aetherteam/aether_genesis/client/renderer/entity/SkyrootMimicRenderer (java.lang.ClassNotFoundException: com.aetherteam.aether_genesis.client.renderer.entity.SkyrootMimicRenderer)
[228月2026 21:14:54.845] [main/WARN] [mixin/]: Error loading class: net/builderdog/ancient_aether/client/renderer/entity/FestiveSwetRenderer (java.lang.ClassNotFoundException: net.builderdog.ancient_aether.client.renderer.entity.FestiveSwetRenderer)
[228月2026 21:14:54.845] [main/WARN] [mixin/]: Error loading class: net/builderdog/ancient_aether/client/renderer/entity/FestiveSwetRenderer (java.lang.ClassNotFoundException: net.builderdog.ancient_aether.client.renderer.entity.FestiveSwetRenderer)
[228月2026 21:14:54.859] [main/DEBUG] [mixin/]: Prepared 401 mixins in 1.624 sec (4.0ms avg) (0ms load, 0ms transform, 0ms plugin)
[228月2026 21:14:54.887] [main/INFO] [MixinExtras|Service/]: Initializing MixinExtras via com.llamalad7.mixinextras.service.MixinExtrasServiceImpl(version=0.3.6).
[228月2026 21:14:54.889] [main/DEBUG] [mixin/]: Registering new injector for @SugarWrapper with com.llamalad7.mixinextras.sugar.impl.SugarWrapperInjectionInfo
[228月2026 21:14:54.890] [main/DEBUG] [mixin/]: Registering new injector for @FactoryRedirectWrapper with com.llamalad7.mixinextras.wrapper.factory.FactoryRedirectWrapperInjectionInfo
[228月2026 21:14:54.898] [main/DEBUG] [mixin/]: Mixing client.MinecraftAccessor from botania_xplat.mixins.json into net.minecraft.client.Minecraft
[228月2026 21:14:54.924] [main/DEBUG] [mixin/]: Mixing light.ClientMixin from ars_nouveau.mixins.json into net.minecraft.client.Minecraft
[228月2026 21:14:54.927] [main/DEBUG] [mixin/]: Mixing minecraft.MinecraftMixin from rs_integration.mixins.json into net.minecraft.client.Minecraft
[228月2026 21:14:54.932] [main/DEBUG] [mixin/]: Mixing camera.MinecraftMixin from ars_nouveau.mixins.json into net.minecraft.client.Minecraft
[228月2026 21:14:55.328] [main/DEBUG] [io.netty.util.internal.logging.InternalLoggerFactory/]: Using SLF4J as the default logging framework
[228月2026 21:14:55.331] [main/DEBUG] [io.netty.util.ResourceLeakDetector/]: -Dio.netty.leakDetection.level: simple
[228月2026 21:14:55.331] [main/DEBUG] [io.netty.util.ResourceLeakDetector/]: -Dio.netty.leakDetection.targetRecords: 4
[228月2026 21:14:55.424] [main/DEBUG] [mixin/]: Mixing client.MixinSystemReport from patchouli_xplat.mixins.json into net.minecraft.SystemReport
[228月2026 21:14:55.470] [main/DEBUG] [oshi.util.FileUtil/]: No oshi.properties file found from ClassLoader cpw.mods.modlauncher.TransformingClassLoader@1b4a3a1
[228月2026 21:14:56.017] [main/DEBUG] [oshi.util.FileUtil/]: No oshi.architecture.properties file found from ClassLoader cpw.mods.modlauncher.TransformingClassLoader@1b4a3a1
[228月2026 21:14:56.132] [main/DEBUG] [mixin/]: Mixing NourishmentAlwaysEatMixin from farmersdelight.mixins.json into net.minecraft.world.entity.player.Player
[228月2026 21:14:56.135] [main/DEBUG] [mixin/]: Mixing common.PlayerMixin from aether.mixins.json into net.minecraft.world.entity.player.Player
[228月2026 21:14:56.138] [main/DEBUG] [mixin/]: Mixing common.accessor.PlayerAccessor from aether.mixins.json into net.minecraft.world.entity.player.Player
[228月2026 21:14:56.139] [main/DEBUG] [mixin/]: Mixing PlayerMixin from immortalers_delight.mixins.json into net.minecraft.world.entity.player.Player
[228月2026 21:14:56.139] [main/DEBUG] [mixin/]: immortalers_delight.mixins.json:PlayerMixin: Class version 61 required is higher than the class version supported by the current version of Mixin (JAVA_8 supports class version 52)
[228月2026 21:14:56.141] [main/DEBUG] [mixin/]: Mixing PlayerMixin from botania_xplat.mixins.json into net.minecraft.world.entity.player.Player
[228月2026 21:14:56.147] [main/DEBUG] [mixin/]: Mixing PlayerMixin from attributeslib.mixins.json into net.minecraft.world.entity.player.Player
[228月2026 21:14:56.155] [main/DEBUG] [mixin/]: Mixing elytra.ElytraPlayerMixin from ars_nouveau.mixins.json into net.minecraft.world.entity.player.Player
[228月2026 21:14:56.163] [main/DEBUG] [net.minecraftforge.coremod.transformer.CoreModBaseTransformer/COREMOD]: Transforming net/minecraft/world/entity/EntityType
[228月2026 21:14:56.215] [main/DEBUG] [mixin/]: Mixing common.LivingEntityMixin from aether.mixins.json into net.minecraft.world.entity.LivingEntity
[228月2026 21:14:56.216] [main/DEBUG] [mixin/]: Mixing common.accessor.LivingEntityAccessor from aether.mixins.json into net.minecraft.world.entity.LivingEntity
[228月2026 21:14:56.217] [main/DEBUG] [mixin/]: Mixing LivingEntityAccessor from botania_xplat.mixins.json into net.minecraft.world.entity.LivingEntity
[228月2026 21:14:56.217] [main/DEBUG] [mixin/]: Mixing MixinLivingEntity from curios.mixins.json into net.minecraft.world.entity.LivingEntity
[228月2026 21:14:56.218] [main/DEBUG] [mixin/]: Mixing LivingEntityMixin from attributeslib.mixins.json into net.minecraft.world.entity.LivingEntity
[228月2026 21:14:56.221] [main/DEBUG] [net.minecraftforge.coremod.transformer.CoreModBaseTransformer/COREMOD]: Transforming net/minecraft/world/effect/MobEffectInstance
[228月2026 21:14:56.227] [main/DEBUG] [mixin/]: Mixing LivingEntityInvoker from apotheosis.mixins.json into net.minecraft.world.entity.LivingEntity
[228月2026 21:14:56.228] [main/DEBUG] [mixin/]: Mixing LivingEntityMixin from apotheosis.mixins.json into net.minecraft.world.entity.LivingEntity
[228月2026 21:14:56.231] [main/DEBUG] [mixin/]: Mixing MHFMixinLivingEntity from apotheosis.mixins.json into net.minecraft.world.entity.LivingEntity
[228月2026 21:14:56.237] [main/DEBUG] [mixin/]: Mixing LivingAccessor from ars_nouveau.mixins.json into net.minecraft.world.entity.LivingEntity
[228月2026 21:14:56.237] [main/DEBUG] [mixin/]: Mixing elytra.MixinLivingEntity from ars_nouveau.mixins.json into net.minecraft.world.entity.LivingEntity
[228月2026 21:14:56.239] [main/DEBUG] [mixin/]: Mixing perks.PerkLivingEntity from ars_nouveau.mixins.json into net.minecraft.world.entity.LivingEntity
[228月2026 21:14:56.245] [main/DEBUG] [mixin/]: Mixing common.entity.LivingEntityMixin from aether_redux.mixins.json into net.minecraft.world.entity.LivingEntity
[228月2026 21:14:56.284] [main/DEBUG] [mixin/]: Mixing IForgeEntityMixin from attributeslib.mixins.json into net.minecraftforge.common.extensions.IForgeEntity
[228月2026 21:14:56.296] [main/DEBUG] [mixin/]: Mixing common.EntityMixin from aether.mixins.json into net.minecraft.world.entity.Entity
[228月2026 21:14:56.317] [main/DEBUG] [mixin/]: Mixing common.accessor.EntityAccessor from aether.mixins.json into net.minecraft.world.entity.Entity
[228月2026 21:14:56.317] [main/DEBUG] [mixin/]: Mixing EntityFireImmuneMixin from immortalers_delight.mixins.json into net.minecraft.world.entity.Entity
[228月2026 21:14:56.319] [main/DEBUG] [mixin/]: immortalers_delight.mixins.json:EntityFireImmuneMixin: Class version 61 required is higher than the class version supported by the current version of Mixin (JAVA_8 supports class version 52)
[228月2026 21:14:56.319] [main/DEBUG] [mixin/]: Mixing EntityAccessor from botania_xplat.mixins.json into net.minecraft.world.entity.Entity
[228月2026 21:14:56.319] [main/DEBUG] [mixin/]: Mixing EntityMixin from botania_xplat.mixins.json into net.minecraft.world.entity.Entity
[228月2026 21:14:56.323] [main/DEBUG] [mixin/]: Mixing AccessorEntity from curios.mixins.json into net.minecraft.world.entity.Entity
[228月2026 21:14:56.323] [main/DEBUG] [mixin/]: Mixing EntityMixin from attributeslib.mixins.json into net.minecraft.world.entity.Entity
[228月2026 21:14:56.324] [main/DEBUG] [mixin/]: Mixing rewind.RewindEntityMixin from ars_nouveau.mixins.json into net.minecraft.world.entity.Entity
[228月2026 21:14:56.330] [main/DEBUG] [mixin/]: Mixing light.LightEntityMixin from ars_nouveau.mixins.json into net.minecraft.world.entity.Entity
[228月2026 21:14:56.359] [main/DEBUG] [mixin/]: Mixing common.entity.EntityMixin from aether_redux.mixins.json into net.minecraft.world.entity.Entity
[228月2026 21:14:56.360] [main/DEBUG] [mixin/]: Mixing minecraft.EntityMixin from rs_integration.mixins.json into net.minecraft.world.entity.Entity
[228月2026 21:14:56.371] [main/WARN] [mixin/]: Mixin immortalers_delight.mixins.json:EntityFireImmuneMixin has multiple constructors, (Ljava/lang/Class;)V was selected

[228月2026 21:14:56.450] [main/DEBUG] [mixin/]: Mixing CanvasSignEditScreenMixin from farmersdelight.mixins.json into net.minecraft.client.player.LocalPlayer
[228月2026 21:14:56.453] [main/DEBUG] [mixin/]: Mixing elytra.ClientElytraMixin from ars_nouveau.mixins.json into net.minecraft.client.player.LocalPlayer
[228月2026 21:14:56.460] [main/DEBUG] [mixin/]: Mixing client.AbstractClientPlayerMixin from aether.mixins.json into net.minecraft.client.player.AbstractClientPlayer
[228月2026 21:14:56.465] [main/DEBUG] [mixin/]: Mixing client.accessor.ScreenAccessor from aether.mixins.json into net.minecraft.client.gui.screens.Screen
[228月2026 21:14:56.465] [main/DEBUG] [mixin/]: Mixing client.AccessorScreen from patchouli_xplat.mixins.json into net.minecraft.client.gui.screens.Screen
[228月2026 21:14:56.465] [main/DEBUG] [mixin/]: Mixing client.accessor.ScreenAccessor from cumulus_menus.mixins.json into net.minecraft.client.gui.screens.Screen
[228月2026 21:14:56.467] [main/DEBUG] [mixin/]: Renaming @Accessor method cumulus$setBackgroundLocation(Lnet/minecraft/resources/ResourceLocation;)V to cumulus$setBackgroundLocation_$md$e88676$0 in cumulus_menus.mixins.json:client.accessor.ScreenAccessor
[228月2026 21:14:56.467] [main/DEBUG] [mixin/]: Mixing client.gui.ScreenMixin from aether_redux.mixins.json into net.minecraft.client.gui.screens.Screen
[228月2026 21:14:56.474] [main/DEBUG] [mixin/]: Mixing client.PauseScreenMixin from aether.mixins.json into net.minecraft.client.gui.screens.PauseScreen
[228月2026 21:14:56.481] [main/DEBUG] [mixin/]: Mixing client.MixinInventoryScreen from patchouli_xplat.mixins.json into net.minecraft.client.gui.screens.inventory.InventoryScreen
[228月2026 21:14:56.481] [main/DEBUG] [net.minecraftforge.coremod.transformer.CoreModBaseTransformer/COREMOD]: Transforming m_280113_ with desc (Lnet/minecraft/client/gui/GuiGraphics;II)V
[228月2026 21:14:56.489] [main/INFO] [net.minecraftforge.coremod.CoreMod.attributeslib/COREMODLOG]: Patching EffectRenderingInventoryScreen#renderEffects
[228月2026 21:14:56.507] [main/DEBUG] [net.minecraftforge.coremod.transformer.CoreModBaseTransformer/COREMOD]: Transforming m_280113_ with desc (Lnet/minecraft/client/gui/GuiGraphics;II)V
[228月2026 21:14:56.507] [main/INFO] [net.minecraftforge.coremod.CoreMod.attributeslib/COREMODLOG]: Patching EffectRenderingInventoryScreen#renderEffects
[228月2026 21:14:56.513] [main/DEBUG] [mixin/]: Mixing AbstractContainerScreenAccessor from mousetweaks.mixins.json into net.minecraft.client.gui.screens.inventory.AbstractContainerScreen
[228月2026 21:14:56.514] [main/DEBUG] [mixin/]: Mixing client.AbstractContainerScreenAccessor from botania_xplat.mixins.json into net.minecraft.client.gui.screens.inventory.AbstractContainerScreen
[228月2026 21:14:56.514] [main/DEBUG] [mixin/]: Mixing client.AbstractContainerScreenMixin from attributeslib.mixins.json into net.minecraft.client.gui.screens.inventory.AbstractContainerScreen
[228月2026 21:14:56.514] [main/DEBUG] [mixin/]: Mixing client.AbstractContainerScreenMixin from apotheosis.mixins.json into net.minecraft.client.gui.screens.inventory.AbstractContainerScreen
[228月2026 21:14:56.541] [main/DEBUG] [mixin/]: Mixing common.accessor.LevelAccessor from aether.mixins.json into net.minecraft.world.level.Level
[228月2026 21:14:56.541] [main/DEBUG] [mixin/]: Mixing LevelAccessor from botania_xplat.mixins.json into net.minecraft.world.level.Level
[228月2026 21:14:56.558] [main/DEBUG] [mixin/]: Mixing client.accessor.GuiAccessor from aether.mixins.json into net.minecraft.client.gui.Gui
[228月2026 21:14:56.558] [main/DEBUG] [mixin/]: Mixing client.GuiMixin from apotheosis.mixins.json into net.minecraft.client.gui.Gui
[228月2026 21:14:56.560] [main/INFO] [mixin/]: BeforeConstant is searching for constants in method with descriptor (Lnet/minecraft/network/chat/Component;Z)V
[228月2026 21:14:56.561] [main/INFO] [mixin/]:   BeforeConstant found INTEGER constant: value = 0, intValue = null
[228月2026 21:14:56.561] [main/INFO] [mixin/]:     BeforeConstant found a matching constant TYPE at ordinal 0
[228月2026 21:14:56.561] [main/INFO] [mixin/]:       BeforeConstant found Insn [ICONST_0] 
[228月2026 21:14:56.561] [main/INFO] [mixin/]:   BeforeConstant found INTEGER constant: value = 60, intValue = null
[228月2026 21:14:56.561] [main/INFO] [mixin/]:     BeforeConstant found a matching constant TYPE at ordinal 1
[228月2026 21:14:56.561] [main/INFO] [mixin/]:       BeforeConstant found IntInsn 60
[228月2026 21:14:56.569] [main/DEBUG] [mixin/]: Mixing client.TitleScreenMixin from aether.mixins.json into net.minecraft.client.gui.screens.TitleScreen
[228月2026 21:14:56.569] [main/DEBUG] [mixin/]: Mixing client.accessor.TitleScreenAccessor from aether.mixins.json into net.minecraft.client.gui.screens.TitleScreen
[228月2026 21:14:56.570] [main/DEBUG] [mixin/]: Mixing client.accessor.TitleScreenAccessor from cumulus_menus.mixins.json into net.minecraft.client.gui.screens.TitleScreen
[228月2026 21:14:56.677] [pool-4-thread-1/DEBUG] [mixin/]: Mixing MixinBuiltInRegistries from terrablender.mixins.json into net.minecraft.core.registries.BuiltInRegistries
[228月2026 21:14:56.678] [pool-4-thread-1/DEBUG] [mixin/]: Renaming synthetic method lambda$registerSimple$0(Lnet/minecraft/core/registries/BuiltInRegistries$RegistryBootstrap;Lnet/minecraft/core/Registry;)Ljava/lang/Object; to mde88676$lambda$registerSimple$0$0 in terrablender.mixins.json:MixinBuiltInRegistries
[228月2026 21:14:56.681] [pool-4-thread-1/DEBUG] [mixin/]: Mixing BuiltInRegistriesForgeAccessor from botania_forge.mixins.json into net.minecraft.core.registries.BuiltInRegistries
[228月2026 21:14:56.683] [pool-4-thread-1/DEBUG] [mixin/]: Renaming @Invoker method callRegisterDefaulted(Lnet/minecraft/resources/ResourceKey;Ljava/lang/String;Lnet/minecraft/core/registries/BuiltInRegistries$RegistryBootstrap;)Lnet/minecraft/core/DefaultedRegistry; to callRegisterDefaulted_$md$e88676$1 in botania_forge.mixins.json:BuiltInRegistriesForgeAccessor
[228月2026 21:14:56.758] [pool-4-thread-1/DEBUG] [mixin/]: Mixing BlockMixin from apotheosis.mixins.json into net.minecraft.world.level.block.Block
[228月2026 21:14:56.782] [pool-4-thread-1/DEBUG] [mixin/]: Mixing common.block.IForgeBlockQuicksoilBehaviorMixin from aether_redux.mixins.json into net.minecraftforge.common.extensions.IForgeBlock
[228月2026 21:14:56.788] [pool-4-thread-1/DEBUG] [mixin/]: Mixing common.block.BlockBehaviorMixin from aether_redux.mixins.json into net.minecraft.world.level.block.state.BlockBehaviour
[228月2026 21:14:56.788] [pool-4-thread-1/DEBUG] [mixin/]: Mixing common.block.BlockBehaviourMixin from aether_redux.mixins.json into net.minecraft.world.level.block.state.BlockBehaviour
[228月2026 21:14:56.795] [pool-4-thread-1/DEBUG] [mixin/]: Mixing redstone.RedstoneLevelMixin from ars_nouveau.mixins.json into net.minecraft.world.level.block.state.BlockBehaviour$BlockStateBase
[228月2026 21:14:56.812] [pool-4-thread-1/DEBUG] [mixin/]: Mixing common.accessor.ServerLevelAccessor from aether.mixins.json into net.minecraft.server.level.ServerLevel
[228月2026 21:14:56.813] [pool-4-thread-1/DEBUG] [mixin/]: Mixing ServerLevelMixin from botania_xplat.mixins.json into net.minecraft.server.level.ServerLevel
[228月2026 21:14:56.834] [pool-4-thread-1/DEBUG] [mixin/]: Mixing ItemEntityMixin from immortalers_delight.mixins.json into net.minecraft.world.entity.item.ItemEntity
[228月2026 21:14:56.834] [pool-4-thread-1/DEBUG] [mixin/]: immortalers_delight.mixins.json:ItemEntityMixin: Class version 61 required is higher than the class version supported by the current version of Mixin (JAVA_8 supports class version 52)
[228月2026 21:14:56.835] [pool-4-thread-1/DEBUG] [mixin/]: Mixing ItemEntityAccessor from botania_xplat.mixins.json into net.minecraft.world.entity.item.ItemEntity
[228月2026 21:14:56.835] [pool-4-thread-1/DEBUG] [mixin/]: Mixing ItemEntityMixin from botania_xplat.mixins.json into net.minecraft.world.entity.item.ItemEntity
[228月2026 21:14:56.840] [pool-4-thread-1/DEBUG] [mixin/]: Mixing minecraft.ItemEntityAccessor from rs_integration.mixins.json into net.minecraft.world.entity.item.ItemEntity
[228月2026 21:14:56.841] [pool-4-thread-1/DEBUG] [mixin/]: Mixing majruszsdifficulty.MajruszTreasureBagItemEntityMixin from rs_integration.mixins.json into net.minecraft.world.entity.item.ItemEntity
[228月2026 21:14:56.885] [pool-4-thread-1/DEBUG] [mixin/]: Mixing PlacePumpkinPieMixin from farmersdelight.mixins.json into net.minecraft.world.item.Item
[228月2026 21:14:56.898] [pool-4-thread-1/DEBUG] [mixin/]: Mixing common.ItemMixin from aether.mixins.json into net.minecraft.world.item.Item
[228月2026 21:14:56.903] [pool-4-thread-1/DEBUG] [mixin/]: Mixing ItemMixin from botania_xplat.mixins.json into net.minecraft.world.item.Item
[228月2026 21:14:56.904] [pool-4-thread-1/DEBUG] [mixin/]: Mixing ItemMixin from apotheosis.mixins.json into net.minecraft.world.item.Item
[228月2026 21:14:56.905] [pool-4-thread-1/DEBUG] [mixin/]: Mixing common.item.ItemMixin from aether_redux.mixins.json into net.minecraft.world.item.Item
[228月2026 21:14:56.915] [pool-4-thread-1/DEBUG] [mixin/]: Mixing IForgeItemMixin from attributeslib.mixins.json into net.minecraftforge.common.extensions.IForgeItem
[228月2026 21:14:56.921] [pool-4-thread-1/DEBUG] [net.minecraftforge.coremod.transformer.CoreModBaseTransformer/COREMOD]: Transforming net/minecraft/world/entity/EntityType
[228月2026 21:14:56.943] [pool-4-thread-1/DEBUG] [mixin/]: Mixing EnchantmentMixin from traderefresh.mixins.json into net.minecraft.world.item.enchantment.Enchantment
[228月2026 21:14:56.945] [pool-4-thread-1/DEBUG] [mixin/]: Mixing EnchantmentMixin from apotheosis.mixins.json into net.minecraft.world.item.enchantment.Enchantment
[228月2026 21:14:56.945] [pool-4-thread-1/DEBUG] [mixin/]: Renaming synthetic method lambda$apoth_modifyEnchColorForAboveMaxLevel$0(Lnet/minecraft/network/chat/Style;)Lnet/minecraft/network/chat/Style; to mde88676$lambda$apoth_modifyEnchColorForAboveMaxLevel$0$0 in apotheosis.mixins.json:EnchantmentMixin
[228月2026 21:14:56.993] [pool-4-thread-1/DEBUG] [mixin/]: Mixing AttributeMixin from attributeslib.mixins.json into net.minecraft.world.entity.ai.attributes.Attribute
[228月2026 21:14:57.024] [pool-4-thread-1/DEBUG] [mixin/]: Mixing KeepRichSoilGiantTreeMixin from farmersdelight.mixins.json into net.minecraft.world.level.levelgen.feature.Feature
[228月2026 21:14:57.024] [pool-4-thread-1/DEBUG] [mixin/]: Renaming synthetic method lambda$keepRichSoil$0(Lnet/minecraft/world/level/block/state/BlockState;)Z to mde88676$lambda$keepRichSoil$0$0 in farmersdelight.mixins.json:KeepRichSoilGiantTreeMixin
[228月2026 21:14:57.027] [pool-4-thread-1/DEBUG] [mixin/]: Mixing common.FeatureMixin from aether.mixins.json into net.minecraft.world.level.levelgen.feature.Feature
[228月2026 21:14:57.027] [pool-4-thread-1/DEBUG] [mixin/]: Renaming synthetic method lambda$isGrassOrDirt$0(Lnet/minecraft/world/level/block/state/BlockState;)Z to mde88676$lambda$isGrassOrDirt$0$1 in aether.mixins.json:common.FeatureMixin
[228月2026 21:14:57.075] [pool-4-thread-1/DEBUG] [net.minecraftforge.coremod.transformer.CoreModBaseTransformer/COREMOD]: Transforming net/minecraft/world/item/CreativeModeTabs
[228月2026 21:14:57.128] [pool-4-thread-1/INFO] [net.minecraftforge.coremod.CoreMod.apotheosis/COREMODLOG]: Replaced 2 calls to Enchantment#getMaxLevel() in net/minecraft/world/item/CreativeModeTabs
[228月2026 21:14:57.138] [pool-4-thread-1/DEBUG] [mixin/]: Mixing common.accessor.FireBlockAccessor from aether.mixins.json into net.minecraft.world.level.block.FireBlock
[228月2026 21:14:57.139] [pool-4-thread-1/DEBUG] [mixin/]: Mixing FireBlockAccessor from botania_xplat.mixins.json into net.minecraft.world.level.block.FireBlock
[228月2026 21:14:57.330] [pool-4-thread-1/DEBUG] [mixin/]: Mixing common.accessor.SpreadingSnowyDirtBlockAccessor from aether.mixins.json into net.minecraft.world.level.block.SpreadingSnowyDirtBlock
[228月2026 21:14:57.331] [pool-4-thread-1/DEBUG] [mixin/]: Renaming @Invoker method callCanBeGrass(Lnet/minecraft/world/level/block/state/BlockState;Lnet/minecraft/world/level/LevelReader;Lnet/minecraft/core/BlockPos;)Z to callCanBeGrass_$md$e88676$0 in aether.mixins.json:common.accessor.SpreadingSnowyDirtBlockAccessor
[228月2026 21:14:57.332] [pool-4-thread-1/DEBUG] [mixin/]: Renaming @Invoker method callCanPropagate(Lnet/minecraft/world/level/block/state/BlockState;Lnet/minecraft/world/level/LevelReader;Lnet/minecraft/core/BlockPos;)Z to callCanPropagate_$md$e88676$1 in aether.mixins.json:common.accessor.SpreadingSnowyDirtBlockAccessor
[228月2026 21:14:57.335] [pool-4-thread-1/DEBUG] [mixin/]: Mixing common.accessor.BushBlockAccessor from aether.mixins.json into net.minecraft.world.level.block.BushBlock
[228月2026 21:14:57.335] [pool-4-thread-1/DEBUG] [mixin/]: Mixing BushBlockMixin from botania_xplat.mixins.json into net.minecraft.world.level.block.BushBlock
[228月2026 21:14:57.342] [pool-4-thread-1/DEBUG] [net.minecraftforge.coremod.transformer.CoreModBaseTransformer/COREMOD]: Transforming net/minecraft/world/level/block/LiquidBlock
[228月2026 21:14:57.349] [pool-4-thread-1/DEBUG] [mixin/]: Mixing client.block.LeafBlockClientMixin from aether_redux.mixins.json into net.minecraft.world.level.block.LeavesBlock
[228月2026 21:14:57.353] [pool-4-thread-1/DEBUG] [mixin/]: Mixing CuttingBoardDispenserMixin from farmersdelight.mixins.json into net.minecraft.world.level.block.DispenserBlock
[228月2026 21:14:57.355] [pool-4-thread-1/DEBUG] [mixin/]: Mixing DispenserBlockAccessor from botania_xplat.mixins.json into net.minecraft.world.level.block.DispenserBlock
[228月2026 21:14:57.355] [pool-4-thread-1/DEBUG] [mixin/]: Renaming @Accessor method getDispenserRegistry()Ljava/util/Map; to getDispenserRegistry_$md$e88676$0 in botania_xplat.mixins.json:DispenserBlockAccessor
[228月2026 21:14:57.355] [pool-4-thread-1/DEBUG] [mixin/]: Mixing jar.DispenserMixin from ars_nouveau.mixins.json into net.minecraft.world.level.block.DispenserBlock
[228月2026 21:14:57.378] [pool-4-thread-1/DEBUG] [mixin/]: Mixing PistonBaseBlockMixin from botania_xplat.mixins.json into net.minecraft.world.level.block.piston.PistonBaseBlock
[228月2026 21:14:57.379] [pool-4-thread-1/DEBUG] [mixin/]: Mixing PistonBaseBlockAccessor from botania_xplat.mixins.json into net.minecraft.world.level.block.piston.PistonBaseBlock
[228月2026 21:14:57.386] [pool-4-thread-1/DEBUG] [mixin/]: Mixing common.block.DoublePlantMixin from aether_redux.mixins.json into net.minecraft.world.level.block.DoublePlantBlock
[228月2026 21:14:57.398] [pool-4-thread-1/DEBUG] [net.minecraftforge.coremod.transformer.CoreModBaseTransformer/COREMOD]: Transforming net/minecraft/world/level/block/StairBlock
[228月2026 21:14:57.408] [pool-4-thread-1/DEBUG] [mixin/]: Mixing KeepRichSoilUntrampledMixin from farmersdelight.mixins.json into net.minecraft.world.level.block.FarmBlock
[228月2026 21:14:57.408] [pool-4-thread-1/DEBUG] [mixin/]: Mixing FarmBlockMixin from botania_xplat.mixins.json into net.minecraft.world.level.block.FarmBlock
[228月2026 21:14:57.428] [pool-4-thread-1/DEBUG] [mixin/]: Mixing RopeFenceConnectionMixin from farmersdelight.mixins.json into net.minecraft.world.level.block.FenceBlock
[228月2026 21:14:57.451] [pool-4-thread-1/DEBUG] [mixin/]: Mixing AbstractCauldronBlockAccessor from botania_xplat.mixins.json into net.minecraft.world.level.block.AbstractCauldronBlock
[228月2026 21:14:57.462] [pool-4-thread-1/DEBUG] [mixin/]: Mixing common.block.ReduxWallBlockAccessor from aether_redux.mixins.json into net.minecraft.world.level.block.WallBlock
[228月2026 21:14:57.464] [pool-4-thread-1/DEBUG] [net.minecraftforge.coremod.transformer.CoreModBaseTransformer/COREMOD]: Transforming net/minecraft/world/level/block/FlowerPotBlock
[228月2026 21:14:57.474] [pool-4-thread-1/DEBUG] [mixin/]: Mixing AnvilBlockMixin from placebo.mixins.json into net.minecraft.world.level.block.AnvilBlock
[228月2026 21:14:57.494] [pool-4-thread-1/DEBUG] [mixin/]: Mixing common.accessor.ConcretePowderBlockAccessor from aether.mixins.json into net.minecraft.world.level.block.ConcretePowderBlock
[228月2026 21:14:57.494] [pool-4-thread-1/DEBUG] [mixin/]: Renaming @Invoker method callShouldSolidify(Lnet/minecraft/world/level/BlockGetter;Lnet/minecraft/core/BlockPos;Lnet/minecraft/world/level/block/state/BlockState;)Z to callShouldSolidify_$md$e88676$0 in aether.mixins.json:common.accessor.ConcretePowderBlockAccessor
[228月2026 21:14:57.496] [pool-4-thread-1/DEBUG] [mixin/]: Mixing GrowingPlantBodyBlockMixin from botania_xplat.mixins.json into net.minecraft.world.level.block.GrowingPlantBodyBlock
[228月2026 21:14:57.511] [pool-4-thread-1/DEBUG] [mixin/]: Mixing CampfireBaleMixin from farmersdelight.mixins.json into net.minecraft.world.level.block.CampfireBlock
[228月2026 21:14:57.524] [pool-4-thread-1/DEBUG] [mixin/]: Mixing CandleBlockMixin from apotheosis.mixins.json into net.minecraft.world.level.block.CandleBlock
[228月2026 21:14:57.529] [pool-4-thread-1/DEBUG] [mixin/]: Mixing MixinPowderSnowBlock from curios.mixins.json into net.minecraft.world.level.block.PowderSnowBlock
[228月2026 21:14:57.560] [pool-4-thread-1/DEBUG] [mixin/]: Mixing BlockPropertiesAccessor from botania_xplat.mixins.json into net.minecraft.world.level.block.state.BlockBehaviour$Properties
[228月2026 21:14:57.692] [pool-4-thread-1/DEBUG] [mixin/]: Mixing FallingBlockEntityMixin from apotheosis.mixins.json into net.minecraft.world.entity.item.FallingBlockEntity
[228月2026 21:14:57.744] [pool-4-thread-1/DEBUG] [mixin/]: Mixing ServerPlayerMixin from botania_xplat.mixins.json into net.minecraft.server.level.ServerPlayer
[228月2026 21:14:57.744] [pool-4-thread-1/DEBUG] [mixin/]: Mixing camera.ANServerPlayerMixin from ars_nouveau.mixins.json into net.minecraft.server.level.ServerPlayer
[228月2026 21:14:57.745] [pool-4-thread-1/DEBUG] [mixin/]: Mixing minecraft.ServerPlayerTickMixin from rs_integration.mixins.json into net.minecraft.server.level.ServerPlayer
[228月2026 21:14:57.747] [pool-4-thread-1/DEBUG] [mixin/]: Mixing minecraft.ServerPlayerMessageMixin from rs_integration.mixins.json into net.minecraft.server.level.ServerPlayer
[228月2026 21:14:57.764] [pool-4-thread-1/DEBUG] [mixin/]: Mixing RandomizableContainerBlockEntityAccessor from botania_xplat.mixins.json into net.minecraft.world.level.block.entity.RandomizableContainerBlockEntity
[228月2026 21:14:57.938] [pool-4-thread-1/DEBUG] [mixin/]: Mixing KeepRichSoilTreeMixin from farmersdelight.mixins.json into net.minecraft.world.level.levelgen.feature.trunkplacers.TrunkPlacer
[228月2026 21:14:57.938] [pool-4-thread-1/DEBUG] [mixin/]: Renaming synthetic method lambda$cancelSetDirtIfRichSoil$0(Lnet/minecraft/world/level/block/state/BlockState;)Z to mde88676$lambda$cancelSetDirtIfRichSoil$0$0 in farmersdelight.mixins.json:KeepRichSoilTreeMixin
[228月2026 21:14:58.063] [pool-4-thread-1/DEBUG] [mixin/]: Mixing common.accessor.AbstractContainerMenuAccessor from aether.mixins.json into net.minecraft.world.inventory.AbstractContainerMenu
[228月2026 21:14:58.064] [pool-4-thread-1/DEBUG] [mixin/]: Mixing AbstractContainerMenuInvoker from placebo.mixins.json into net.minecraft.world.inventory.AbstractContainerMenu
[228月2026 21:14:58.064] [pool-4-thread-1/DEBUG] [mixin/]: Mixing minecraft.ContainerDistanceMixin from rs_integration.mixins.json into net.minecraft.world.inventory.AbstractContainerMenu
[228月2026 21:14:58.070] [pool-4-thread-1/DEBUG] [mixin/]: Mixing common.accessor.AbstractFurnaceBlockEntityAccessor from aether.mixins.json into net.minecraft.world.level.block.entity.AbstractFurnaceBlockEntity
[228月2026 21:14:58.071] [pool-4-thread-1/DEBUG] [mixin/]: Renaming @Invoker method callGetTotalCookTime(Lnet/minecraft/world/level/Level;Lnet/minecraft/world/level/block/entity/AbstractFurnaceBlockEntity;)I to callGetTotalCookTime_$md$e88676$0 in aether.mixins.json:common.accessor.AbstractFurnaceBlockEntityAccessor
[228月2026 21:14:58.071] [pool-4-thread-1/DEBUG] [mixin/]: Mixing AbstractFurnaceBlockEntityAccessor from botania_xplat.mixins.json into net.minecraft.world.level.block.entity.AbstractFurnaceBlockEntity
[228月2026 21:14:58.071] [pool-4-thread-1/DEBUG] [mixin/]: Mixing AbstractFurnaceBlockEntityForgeAccessor from botania_forge.mixins.json into net.minecraft.world.level.block.entity.AbstractFurnaceBlockEntity
[228月2026 21:14:58.071] [pool-4-thread-1/DEBUG] [mixin/]: Mixing minecraft.AbstractFurnaceAccessor from rs_integration.mixins.json into net.minecraft.world.level.block.entity.AbstractFurnaceBlockEntity
[228月2026 21:14:58.072] [pool-4-thread-1/DEBUG] [mixin/]: Unexpected: Registered method callCanBurn(Lnet/minecraft/core/RegistryAccess;Lnet/minecraft/world/item/crafting/Recipe;Lnet/minecraft/core/NonNullList;I)Z in net.minecraft.world.level.block.entity.AbstractFurnaceBlockEntity was not merged
[228月2026 21:14:58.111] [pool-4-thread-1/DEBUG] [mixin/]: Mixing common.AbstractArrowMixin from aether.mixins.json into net.minecraft.world.entity.projectile.AbstractArrow
[228月2026 21:14:58.112] [pool-4-thread-1/DEBUG] [mixin/]: Renaming synthetic method lambda$tick$0(Lcom/aetherteam/aether/capability/arrow/PhoenixArrow;)V to mde88676$lambda$tick$0$0 in aether.mixins.json:common.AbstractArrowMixin
[228月2026 21:14:58.113] [pool-4-thread-1/DEBUG] [mixin/]: Mixing common.entity.ArrowMixin from aether_redux.mixins.json into net.minecraft.world.entity.projectile.AbstractArrow
[228月2026 21:14:58.114] [pool-4-thread-1/DEBUG] [mixin/]: Renaming synthetic method lambda$particleCheck$1()Ljava/lang/IllegalStateException; to mde88676$lambda$particleCheck$1$1 in aether_redux.mixins.json:common.entity.ArrowMixin
[228月2026 21:14:58.114] [pool-4-thread-1/DEBUG] [mixin/]: Renaming synthetic method lambda$tick$0(Lnet/minecraft/world/entity/projectile/AbstractArrow;Lnet/zepalesque/redux/capability/arrow/SubzeroArrow;)V to mde88676$lambda$tick$0$2 in aether_redux.mixins.json:common.entity.ArrowMixin
[228月2026 21:14:58.127] [pool-4-thread-1/DEBUG] [mixin/]: Mixing ProjectileAccessor from botania_xplat.mixins.json into net.minecraft.world.entity.projectile.Projectile
[228月2026 21:14:58.145] [pool-4-thread-1/DEBUG] [mixin/]: Mixing common.MobMixin from aether.mixins.json into net.minecraft.world.entity.Mob
[228月2026 21:14:58.145] [pool-4-thread-1/DEBUG] [mixin/]: Renaming synthetic method lambda$equipItemIfPossible$0(Lnet/minecraft/world/item/ItemStack;Lnet/minecraft/world/entity/Mob;Lorg/spongepowered/asm/mixin/injection/callback/CallbackInfoReturnable;Lcom/aetherteam/aether/capability/accessory/MobAccessory;)V to mde88676$lambda$equipItemIfPossible$0$0 in aether.mixins.json:common.MobMixin
[228月2026 21:14:58.149] [pool-4-thread-1/DEBUG] [mixin/]: Mixing MobAccessor from botania_xplat.mixins.json into net.minecraft.world.entity.Mob
[228月2026 21:14:58.150] [pool-4-thread-1/DEBUG] [mixin/]: Mixing MobMixin from botania_xplat.mixins.json into net.minecraft.world.entity.Mob
[228月2026 21:14:58.154] [pool-4-thread-1/DEBUG] [mixin/]: Mixing MobAccessor from ars_nouveau.mixins.json into net.minecraft.world.entity.Mob
[228月2026 21:14:58.154] [pool-4-thread-1/DEBUG] [mixin/]: Mixing jar.MobAccessorMixin from ars_nouveau.mixins.json into net.minecraft.world.entity.Mob
[228月2026 21:14:58.154] [pool-4-thread-1/DEBUG] [mixin/]: Mixing common.entity.MobMixin from aether_redux.mixins.json into net.minecraft.world.entity.Mob
[228月2026 21:14:58.244] [pool-4-thread-1/DEBUG] [net.minecraftforge.coremod.transformer.CoreModBaseTransformer/COREMOD]: Transforming net/minecraft/world/item/ItemStack
[228月2026 21:14:58.244] [pool-4-thread-1/DEBUG] [mixin/]: Mixing ItemStackMixin from apotheosis.mixins.json into net.minecraft.world.item.ItemStack
[228月2026 21:14:58.244] [pool-4-thread-1/DEBUG] [mixin/]: Renaming synthetic method lambda$swapDura$2(DD)D to mde88676$lambda$swapDura$2$0 in apotheosis.mixins.json:ItemStackMixin
[228月2026 21:14:58.244] [pool-4-thread-1/DEBUG] [mixin/]: Renaming synthetic method lambda$swapDura$1(Lnet/minecraft/server/level/ServerPlayer;Ldev/shadowsoffire/apotheosis/adventure/affix/AffixInstance;)D to mde88676$lambda$swapDura$1$1 in apotheosis.mixins.json:ItemStackMixin
[228月2026 21:14:58.244] [pool-4-thread-1/DEBUG] [mixin/]: Renaming synthetic method lambda$apoth_affixItemName$0(Ldev/shadowsoffire/placebo/reload/DynamicHolder;Lnet/minecraft/network/chat/Style;)Lnet/minecraft/network/chat/Style; to mde88676$lambda$apoth_affixItemName$0$2 in apotheosis.mixins.json:ItemStackMixin
[228月2026 21:14:58.269] [pool-4-thread-1/DEBUG] [mixin/]: Mixing ItemStackMixin from placebo.mixins.json into net.minecraft.world.item.ItemStack
[228月2026 21:14:58.269] [pool-4-thread-1/DEBUG] [mixin/]: Renaming synthetic method lambda$getOrCreate$0(Ljava/util/function/Function;Ljava/util/function/ToIntFunction;Lnet/minecraft/resources/ResourceLocation;)Ldev/shadowsoffire/placebo/util/CachedObject; to mde88676$lambda$getOrCreate$0$3 in placebo.mixins.json:ItemStackMixin
[228月2026 21:14:58.273] [pool-4-thread-1/DEBUG] [mixin/]: Mixing ItemStackMixin from attributeslib.mixins.json into net.minecraft.world.item.ItemStack
[228月2026 21:14:58.307] [pool-4-thread-1/DEBUG] [net.minecraftforge.coremod.transformer.CoreModBaseTransformer/COREMOD]: Transforming getEnchantmentLevel with desc (Lnet/minecraft/world/item/enchantment/Enchantment;)I
[228月2026 21:14:58.307] [pool-4-thread-1/INFO] [net.minecraftforge.coremod.CoreMod.placebo/COREMODLOG]: Patching IForgeItemStack#getEnchantmentLevel
[228月2026 21:14:58.308] [pool-4-thread-1/DEBUG] [net.minecraftforge.coremod.transformer.CoreModBaseTransformer/COREMOD]: Transforming getAllEnchantments with desc ()Ljava/util/Map;
[228月2026 21:14:58.308] [pool-4-thread-1/INFO] [net.minecraftforge.coremod.CoreMod.placebo/COREMODLOG]: Patching IForgeItemStack#getEnchantmentLevel
[228月2026 21:14:58.309] [pool-4-thread-1/DEBUG] [mixin/]: Mixing IForgeItemStackMixin from apotheosis.mixins.json into net.minecraftforge.common.extensions.IForgeItemStack
[228月2026 21:14:58.366] [pool-4-thread-1/DEBUG] [mixin/]: Mixing WitherEntityAccessor from botania_xplat.mixins.json into net.minecraft.world.entity.boss.wither.WitherBoss
[228月2026 21:14:58.373] [pool-4-thread-1/DEBUG] [net.minecraftforge.coremod.transformer.CoreModBaseTransformer/COREMOD]: Transforming net/minecraft/world/inventory/AnvilMenu
[228月2026 21:14:58.386] [pool-4-thread-1/INFO] [net.minecraftforge.coremod.CoreMod.apotheosis/COREMODLOG]: Replaced 2 calls to Enchantment#getMaxLevel() in net/minecraft/world/inventory/AnvilMenu
[228月2026 21:14:58.386] [pool-4-thread-1/DEBUG] [mixin/]: Mixing AnvilMenuMixin from apotheosis.mixins.json into net.minecraft.world.inventory.AnvilMenu
[228月2026 21:14:58.401] [pool-4-thread-1/DEBUG] [mixin/]: Mixing HopperBlockEntityAccessor from botania_xplat.mixins.json into net.minecraft.world.level.block.entity.HopperBlockEntity
[228月2026 21:14:58.401] [pool-4-thread-1/DEBUG] [mixin/]: Renaming @Invoker method botania_canInsert(Lnet/minecraft/world/Container;Lnet/minecraft/world/item/ItemStack;ILnet/minecraft/core/Direction;)Z to botania_canInsert_$md$e88676$0 in botania_xplat.mixins.json:HopperBlockEntityAccessor
[228月2026 21:14:58.401] [pool-4-thread-1/DEBUG] [mixin/]: Renaming @Invoker method botania_canMerge(Lnet/minecraft/world/item/ItemStack;Lnet/minecraft/world/item/ItemStack;)Z to botania_canMerge_$md$e88676$1 in botania_xplat.mixins.json:HopperBlockEntityAccessor
[228月2026 21:14:58.490] [pool-4-thread-1/DEBUG] [mixin/]: Mixing AnimalAccessor from botania_xplat.mixins.json into net.minecraft.world.entity.animal.Animal
[228月2026 21:14:58.495] [pool-4-thread-1/DEBUG] [mixin/]: Mixing SnifferMixin from immortalers_delight.mixins.json into net.minecraft.world.entity.animal.sniffer.Sniffer
[228月2026 21:14:58.495] [pool-4-thread-1/DEBUG] [mixin/]: immortalers_delight.mixins.json:SnifferMixin: Class version 61 required is higher than the class version supported by the current version of Mixin (JAVA_8 supports class version 52)
[228月2026 21:14:58.621] [pool-4-thread-1/DEBUG] [mixin/]: Mixing LoomMenuMixin from botania_xplat.mixins.json into net.minecraft.world.inventory.LoomMenu
[228月2026 21:14:58.638] [pool-4-thread-1/DEBUG] [mixin/]: Mixing SmithingMenuMixin from apotheosis.mixins.json into net.minecraft.world.inventory.SmithingMenu
[228月2026 21:14:58.874] [pool-4-thread-1/DEBUG] [net.minecraftforge.coremod.transformer.CoreModBaseTransformer/COREMOD]: Transforming net/minecraft/world/entity/animal/frog/Tadpole
[228月2026 21:14:58.931] [pool-4-thread-1/DEBUG] [mixin/]: Mixing ArrowItemMixin from apotheosis.mixins.json into net.minecraft.world.item.ArrowItem
[228月2026 21:14:58.937] [pool-4-thread-1/DEBUG] [mixin/]: Mixing common.item.DiggerItemMixin from aether_redux.mixins.json into net.minecraft.world.item.DiggerItem
[228月2026 21:14:58.942] [pool-4-thread-1/DEBUG] [mixin/]: Mixing common.item.PickaxeItemMixin from aether_redux.mixins.json into net.minecraft.world.item.PickaxeItem
[228月2026 21:14:58.942] [pool-4-thread-1/DEBUG] [mixin/]: Renaming synthetic method lambda$hurtEnemy$0(Lnet/minecraft/world/entity/LivingEntity;)V to mde88676$lambda$hurtEnemy$0$0 in aether_redux.mixins.json:common.item.PickaxeItemMixin
[228月2026 21:14:58.947] [pool-4-thread-1/DEBUG] [mixin/]: Mixing common.accessor.HoeItemAccessor from aether.mixins.json into net.minecraft.world.item.HoeItem
[228月2026 21:14:58.948] [pool-4-thread-1/DEBUG] [mixin/]: Renaming @Accessor method aether$getTillables()Ljava/util/Map; to aether$getTillables_$md$e88676$0 in aether.mixins.json:common.accessor.HoeItemAccessor
[228月2026 21:14:58.949] [pool-4-thread-1/DEBUG] [mixin/]: Mixing SoupItemMixin from farmersdelight.mixins.json into net.minecraft.world.item.BowlFoodItem
[228月2026 21:14:58.961] [pool-4-thread-1/DEBUG] [net.minecraftforge.coremod.transformer.CoreModBaseTransformer/COREMOD]: Transforming net/minecraft/world/item/BucketItem
[228月2026 21:14:58.980] [pool-4-thread-1/DEBUG] [mixin/]: Mixing BundleItemAccessor from botania_xplat.mixins.json into net.minecraft.world.item.BundleItem
[228月2026 21:14:58.980] [pool-4-thread-1/DEBUG] [mixin/]: Renaming @Invoker method call_getContents(Lnet/minecraft/world/item/ItemStack;)Ljava/util/stream/Stream; to call_getContents_$md$e88676$0 in botania_xplat.mixins.json:BundleItemAccessor
[228月2026 21:14:58.998] [pool-4-thread-1/DEBUG] [mixin/]: Mixing MixinShearsItem from curios.mixins.json into net.minecraft.world.item.ShearsItem
[228月2026 21:14:58.998] [pool-4-thread-1/DEBUG] [mixin/]: Mixing ShearsItemMixin from apotheosis.mixins.json into net.minecraft.world.item.ShearsItem
[228月2026 21:14:59.043] [pool-4-thread-1/DEBUG] [net.minecraftforge.coremod.transformer.CoreModBaseTransformer/COREMOD]: Transforming net/minecraft/world/item/EnchantedBookItem
[228月2026 21:14:59.055] [pool-4-thread-1/DEBUG] [mixin/]: Mixing TridentItemMixin from apotheosis.mixins.json into net.minecraft.world.item.TridentItem
[228月2026 21:14:59.057] [pool-4-thread-1/DEBUG] [mixin/]: Mixing CrossbowItemMixin from apotheosis.mixins.json into net.minecraft.world.item.CrossbowItem
[228月2026 21:14:59.058] [pool-4-thread-1/DEBUG] [mixin/]: Mixing CrossbowMixin from ars_nouveau.mixins.json into net.minecraft.world.item.CrossbowItem
[228月2026 21:14:59.177] [pool-4-thread-1/DEBUG] [mixin/]: Mixing AbstractMinecartMixin from botania_xplat.mixins.json into net.minecraft.world.entity.vehicle.AbstractMinecart
[228月2026 21:14:59.774] [pool-4-thread-1/DEBUG] [mixin/]: Mixing common.ArmorStandMixin from aether.mixins.json into net.minecraft.world.entity.decoration.ArmorStand
[228月2026 21:14:59.793] [pool-4-thread-1/DEBUG] [mixin/]: Mixing ExperienceOrbAccessor from botania_xplat.mixins.json into net.minecraft.world.entity.ExperienceOrb
[228月2026 21:14:59.804] [pool-4-thread-1/DEBUG] [mixin/]: Mixing common.accessor.BeeAccessor from aether.mixins.json into net.minecraft.world.entity.animal.Bee
[228月2026 21:14:59.804] [pool-4-thread-1/DEBUG] [mixin/]: Mixing BeeMixin from botania_xplat.mixins.json into net.minecraft.world.entity.animal.Bee
[228月2026 21:14:59.811] [pool-4-thread-1/DEBUG] [mixin/]: Mixing TemptGoalMixin from apotheosis.mixins.json into net.minecraft.world.entity.ai.goal.TemptGoal
[228月2026 21:14:59.812] [pool-4-thread-1/DEBUG] [mixin/]: Mixing PollinateGoalMixin from botania_xplat.mixins.json into net.minecraft.world.entity.animal.Bee$BeePollinateGoal
[228月2026 21:14:59.812] [pool-4-thread-1/DEBUG] [mixin/]: Renaming synthetic method lambda$extendPredicate$0(Lnet/minecraft/world/level/block/state/BlockState;)Z to mde88676$lambda$extendPredicate$0$0 in botania_xplat.mixins.json:PollinateGoalMixin
[228月2026 21:14:59.817] [pool-4-thread-1/DEBUG] [mixin/]: Mixing HurtByTargetGoalAccessor from botania_xplat.mixins.json into net.minecraft.world.entity.ai.goal.target.HurtByTargetGoal
[228月2026 21:14:59.818] [pool-4-thread-1/DEBUG] [mixin/]: Mixing HurtByTargetGoalMixin from botania_xplat.mixins.json into net.minecraft.world.entity.ai.goal.target.HurtByTargetGoal
[228月2026 21:14:59.821] [pool-4-thread-1/DEBUG] [mixin/]: Mixing NearestAttackableTargetGoalAccessor from botania_xplat.mixins.json into net.minecraft.world.entity.ai.goal.target.NearestAttackableTargetGoal
[228月2026 21:14:59.821] [pool-4-thread-1/DEBUG] [mixin/]: Mixing NearestAttackableTargetGoalMixin from attributeslib.mixins.json into net.minecraft.world.entity.ai.goal.target.NearestAttackableTargetGoal
[228月2026 21:14:59.828] [pool-4-thread-1/DEBUG] [mixin/]: Mixing common.accessor.LookAtPlayerGoalAccessor from aether.mixins.json into net.minecraft.world.entity.ai.goal.LookAtPlayerGoal
[228月2026 21:14:59.836] [pool-4-thread-1/DEBUG] [mixin/]: Mixing common.accessor.BoatAccessor from aether.mixins.json into net.minecraft.world.entity.vehicle.Boat
[228月2026 21:14:59.844] [pool-4-thread-1/DEBUG] [mixin/]: Mixing AbstractHorseAccessor from botania_xplat.mixins.json into net.minecraft.world.entity.animal.horse.AbstractHorse
[228月2026 21:14:59.867] [pool-4-thread-1/DEBUG] [net.minecraftforge.coremod.transformer.CoreModBaseTransformer/COREMOD]: Transforming net/minecraft/world/entity/monster/Spider
[228月2026 21:14:59.894] [Datafixer Bootstrap/INFO] [com.mojang.datafixers.DataFixerBuilder/]: 188 Datafixer optimizations took 130 milliseconds
[228月2026 21:14:59.920] [pool-4-thread-1/DEBUG] [mixin/]: Mixing CreeperAccessor from botania_xplat.mixins.json into net.minecraft.world.entity.monster.Creeper
[228月2026 21:14:59.920] [pool-4-thread-1/DEBUG] [mixin/]: Mixing CreeperMixin from botania_xplat.mixins.json into net.minecraft.world.entity.monster.Creeper
[228月2026 21:14:59.942] [pool-4-thread-1/DEBUG] [net.minecraftforge.coremod.transformer.CoreModBaseTransformer/COREMOD]: Transforming net/minecraft/world/entity/monster/Zombie
[228月2026 21:14:59.973] [pool-4-thread-1/DEBUG] [net.minecraftforge.coremod.transformer.CoreModBaseTransformer/COREMOD]: Transforming net/minecraft/world/entity/monster/ZombieVillager
[228月2026 21:14:59.986] [pool-4-thread-1/DEBUG] [mixin/]: Mixing ThrownTridentMixin from attributeslib.mixins.json into net.minecraft.world.entity.projectile.ThrownTrident
[228月2026 21:14:59.987] [pool-4-thread-1/DEBUG] [mixin/]: Mixing ThrownTridentMixin from apotheosis.mixins.json into net.minecraft.world.entity.projectile.ThrownTrident
[228月2026 21:15:00.003] [pool-4-thread-1/DEBUG] [mixin/]: Mixing ThrowableProjectileMixin from botania_xplat.mixins.json into net.minecraft.world.entity.projectile.ThrowableProjectile
[228月2026 21:15:00.053] [pool-4-thread-1/DEBUG] [net.minecraftforge.coremod.transformer.CoreModBaseTransformer/COREMOD]: Transforming net/minecraft/world/entity/monster/Evoker$EvokerSummonSpellGoal
[228月2026 21:15:00.157] [pool-4-thread-1/DEBUG] [mixin/]: Mixing SlimeMixin from apotheosis.mixins.json into net.minecraft.world.entity.monster.Slime
[228月2026 21:15:00.158] [pool-4-thread-1/DEBUG] [mixin/]: Mixing common.entity.SlimeMixin from aether_redux.mixins.json into net.minecraft.world.entity.monster.Slime
[228月2026 21:15:00.171] [pool-4-thread-1/DEBUG] [mixin/]: Mixing MushroomCowAccessor from botania_xplat.mixins.json into net.minecraft.world.entity.animal.MushroomCow
[228月2026 21:15:00.208] [pool-4-thread-1/DEBUG] [mixin/]: Mixing common.accessor.ZombifiedPiglinAccessor from aether.mixins.json into net.minecraft.world.entity.monster.ZombifiedPiglin
[228月2026 21:15:00.209] [pool-4-thread-1/DEBUG] [net.minecraftforge.coremod.transformer.CoreModBaseTransformer/COREMOD]: Transforming net/minecraft/world/entity/monster/Zombie
[228月2026 21:15:00.247] [pool-4-thread-1/DEBUG] [mixin/]: Mixing PufferfishAccessor from ars_nouveau.mixins.json into net.minecraft.world.entity.animal.Pufferfish
[228月2026 21:15:00.249] [pool-4-thread-1/DEBUG] [mixin/]: Renaming @Accessor method targetConditions()Lnet/minecraft/world/entity/ai/targeting/TargetingConditions; to targetConditions_$md$e88676$0 in ars_nouveau.mixins.json:PufferfishAccessor
[228月2026 21:15:00.254] [pool-4-thread-1/DEBUG] [mixin/]: Mixing RabbitsEatCabbageMixin from farmersdelight.mixins.json into net.minecraft.world.entity.animal.Rabbit
[228月2026 21:15:00.265] [pool-4-thread-1/DEBUG] [mixin/]: Mixing SheepMixin from apotheosis.mixins.json into net.minecraft.world.entity.animal.Sheep
[228月2026 21:15:00.281] [pool-4-thread-1/DEBUG] [net.minecraftforge.coremod.transformer.CoreModBaseTransformer/COREMOD]: Transforming net/minecraft/world/entity/animal/horse/SkeletonTrapGoal
[228月2026 21:15:00.296] [pool-4-thread-1/DEBUG] [mixin/]: Mixing common.accessor.BaseSpawnerAccessor from aether.mixins.json into net.minecraft.world.level.BaseSpawner
[228月2026 21:15:00.297] [pool-4-thread-1/DEBUG] [mixin/]: Mixing BaseSpawnerMixin from botania_xplat.mixins.json into net.minecraft.world.level.BaseSpawner
[228月2026 21:15:00.310] [pool-4-thread-1/DEBUG] [net.minecraftforge.coremod.transformer.CoreModBaseTransformer/COREMOD]: Transforming net/minecraft/world/entity/monster/Strider
[228月2026 21:15:00.389] [pool-4-thread-1/DEBUG] [mixin/]: Mixing VillagersTargetRichSoilMixin from farmersdelight.mixins.json into net.minecraft.world.entity.ai.sensing.SecondaryPoiSensor
[228月2026 21:15:00.436] [pool-4-thread-1/DEBUG] [mixin/]: Mixing common.accessor.ChunkAccessAccessor from aether.mixins.json into net.minecraft.world.level.chunk.ChunkAccess
[228月2026 21:15:00.437] [pool-4-thread-1/DEBUG] [mixin/]: Mixing common.world.ChunkAccessAccessor from aether_redux.mixins.json into net.minecraft.world.level.chunk.ChunkAccess
[228月2026 21:15:00.473] [pool-4-thread-1/DEBUG] [net.minecraftforge.coremod.transformer.CoreModBaseTransformer/COREMOD]: Transforming net/minecraft/world/entity/npc/Villager
[228月2026 21:15:00.490] [pool-4-thread-1/DEBUG] [mixin/]: Mixing VillagerAccessor from traderefresh.mixins.json into net.minecraft.world.entity.npc.Villager
[228月2026 21:15:00.535] [pool-4-thread-1/DEBUG] [net.minecraftforge.coremod.transformer.CoreModBaseTransformer/COREMOD]: Transforming m_37145_ with desc (Lnet/minecraft/core/BlockPos;)V
[228月2026 21:15:00.544] [pool-4-thread-1/INFO] [net.minecraftforge.coremod.CoreMod.apotheosis/COREMODLOG]: Patching FishingHook#catchingFish
[228月2026 21:15:00.573] [pool-4-thread-1/DEBUG] [net.minecraftforge.coremod.transformer.CoreModBaseTransformer/COREMOD]: Transforming net/minecraft/world/effect/MobEffectInstance
[228月2026 21:15:00.629] [pool-4-thread-1/DEBUG] [mixin/]: Mixing common.accessor.ServerGamePacketListenerImplAccessor from aether.mixins.json into net.minecraft.server.network.ServerGamePacketListenerImpl
[228月2026 21:15:00.630] [pool-4-thread-1/DEBUG] [mixin/]: Mixing minecraft.ServerGamePacketListenerMixin from rs_integration.mixins.json into net.minecraft.server.network.ServerGamePacketListenerImpl
[228月2026 21:15:00.648] [pool-4-thread-1/DEBUG] [mixin/]: Mixing PotionRecipeMixin from ars_nouveau.mixins.json into net.minecraft.world.item.alchemy.PotionBrewing
[228月2026 21:15:00.648] [pool-4-thread-1/DEBUG] [mixin/]: Renaming @Accessor method mixList()Ljava/util/List; to mixList_$md$e88676$0 in ars_nouveau.mixins.json:PotionRecipeMixin
[228月2026 21:15:00.700] [pool-4-thread-1/DEBUG] [mixin/]: Mixing ProtectionEnchantmentMixin from botania_xplat.mixins.json into net.minecraft.world.item.enchantment.ProtectionEnchantment
[228月2026 21:15:00.715] [pool-4-thread-1/DEBUG] [mixin/]: Mixing minecraft.FurnaceMenuMixin from rs_integration.mixins.json into net.minecraft.world.inventory.AbstractFurnaceMenu
[228月2026 21:15:00.727] [pool-4-thread-1/DEBUG] [mixin/]: Mixing structure.StructureProcessorAccessor from ars_nouveau.mixins.json into net.minecraft.world.level.levelgen.structure.templatesystem.StructureProcessor
[228月2026 21:15:00.737] [pool-4-thread-1/DEBUG] [mixin/]: Mixing StatsAccessor from botania_xplat.mixins.json into net.minecraft.stats.Stats
[228月2026 21:15:00.737] [pool-4-thread-1/DEBUG] [mixin/]: Renaming @Invoker method botania_callRegisterCustom(Ljava/lang/String;Lnet/minecraft/stats/StatFormatter;)Lnet/minecraft/resources/ResourceLocation; to botania_callRegisterCustom_$md$e88676$0 in botania_xplat.mixins.json:StatsAccessor
[228月2026 21:15:00.777] [pool-4-thread-1/DEBUG] [mixin/]: Mixing MixinInventory from curios.mixins.json into net.minecraft.world.entity.player.Inventory
[228月2026 21:15:00.777] [pool-4-thread-1/DEBUG] [mixin/]: Mixing InventoryAccessor from botania_xplat.mixins.json into net.minecraft.world.entity.player.Inventory
[228月2026 21:15:00.778] [pool-4-thread-1/DEBUG] [mixin/]: Mixing InventoryMixin from botania_xplat.mixins.json into net.minecraft.world.entity.player.Inventory
[228月2026 21:15:00.779] [pool-4-thread-1/DEBUG] [mixin/]: Mixing minecraft.InventoryAccessor from rs_integration.mixins.json into net.minecraft.world.entity.player.Inventory
[228月2026 21:15:00.795] [pool-4-thread-1/DEBUG] [mixin/]: Mixing LoomMenuPatternSlotMixin from botania_xplat.mixins.json into net.minecraft.world.inventory.LoomMenu$5
[228月2026 21:15:00.874] [pool-4-thread-1/DEBUG] [net.minecraftforge.coremod.transformer.CoreModBaseTransformer/COREMOD]: Transforming net/minecraft/world/level/storage/loot/functions/EnchantRandomlyFunction
[228月2026 21:15:00.895] [pool-4-thread-1/INFO] [net.minecraftforge.coremod.CoreMod.apotheosis/COREMODLOG]: Replaced 1 calls to Enchantment#getMaxLevel() in net/minecraft/world/level/storage/loot/functions/EnchantRandomlyFunction
[228月2026 21:15:00.895] [pool-4-thread-1/INFO] [net.minecraftforge.coremod.CoreMod.apotheosis/COREMODLOG]: Replaced 1 calls to Enchantment#isDiscoverable() in net/minecraft/world/level/storage/loot/functions/EnchantRandomlyFunction
[228月2026 21:15:00.907] [pool-4-thread-1/DEBUG] [mixin/]: Mixing MixinApplyBonusCount from curios.mixins.json into net.minecraft.world.level.storage.loot.functions.ApplyBonusCount
[228月2026 21:15:00.941] [pool-4-thread-1/DEBUG] [mixin/]: Mixing common.DimensionTypeMixin from aether.mixins.json into net.minecraft.world.level.dimension.DimensionType
[228月2026 21:15:01.077] [pool-4-thread-1/DEBUG] [net.minecraftforge.coremod.transformer.CoreModBaseTransformer/COREMOD]: Transforming net/minecraft/world/level/levelgen/structure/Structure
[228月2026 21:15:01.109] [pool-4-thread-1/DEBUG] [net.minecraftforge.coremod.transformer.CoreModBaseTransformer/COREMOD]: Transforming net/minecraft/world/level/levelgen/structure/structures/OceanRuinPieces$OceanRuinPiece
[228月2026 21:15:01.114] [pool-4-thread-1/DEBUG] [net.minecraftforge.coremod.transformer.CoreModBaseTransformer/COREMOD]: Transforming net/minecraft/world/level/levelgen/structure/structures/SwampHutPiece
[228月2026 21:15:01.119] [pool-4-thread-1/DEBUG] [net.minecraftforge.coremod.transformer.CoreModBaseTransformer/COREMOD]: Transforming net/minecraft/world/level/levelgen/structure/structures/OceanMonumentPieces$OceanMonumentPiece
[228月2026 21:15:01.128] [pool-4-thread-1/DEBUG] [net.minecraftforge.coremod.transformer.CoreModBaseTransformer/COREMOD]: Transforming net/minecraft/world/level/levelgen/structure/structures/WoodlandMansionPieces$WoodlandMansionPiece
[228月2026 21:15:01.168] [pool-4-thread-1/DEBUG] [mixin/]: Mixing PlacementContextMixin from botania_xplat.mixins.json into net.minecraft.world.level.levelgen.placement.PlacementContext
[228月2026 21:15:01.203] [pool-4-thread-1/DEBUG] [mixin/]: Mixing MixinBiomeSource from terrablender.mixins.json into net.minecraft.world.level.biome.BiomeSource
[228月2026 21:15:01.203] [pool-4-thread-1/DEBUG] [mixin/]: Renaming synthetic method lambda$appendDeferredBiomesList$0(Lcom/google/common/collect/ImmutableList;)Ljava/util/Set; to mde88676$lambda$appendDeferredBiomesList$0$0 in terrablender.mixins.json:MixinBiomeSource
[228月2026 21:15:01.209] [pool-4-thread-1/DEBUG] [net.minecraftforge.coremod.transformer.CoreModBaseTransformer/COREMOD]: Transforming net/minecraft/world/level/biome/Biome
[228月2026 21:15:01.209] [pool-4-thread-1/DEBUG] [mixin/]: Mixing BiomeAccessor from botania_xplat.mixins.json into net.minecraft.world.level.biome.Biome
[228月2026 21:15:01.210] [pool-4-thread-1/DEBUG] [mixin/]: Mixing client.render.BiomeMixin from aether_redux.mixins.json into net.minecraft.world.level.biome.Biome
[228月2026 21:15:01.237] [pool-4-thread-1/DEBUG] [mixin/]: Mixing MixinMultiNoiseBiomeSource from terrablender.mixins.json into net.minecraft.world.level.biome.MultiNoiseBiomeSource
[228月2026 21:15:01.240] [pool-4-thread-1/DEBUG] [mixin/]: Mixing MixinParameterList from terrablender.mixins.json into net.minecraft.world.level.biome.Climate$ParameterList
[228月2026 21:15:01.240] [pool-4-thread-1/DEBUG] [mixin/]: Renaming synthetic method lambda$initializeForTerraBlender$0(Lnet/minecraft/core/Registry;Lcom/google/common/collect/ImmutableList$Builder;Lcom/mojang/datafixers/util/Pair;)V to mde88676$lambda$initializeForTerraBlender$0$0 in terrablender.mixins.json:MixinParameterList
[228月2026 21:15:01.261] [pool-4-thread-1/DEBUG] [mixin/]: Mixing NoiseGeneratorSettingsMixin from aeroblender.mixins.json into net.minecraft.world.level.levelgen.NoiseGeneratorSettings
[228月2026 21:15:01.262] [pool-4-thread-1/DEBUG] [mixin/]: Mixing MixinNoiseGeneratorSettings from terrablender.mixins.json into net.minecraft.world.level.levelgen.NoiseGeneratorSettings
[228月2026 21:15:01.418] [pool-4-thread-1/DEBUG] [io.netty.util.internal.PlatformDependent0/]: -Dio.netty.noUnsafe: false
[228月2026 21:15:01.418] [pool-4-thread-1/DEBUG] [io.netty.util.internal.PlatformDependent0/]: Java version: 21
[228月2026 21:15:01.419] [pool-4-thread-1/DEBUG] [io.netty.util.internal.PlatformDependent0/]: sun.misc.Unsafe.theUnsafe: available
[228月2026 21:15:01.419] [pool-4-thread-1/DEBUG] [io.netty.util.internal.PlatformDependent0/]: sun.misc.Unsafe.copyMemory: available
[228月2026 21:15:01.419] [pool-4-thread-1/DEBUG] [io.netty.util.internal.PlatformDependent0/]: sun.misc.Unsafe.storeFence: available
[228月2026 21:15:01.420] [pool-4-thread-1/DEBUG] [io.netty.util.internal.PlatformDependent0/]: java.nio.Buffer.address: available
[228月2026 21:15:01.420] [pool-4-thread-1/DEBUG] [io.netty.util.internal.PlatformDependent0/]: direct buffer constructor: unavailable
java.lang.NoSuchMethodException: java.nio.DirectByteBuffer.<init>(long,int)
	at java.lang.Class.getConstructor0(Class.java:3761) ~[?:?]
	at java.lang.Class.getDeclaredConstructor(Class.java:2930) ~[?:?]
	at io.netty.util.internal.PlatformDependent0$5.run(PlatformDependent0.java:287) ~[netty-common-4.1.82.Final.jar%23102!/:4.1.82.Final]
	at java.security.AccessController.doPrivileged(AccessController.java:319) ~[?:?]
	at io.netty.util.internal.PlatformDependent0.<clinit>(PlatformDependent0.java:282) ~[netty-common-4.1.82.Final.jar%23102!/:4.1.82.Final]
	at io.netty.util.internal.PlatformDependent.isAndroid(PlatformDependent.java:333) ~[netty-common-4.1.82.Final.jar%23102!/:4.1.82.Final]
	at io.netty.util.internal.PlatformDependent.<clinit>(PlatformDependent.java:88) ~[netty-common-4.1.82.Final.jar%23102!/:4.1.82.Final]
	at io.netty.util.ConstantPool.<init>(ConstantPool.java:34) ~[netty-common-4.1.82.Final.jar%23102!/:4.1.82.Final]
	at io.netty.util.AttributeKey$1.<init>(AttributeKey.java:27) ~[netty-common-4.1.82.Final.jar%23102!/:4.1.82.Final]
	at io.netty.util.AttributeKey.<clinit>(AttributeKey.java:27) ~[netty-common-4.1.82.Final.jar%23102!/:4.1.82.Final]
	at net.minecraftforge.network.NetworkConstants.<clinit>(NetworkConstants.java:34) ~[forge-1.20.1-47.4.21-universal.jar%23211!/:?]
	at net.minecraftforge.network.NetworkHooks.init(NetworkHooks.java:52) ~[forge-1.20.1-47.4.21-universal.jar%23211!/:?]
	at net.minecraft.server.Bootstrap.m_135870_(Bootstrap.java:62) ~[client-1.20.1-20230612.114412-srg.jar%23206!/:?]
	at net.minecraft.client.main.Main.lambda$main$0(Main.java:151) ~[client-1.20.1-20230612.114412-srg.jar%23206!/:?]
	at java.util.concurrent.Executors$RunnableAdapter.call(Executors.java:572) ~[?:?]
	at java.util.concurrent.FutureTask.run(FutureTask.java:317) ~[?:?]
	at java.util.concurrent.ThreadPoolExecutor.runWorker(ThreadPoolExecutor.java:1144) ~[?:?]
	at java.util.concurrent.ThreadPoolExecutor$Worker.run(ThreadPoolExecutor.java:642) ~[?:?]
	at java.lang.Thread.run(Thread.java:1583) ~[?:?]
[228月2026 21:15:01.421] [pool-4-thread-1/DEBUG] [io.netty.util.internal.PlatformDependent0/]: java.nio.Bits.unaligned: available, true
[228月2026 21:15:01.422] [pool-4-thread-1/DEBUG] [io.netty.util.internal.PlatformDependent0/]: jdk.internal.misc.Unsafe.allocateUninitializedArray(int): unavailable
java.lang.IllegalAccessException: class io.netty.util.internal.PlatformDependent0$7 (in module io.netty.common) cannot access class jdk.internal.misc.Unsafe (in module java.base) because module java.base does not export jdk.internal.misc to module io.netty.common
	at jdk.internal.reflect.Reflection.newIllegalAccessException(Reflection.java:394) ~[?:?]
	at java.lang.reflect.AccessibleObject.checkAccess(AccessibleObject.java:714) ~[?:?]
	at java.lang.reflect.Method.invoke(Method.java:571) ~[?:?]
	at io.netty.util.internal.PlatformDependent0$7.run(PlatformDependent0.java:410) ~[netty-common-4.1.82.Final.jar%23102!/:4.1.82.Final]
	at java.security.AccessController.doPrivileged(AccessController.java:319) ~[?:?]
	at io.netty.util.internal.PlatformDependent0.<clinit>(PlatformDependent0.java:401) ~[netty-common-4.1.82.Final.jar%23102!/:4.1.82.Final]
	at io.netty.util.internal.PlatformDependent.isAndroid(PlatformDependent.java:333) ~[netty-common-4.1.82.Final.jar%23102!/:4.1.82.Final]
	at io.netty.util.internal.PlatformDependent.<clinit>(PlatformDependent.java:88) ~[netty-common-4.1.82.Final.jar%23102!/:4.1.82.Final]
	at io.netty.util.ConstantPool.<init>(ConstantPool.java:34) ~[netty-common-4.1.82.Final.jar%23102!/:4.1.82.Final]
	at io.netty.util.AttributeKey$1.<init>(AttributeKey.java:27) ~[netty-common-4.1.82.Final.jar%23102!/:4.1.82.Final]
	at io.netty.util.AttributeKey.<clinit>(AttributeKey.java:27) ~[netty-common-4.1.82.Final.jar%23102!/:4.1.82.Final]
	at net.minecraftforge.network.NetworkConstants.<clinit>(NetworkConstants.java:34) ~[forge-1.20.1-47.4.21-universal.jar%23211!/:?]
	at net.minecraftforge.network.NetworkHooks.init(NetworkHooks.java:52) ~[forge-1.20.1-47.4.21-universal.jar%23211!/:?]
	at net.minecraft.server.Bootstrap.m_135870_(Bootstrap.java:62) ~[client-1.20.1-20230612.114412-srg.jar%23206!/:?]
	at net.minecraft.client.main.Main.lambda$main$0(Main.java:151) ~[client-1.20.1-20230612.114412-srg.jar%23206!/:?]
	at java.util.concurrent.Executors$RunnableAdapter.call(Executors.java:572) ~[?:?]
	at java.util.concurrent.FutureTask.run(FutureTask.java:317) ~[?:?]
	at java.util.concurrent.ThreadPoolExecutor.runWorker(ThreadPoolExecutor.java:1144) ~[?:?]
	at java.util.concurrent.ThreadPoolExecutor$Worker.run(ThreadPoolExecutor.java:642) ~[?:?]
	at java.lang.Thread.run(Thread.java:1583) ~[?:?]
[228月2026 21:15:01.422] [pool-4-thread-1/DEBUG] [io.netty.util.internal.PlatformDependent0/]: java.nio.DirectByteBuffer.<init>(long, int): unavailable
[228月2026 21:15:01.422] [pool-4-thread-1/DEBUG] [io.netty.util.internal.PlatformDependent/]: sun.misc.Unsafe: available
[228月2026 21:15:01.423] [pool-4-thread-1/DEBUG] [io.netty.util.internal.PlatformDependent/]: maxDirectMemory: 4429185024 bytes (maybe)
[228月2026 21:15:01.423] [pool-4-thread-1/DEBUG] [io.netty.util.internal.PlatformDependent/]: -Dio.netty.tmpdir: C:\Users\****\AppData\Local\Temp (java.io.tmpdir)
[228月2026 21:15:01.423] [pool-4-thread-1/DEBUG] [io.netty.util.internal.PlatformDependent/]: -Dio.netty.bitMode: 64 (sun.arch.data.model)
[228月2026 21:15:01.423] [pool-4-thread-1/DEBUG] [io.netty.util.internal.PlatformDependent/]: Platform: Windows
[228月2026 21:15:01.424] [pool-4-thread-1/DEBUG] [io.netty.util.internal.PlatformDependent/]: -Dio.netty.maxDirectMemory: -1 bytes
[228月2026 21:15:01.424] [pool-4-thread-1/DEBUG] [io.netty.util.internal.PlatformDependent/]: -Dio.netty.uninitializedArrayAllocationThreshold: -1
[228月2026 21:15:01.429] [pool-4-thread-1/DEBUG] [io.netty.util.internal.CleanerJava9/]: java.nio.ByteBuffer.cleaner(): available
[228月2026 21:15:01.429] [pool-4-thread-1/DEBUG] [io.netty.util.internal.PlatformDependent/]: -Dio.netty.noPreferDirect: false
[228月2026 21:15:01.497] [pool-4-thread-1/DEBUG] [net.minecraftforge.network.NetworkHooks/]: Loading Network data for FML net version: FML3
[228月2026 21:15:01.638] [Render thread/WARN] [net.minecraft.server.packs.VanillaPackResourcesBuilder/]: Assets URL 'union:/D:/E/桌面/游戏/PCL/.minecraft/libraries/net/minecraft/client/1.20.1-20230612.114412/client-1.20.1-20230612.114412-srg.jar%23206!/assets/.mcassetsroot' uses unexpected schema
[228月2026 21:15:01.639] [Render thread/WARN] [net.minecraft.server.packs.VanillaPackResourcesBuilder/]: Assets URL 'union:/D:/E/桌面/游戏/PCL/.minecraft/libraries/net/minecraft/client/1.20.1-20230612.114412/client-1.20.1-20230612.114412-srg.jar%23206!/data/.mcassetsroot' uses unexpected schema
[228月2026 21:15:01.653] [Render thread/INFO] [com.mojang.authlib.yggdrasil.YggdrasilAuthenticationService/]: Environment: authHost='https://authserver.mojang.com', accountsHost='https://api.mojang.com', sessionHost='https://sessionserver.mojang.com', servicesHost='https://api.minecraftservices.com', name='PROD'
[228月2026 21:15:02.613] [Render thread/INFO] [net.minecraft.client.Minecraft/]: Setting user: Huang_Love
[228月2026 21:15:02.613] [Render thread/DEBUG] [mixin/]: Mixing client.AccessorKeyMapping from patchouli_xplat.mixins.json into net.minecraft.client.KeyMapping
[228月2026 21:15:02.613] [Render thread/DEBUG] [mixin/]: Renaming @Accessor method getAllKeyMappings()Ljava/util/Map; to getAllKeyMappings_$md$e88676$0 in patchouli_xplat.mixins.json:client.AccessorKeyMapping
[228月2026 21:15:02.633] [Render thread/DEBUG] [mixin/]: Mixing client.ChatComponentMixin from placebo.mixins.json into net.minecraft.client.gui.components.ChatComponent
[228月2026 21:15:02.633] [Render thread/DEBUG] [mixin/]: Mixing ChatComponentAccessor from ars_nouveau.mixins.json into net.minecraft.client.gui.components.ChatComponent
[228月2026 21:15:02.634] [Render thread/INFO] [mixin/]: BeforeConstant is searching for constants in method with descriptor (Lnet/minecraft/network/chat/Component;Lnet/minecraft/client/GuiMessageTag;)V
[228月2026 21:15:02.634] [Render thread/INFO] [mixin/]:   BeforeConstant found STRING constant: value = , stringValue = null
[228月2026 21:15:02.634] [Render thread/INFO] [mixin/]:     BeforeConstant found a matching constant TYPE at ordinal 0
[228月2026 21:15:02.634] [Render thread/INFO] [mixin/]:       BeforeConstant found LdcInsn 
[228月2026 21:15:02.634] [Render thread/INFO] [mixin/]:   BeforeConstant found STRING constant: value = \\r, stringValue = null
[228月2026 21:15:02.634] [Render thread/INFO] [mixin/]:     BeforeConstant found a matching constant TYPE at ordinal 1
[228月2026 21:15:02.635] [Render thread/INFO] [mixin/]:       BeforeConstant found LdcInsn \\r
[228月2026 21:15:02.635] [Render thread/INFO] [mixin/]:   BeforeConstant found STRING constant: value = 
, stringValue = null
[228月2026 21:15:02.635] [Render thread/INFO] [mixin/]:     BeforeConstant found a matching constant TYPE at ordinal 2
[228月2026 21:15:02.635] [Render thread/INFO] [mixin/]:       BeforeConstant found LdcInsn 

[228月2026 21:15:02.635] [Render thread/INFO] [mixin/]:   BeforeConstant found STRING constant: value = \\n, stringValue = null
[228月2026 21:15:02.635] [Render thread/INFO] [mixin/]:     BeforeConstant found a matching constant TYPE at ordinal 3
[228月2026 21:15:02.635] [Render thread/INFO] [mixin/]:       BeforeConstant found LdcInsn \\n
[228月2026 21:15:02.635] [Render thread/INFO] [mixin/]:   BeforeConstant found CLASS constant: value = Ljava/lang/String;, typeValue = null
[228月2026 21:15:02.635] [Render thread/INFO] [mixin/]:   BeforeConstant found STRING constant: value = [{}] [CHAT] {}, stringValue = null
[228月2026 21:15:02.635] [Render thread/INFO] [mixin/]:     BeforeConstant found a matching constant TYPE at ordinal 4
[228月2026 21:15:02.635] [Render thread/INFO] [mixin/]:       BeforeConstant found LdcInsn [{}] [CHAT] {}
[228月2026 21:15:02.635] [Render thread/INFO] [mixin/]:   BeforeConstant found STRING constant: value = [CHAT] {}, stringValue = null
[228月2026 21:15:02.635] [Render thread/INFO] [mixin/]:     BeforeConstant found a matching constant TYPE at ordinal 5
[228月2026 21:15:02.635] [Render thread/INFO] [mixin/]:       BeforeConstant found LdcInsn [CHAT] {}
[228月2026 21:15:02.670] [Render thread/INFO] [net.minecraft.client.Minecraft/]: Backend library: LWJGL version 3.3.1 build 7
[228月2026 21:15:02.783] [Render thread/DEBUG] [net.minecraftforge.common.ForgeI18n/CORE]: Loading I18N data entries: 6434
[228月2026 21:15:02.795] [Render thread/DEBUG] [net.minecraftforge.fml.ModWorkManager/LOADING]: Using 20 threads for parallel mod-loading
[228月2026 21:15:02.802] [Render thread/DEBUG] [net.minecraftforge.fml.javafmlmod.FMLJavaModLanguageProvider/LOADING]: Loading FMLModContainer from classloader cpw.mods.modlauncher.TransformingClassLoader@1b4a3a1 - got cpw.mods.cl.ModuleClassLoader@17690e14
[228月2026 21:15:02.804] [Render thread/DEBUG] [net.minecraftforge.fml.javafmlmod.FMLModContainer/LOADING]: Creating FMLModContainer instance for vectorwing.farmersdelight.FarmersDelight
[228月2026 21:15:02.807] [Render thread/DEBUG] [net.minecraftforge.fml.javafmlmod.FMLJavaModLanguageProvider/LOADING]: Loading FMLModContainer from classloader cpw.mods.modlauncher.TransformingClassLoader@1b4a3a1 - got cpw.mods.cl.ModuleClassLoader@17690e14
[228月2026 21:15:02.807] [Render thread/DEBUG] [net.minecraftforge.fml.javafmlmod.FMLModContainer/LOADING]: Creating FMLModContainer instance for terrablender.core.TerraBlenderForge
[228月2026 21:15:02.807] [Render thread/DEBUG] [net.minecraftforge.fml.javafmlmod.FMLJavaModLanguageProvider/LOADING]: Loading FMLModContainer from classloader cpw.mods.modlauncher.TransformingClassLoader@1b4a3a1 - got cpw.mods.cl.ModuleClassLoader@17690e14
[228月2026 21:15:02.807] [Render thread/DEBUG] [net.minecraftforge.fml.javafmlmod.FMLModContainer/LOADING]: Creating FMLModContainer instance for yalter.mousetweaks.forge.MouseTweaksForge
[228月2026 21:15:02.808] [Render thread/DEBUG] [net.minecraftforge.fml.javafmlmod.FMLJavaModLanguageProvider/LOADING]: Loading FMLModContainer from classloader cpw.mods.modlauncher.TransformingClassLoader@1b4a3a1 - got cpw.mods.cl.ModuleClassLoader@17690e14
[228月2026 21:15:02.808] [Render thread/DEBUG] [net.minecraftforge.fml.javafmlmod.FMLModContainer/LOADING]: Creating FMLModContainer instance for snownee.jade.util.CommonProxy
[228月2026 21:15:02.809] [Render thread/DEBUG] [net.minecraftforge.fml.javafmlmod.FMLJavaModLanguageProvider/LOADING]: Loading FMLModContainer from classloader cpw.mods.modlauncher.TransformingClassLoader@1b4a3a1 - got cpw.mods.cl.ModuleClassLoader@17690e14
[228月2026 21:15:02.809] [Render thread/DEBUG] [net.minecraftforge.fml.javafmlmod.FMLModContainer/LOADING]: Creating FMLModContainer instance for software.bernie.example.GeckoLibMod
[228月2026 21:15:02.810] [Render thread/DEBUG] [net.minecraftforge.fml.javafmlmod.FMLJavaModLanguageProvider/LOADING]: Loading FMLModContainer from classloader cpw.mods.modlauncher.TransformingClassLoader@1b4a3a1 - got cpw.mods.cl.ModuleClassLoader@17690e14
[228月2026 21:15:02.810] [Render thread/DEBUG] [net.minecraftforge.fml.javafmlmod.FMLModContainer/LOADING]: Creating FMLModContainer instance for com.aetherteam.aether.Aether
[228月2026 21:15:02.811] [Render thread/DEBUG] [net.minecraftforge.fml.javafmlmod.FMLJavaModLanguageProvider/LOADING]: Loading FMLModContainer from classloader cpw.mods.modlauncher.TransformingClassLoader@1b4a3a1 - got cpw.mods.cl.ModuleClassLoader@17690e14
[228月2026 21:15:02.811] [Render thread/DEBUG] [net.minecraftforge.fml.javafmlmod.FMLModContainer/LOADING]: Creating FMLModContainer instance for mezz.jei.forge.JustEnoughItems
[228月2026 21:15:02.812] [Render thread/DEBUG] [net.minecraftforge.fml.javafmlmod.FMLJavaModLanguageProvider/LOADING]: Loading FMLModContainer from classloader cpw.mods.modlauncher.TransformingClassLoader@1b4a3a1 - got cpw.mods.cl.ModuleClassLoader@17690e14
[228月2026 21:15:02.812] [Render thread/DEBUG] [net.minecraftforge.fml.javafmlmod.FMLModContainer/LOADING]: Creating FMLModContainer instance for com.renyigesai.immortalers_delight.ImmortalersDelightMod
[228月2026 21:15:02.812] [Render thread/DEBUG] [net.minecraftforge.fml.javafmlmod.FMLJavaModLanguageProvider/LOADING]: Loading FMLModContainer from classloader cpw.mods.modlauncher.TransformingClassLoader@1b4a3a1 - got cpw.mods.cl.ModuleClassLoader@17690e14
[228月2026 21:15:02.812] [Render thread/DEBUG] [net.minecraftforge.fml.javafmlmod.FMLModContainer/LOADING]: Creating FMLModContainer instance for vazkii.botania.forge.ForgeCommonInitializer
[228月2026 21:15:02.815] [Render thread/DEBUG] [net.minecraftforge.fml.javafmlmod.FMLJavaModLanguageProvider/LOADING]: Loading FMLModContainer from classloader cpw.mods.modlauncher.TransformingClassLoader@1b4a3a1 - got cpw.mods.cl.ModuleClassLoader@17690e14
[228月2026 21:15:02.815] [Render thread/DEBUG] [net.minecraftforge.fml.javafmlmod.FMLModContainer/LOADING]: Creating FMLModContainer instance for teamrazor.aeroblender.Aeroblender
[228月2026 21:15:02.815] [Render thread/DEBUG] [net.minecraftforge.fml.javafmlmod.FMLJavaModLanguageProvider/LOADING]: Loading FMLModContainer from classloader cpw.mods.modlauncher.TransformingClassLoader@1b4a3a1 - got cpw.mods.cl.ModuleClassLoader@17690e14
[228月2026 21:15:02.815] [Render thread/DEBUG] [net.minecraftforge.fml.javafmlmod.FMLModContainer/LOADING]: Creating FMLModContainer instance for net.p3pp3rf1y.sophisticatedcore.SophisticatedCore
[228月2026 21:15:02.816] [Render thread/DEBUG] [net.minecraftforge.fml.javafmlmod.FMLJavaModLanguageProvider/LOADING]: Loading FMLModContainer from classloader cpw.mods.modlauncher.TransformingClassLoader@1b4a3a1 - got cpw.mods.cl.ModuleClassLoader@17690e14
[228月2026 21:15:02.816] [Render thread/DEBUG] [net.minecraftforge.fml.javafmlmod.FMLModContainer/LOADING]: Creating FMLModContainer instance for top.theillusivec4.curios.Curios
[228月2026 21:15:02.817] [Render thread/DEBUG] [net.minecraftforge.fml.javafmlmod.FMLJavaModLanguageProvider/LOADING]: Loading FMLModContainer from classloader cpw.mods.modlauncher.TransformingClassLoader@1b4a3a1 - got cpw.mods.cl.ModuleClassLoader@17690e14
[228月2026 21:15:02.817] [Render thread/DEBUG] [net.minecraftforge.fml.javafmlmod.FMLModContainer/LOADING]: Creating FMLModContainer instance for dev.xkmc.traderefresh.init.TradeRefresh
[228月2026 21:15:02.817] [Render thread/DEBUG] [net.minecraftforge.fml.javafmlmod.FMLJavaModLanguageProvider/LOADING]: Loading FMLModContainer from classloader cpw.mods.modlauncher.TransformingClassLoader@1b4a3a1 - got cpw.mods.cl.ModuleClassLoader@17690e14
[228月2026 21:15:02.817] [Render thread/DEBUG] [net.minecraftforge.fml.javafmlmod.FMLModContainer/LOADING]: Creating FMLModContainer instance for vazkii.patchouli.forge.common.ForgeModInitializer
[228月2026 21:15:02.818] [Render thread/DEBUG] [net.minecraftforge.fml.javafmlmod.FMLJavaModLanguageProvider/LOADING]: Loading FMLModContainer from classloader cpw.mods.modlauncher.TransformingClassLoader@1b4a3a1 - got cpw.mods.cl.ModuleClassLoader@17690e14
[228月2026 21:15:02.818] [Render thread/DEBUG] [net.minecraftforge.fml.javafmlmod.FMLModContainer/LOADING]: Creating FMLModContainer instance for dev.shadowsoffire.placebo.Placebo
[228月2026 21:15:02.818] [Render thread/DEBUG] [net.minecraftforge.fml.javafmlmod.FMLJavaModLanguageProvider/LOADING]: Loading FMLModContainer from classloader cpw.mods.modlauncher.TransformingClassLoader@1b4a3a1 - got cpw.mods.cl.ModuleClassLoader@17690e14
[228月2026 21:15:02.818] [Render thread/DEBUG] [net.minecraftforge.fml.javafmlmod.FMLModContainer/LOADING]: Creating FMLModContainer instance for dev.shadowsoffire.attributeslib.AttributesLib
[228月2026 21:15:02.819] [Render thread/DEBUG] [net.minecraftforge.fml.javafmlmod.FMLJavaModLanguageProvider/LOADING]: Loading FMLModContainer from classloader cpw.mods.modlauncher.TransformingClassLoader@1b4a3a1 - got cpw.mods.cl.ModuleClassLoader@17690e14
[228月2026 21:15:02.819] [Render thread/DEBUG] [net.minecraftforge.fml.javafmlmod.FMLModContainer/LOADING]: Creating FMLModContainer instance for me.towdium.jecharacters.forge.JustEnoughCharactersForge
[228月2026 21:15:02.819] [Render thread/DEBUG] [net.minecraftforge.fml.javafmlmod.FMLJavaModLanguageProvider/LOADING]: Loading FMLModContainer from classloader cpw.mods.modlauncher.TransformingClassLoader@1b4a3a1 - got cpw.mods.cl.ModuleClassLoader@17690e14
[228月2026 21:15:02.819] [Render thread/DEBUG] [net.minecraftforge.fml.javafmlmod.FMLModContainer/LOADING]: Creating FMLModContainer instance for com.llamalad7.mixinextras.platform.forge.MixinExtrasMod
[228月2026 21:15:02.819] [Render thread/DEBUG] [net.minecraftforge.fml.javafmlmod.FMLJavaModLanguageProvider/LOADING]: Loading FMLModContainer from classloader cpw.mods.modlauncher.TransformingClassLoader@1b4a3a1 - got cpw.mods.cl.ModuleClassLoader@17690e14
[228月2026 21:15:02.819] [Render thread/DEBUG] [net.minecraftforge.fml.javafmlmod.FMLModContainer/LOADING]: Creating FMLModContainer instance for net.p3pp3rf1y.sophisticatedbackpacks.SophisticatedBackpacks
[228月2026 21:15:02.820] [Render thread/DEBUG] [net.minecraftforge.fml.javafmlmod.FMLJavaModLanguageProvider/LOADING]: Loading FMLModContainer from classloader cpw.mods.modlauncher.TransformingClassLoader@1b4a3a1 - got cpw.mods.cl.ModuleClassLoader@17690e14
[228月2026 21:15:02.820] [Render thread/DEBUG] [net.minecraftforge.fml.javafmlmod.FMLModContainer/LOADING]: Creating FMLModContainer instance for com.aetherteam.cumulus.Cumulus
[228月2026 21:15:02.820] [Render thread/DEBUG] [net.minecraftforge.fml.javafmlmod.FMLJavaModLanguageProvider/LOADING]: Loading FMLModContainer from classloader cpw.mods.modlauncher.TransformingClassLoader@1b4a3a1 - got cpw.mods.cl.ModuleClassLoader@17690e14
[228月2026 21:15:02.820] [Render thread/DEBUG] [net.minecraftforge.fml.javafmlmod.FMLModContainer/LOADING]: Creating FMLModContainer instance for dev.shadowsoffire.apotheosis.Apotheosis
[228月2026 21:15:02.821] [Render thread/DEBUG] [net.minecraftforge.fml.javafmlmod.FMLJavaModLanguageProvider/LOADING]: Loading FMLModContainer from classloader cpw.mods.modlauncher.TransformingClassLoader@1b4a3a1 - got cpw.mods.cl.ModuleClassLoader@17690e14
[228月2026 21:15:02.821] [Render thread/DEBUG] [net.minecraftforge.fml.javafmlmod.FMLModContainer/LOADING]: Creating FMLModContainer instance for com.huanghuang.rsintegration.RSIntegrationMod
[228月2026 21:15:02.822] [Render thread/DEBUG] [net.minecraftforge.fml.javafmlmod.FMLJavaModLanguageProvider/LOADING]: Loading FMLModContainer from classloader cpw.mods.modlauncher.TransformingClassLoader@1b4a3a1 - got cpw.mods.cl.ModuleClassLoader@17690e14
[228月2026 21:15:02.822] [Render thread/DEBUG] [net.minecraftforge.fml.javafmlmod.FMLModContainer/LOADING]: Creating FMLModContainer instance for com.aetherteam.nitrogen.Nitrogen
[228月2026 21:15:02.823] [Render thread/DEBUG] [net.minecraftforge.fml.javafmlmod.FMLJavaModLanguageProvider/LOADING]: Loading FMLModContainer from classloader cpw.mods.modlauncher.TransformingClassLoader@1b4a3a1 - got cpw.mods.cl.ModuleClassLoader@17690e14
[228月2026 21:15:02.823] [Render thread/DEBUG] [net.minecraftforge.fml.javafmlmod.FMLModContainer/LOADING]: Creating FMLModContainer instance for com.hollingsworth.arsnouveau.ArsNouveau
[228月2026 21:15:02.823] [Render thread/DEBUG] [net.minecraftforge.fml.javafmlmod.FMLJavaModLanguageProvider/LOADING]: Loading FMLModContainer from classloader cpw.mods.modlauncher.TransformingClassLoader@1b4a3a1 - got cpw.mods.cl.ModuleClassLoader@17690e14
[228月2026 21:15:02.824] [Render thread/DEBUG] [net.minecraftforge.fml.javafmlmod.FMLModContainer/LOADING]: Creating FMLModContainer instance for net.minecraftforge.common.ForgeMod
[228月2026 21:15:02.825] [Render thread/DEBUG] [net.minecraftforge.fml.javafmlmod.FMLJavaModLanguageProvider/LOADING]: Loading FMLModContainer from classloader cpw.mods.modlauncher.TransformingClassLoader@1b4a3a1 - got cpw.mods.cl.ModuleClassLoader@17690e14
[228月2026 21:15:02.825] [Render thread/DEBUG] [net.minecraftforge.fml.javafmlmod.FMLModContainer/LOADING]: Creating FMLModContainer instance for net.zepalesque.redux.Redux
[228月2026 21:15:02.826] [Render thread/DEBUG] [net.minecraftforge.fml.javafmlmod.FMLJavaModLanguageProvider/LOADING]: Loading FMLModContainer from classloader cpw.mods.modlauncher.TransformingClassLoader@1b4a3a1 - got cpw.mods.cl.ModuleClassLoader@17690e14
[228月2026 21:15:02.827] [Render thread/DEBUG] [net.minecraftforge.fml.javafmlmod.FMLModContainer/LOADING]: Creating FMLModContainer instance for com.huanghuang.securityaudit.AetherReduxAuditMod
[228月2026 21:15:02.835] [modloading-worker-0/DEBUG] [mixin/]: Mixing client.gui.TriviaGeneratorMixin from aether_redux.mixins.json into com.aetherteam.aether.client.TriviaGenerator
[228月2026 21:15:02.837] [modloading-worker-0/DEBUG] [mixin/]: Renaming synthetic method lambda$list$2(I)V to mde88676$lambda$list$2$0 in aether_redux.mixins.json:client.gui.TriviaGeneratorMixin
[228月2026 21:15:02.837] [modloading-worker-0/DEBUG] [mixin/]: Renaming synthetic method lambda$list$1(Lnet/minecraft/network/chat/Style;)Lnet/minecraft/network/chat/Style; to mde88676$lambda$list$1$1 in aether_redux.mixins.json:client.gui.TriviaGeneratorMixin
[228月2026 21:15:02.837] [modloading-worker-0/DEBUG] [mixin/]: Renaming synthetic method lambda$getTriviaLine$0(Lnet/minecraft/network/chat/Style;)Lnet/minecraft/network/chat/Style; to mde88676$lambda$getTriviaLine$0$2 in aether_redux.mixins.json:client.gui.TriviaGeneratorMixin
[228月2026 21:15:02.840] [modloading-worker-0/DEBUG] [net.minecraftforge.fml.javafmlmod.AutomaticEventSubscriber/LOADING]: Attempting to inject @EventBusSubscriber classes into the eventbus for mixinextras
[228月2026 21:15:02.846] [modloading-worker-0/DEBUG] [mixin/]: Mixing RuleCategoryMixin from aeroblender.mixins.json into terrablender.api.SurfaceRuleManager$RuleCategory
[228月2026 21:15:02.846] [modloading-worker-0/DEBUG] [mixin/]: Renaming @Invoker method newVariant(Ljava/lang/String;I)Lterrablender/api/SurfaceRuleManager$RuleCategory; to newVariant_$md$e88676$0 in aeroblender.mixins.json:RuleCategoryMixin
[228月2026 21:15:02.853] [modloading-worker-0/DEBUG] [net.minecraftforge.fml.javafmlmod.AutomaticEventSubscriber/LOADING]: Attempting to inject @EventBusSubscriber classes into the eventbus for terrablender
[228月2026 21:15:02.859] [modloading-worker-0/DEBUG] [botania/]: Instantiating vazkii.botania.common.impl.BotaniaAPIImpl for service vazkii.botania.api.BotaniaAPI
[228月2026 21:15:02.861] [modloading-worker-0/DEBUG] [net.minecraftforge.fml.javafmlmod.AutomaticEventSubscriber/LOADING]: Auto-subscribing terrablender.handler.InitializationHandler to FORGE
[228月2026 21:15:02.866] [modloading-worker-0/DEBUG] [mixin/]: Mixing common.block.FrictionCappedMixin from aether_redux.mixins.json into com.aetherteam.aether.block.FrictionCapped
[228月2026 21:15:02.871] [modloading-worker-0/DEBUG] [mixin/]: Mixing common.block.AercloudBlockMixin from aether_redux.mixins.json into com.aetherteam.aether.block.natural.AercloudBlock
[228月2026 21:15:02.874] [modloading-worker-0/DEBUG] [mixin/]: Mixing client.block.AetherLeavesClientMixin from aether_redux.mixins.json into com.aetherteam.aether.block.natural.AetherDoubleDropsLeaves
[228月2026 21:15:02.874] [modloading-worker-0/DEBUG] [mixin/]: Renaming synthetic method lambda$static$0()Ljava/util/Map; to mde88676$lambda$static$0$0 in aether_redux.mixins.json:client.block.AetherLeavesClientMixin
[228月2026 21:15:02.875] [modloading-worker-0/DEBUG] [net.minecraftforge.fml.config.ConfigTracker/CONFIG]: Config file aeroblender-common.toml for aeroblender tracking
[228月2026 21:15:02.875] [modloading-worker-0/DEBUG] [net.minecraftforge.fml.config.ConfigTracker/CONFIG]: Config file cumulus_menus-client.toml for cumulus_menus tracking
[228月2026 21:15:02.875] [modloading-worker-0/DEBUG] [net.minecraftforge.fml.javafmlmod.AutomaticEventSubscriber/LOADING]: Attempting to inject @EventBusSubscriber classes into the eventbus for aeroblender
[228月2026 21:15:02.875] [modloading-worker-0/DEBUG] [net.minecraftforge.fml.javafmlmod.AutomaticEventSubscriber/LOADING]: Attempting to inject @EventBusSubscriber classes into the eventbus for cumulus_menus
[228月2026 21:15:02.875] [modloading-worker-0/DEBUG] [net.minecraftforge.fml.config.ConfigTracker/CONFIG]: Config file farmersdelight-common.toml for farmersdelight tracking
[228月2026 21:15:02.875] [modloading-worker-0/DEBUG] [net.minecraftforge.fml.config.ConfigTracker/CONFIG]: Config file farmersdelight-client.toml for farmersdelight tracking
[228月2026 21:15:02.875] [modloading-worker-0/DEBUG] [net.minecraftforge.fml.config.ConfigTracker/CONFIG]: Config file patchouli-client.toml for patchouli tracking
[228月2026 21:15:02.875] [modloading-worker-0/DEBUG] [net.minecraftforge.fml.javafmlmod.AutomaticEventSubscriber/LOADING]: Auto-subscribing com.aetherteam.cumulus.client.event.listeners.MenuListener to FORGE
[228月2026 21:15:02.875] [modloading-worker-0/DEBUG] [net.minecraftforge.fml.config.ConfigTracker/CONFIG]: Config file jei-server.toml for jei tracking
[228月2026 21:15:02.877] [modloading-worker-0/DEBUG] [net.minecraftforge.fml.javafmlmod.AutomaticEventSubscriber/LOADING]: Attempting to inject @EventBusSubscriber classes into the eventbus for placebo
[228月2026 21:15:02.877] [modloading-worker-0/DEBUG] [net.minecraftforge.fml.javafmlmod.AutomaticEventSubscriber/LOADING]: Auto-subscribing dev.shadowsoffire.placebo.util.PlaceboTaskQueue to FORGE
[228月2026 21:15:02.881] [modloading-worker-0/DEBUG] [mixin/]: Mixing GameTypeMixin from attributeslib.mixins.json into net.minecraft.world.level.GameType
[228月2026 21:15:02.883] [modloading-worker-0/DEBUG] [net.minecraftforge.fml.javafmlmod.AutomaticEventSubscriber/LOADING]: Attempting to inject @EventBusSubscriber classes into the eventbus for nitrogen_internals
[228月2026 21:15:02.883] [modloading-worker-0/DEBUG] [net.minecraftforge.fml.javafmlmod.AutomaticEventSubscriber/LOADING]: Auto-subscribing com.aetherteam.nitrogen.Nitrogen to FORGE
[228月2026 21:15:02.884] [modloading-worker-0/DEBUG] [net.minecraftforge.fml.javafmlmod.AutomaticEventSubscriber/LOADING]: Attempting to inject @EventBusSubscriber classes into the eventbus for geckolib
[228月2026 21:15:02.884] [modloading-worker-0/DEBUG] [net.minecraftforge.fml.javafmlmod.AutomaticEventSubscriber/LOADING]: Auto-subscribing software.bernie.example.GeckoLibMod to FORGE
[228月2026 21:15:02.884] [modloading-worker-0/DEBUG] [net.minecraftforge.fml.javafmlmod.AutomaticEventSubscriber/LOADING]: Auto-subscribing software.bernie.example.CommonListener to MOD
[228月2026 21:15:02.884] [modloading-worker-0/DEBUG] [mixin/]: Mixing ServerResourcesMixin from placebo.mixins.json into net.minecraft.server.ReloadableServerResources
[228月2026 21:15:02.885] [modloading-worker-0/DEBUG] [net.minecraftforge.fml.javafmlmod.AutomaticEventSubscriber/LOADING]: Attempting to inject @EventBusSubscriber classes into the eventbus for patchouli
[228月2026 21:15:02.885] [modloading-worker-0/DEBUG] [net.minecraftforge.fml.javafmlmod.AutomaticEventSubscriber/LOADING]: Auto-subscribing vazkii.patchouli.forge.common.ForgeModInitializer to MOD
[228月2026 21:15:02.887] [modloading-worker-0/DEBUG] [mixin/]: Mixing common.block.QuicksoilBlockMixin from aether_redux.mixins.json into com.aetherteam.aether.block.natural.QuicksoilBlock
[228月2026 21:15:02.887] [modloading-worker-0/DEBUG] [net.minecraftforge.fml.config.ConfigTracker/CONFIG]: Config file D:\E\桌面\游戏\PCL\.minecraft\versions\植物科技\config\jecharacters.toml for jecharacters tracking
[228月2026 21:15:02.889] [modloading-worker-0/DEBUG] [net.minecraftforge.fml.config.ConfigTracker/CONFIG]: Config file sophisticatedcore-common.toml for sophisticatedcore tracking
[228月2026 21:15:02.889] [modloading-worker-0/DEBUG] [net.minecraftforge.fml.config.ConfigTracker/CONFIG]: Config file sophisticatedcore-client.toml for sophisticatedcore tracking
[228月2026 21:15:02.890] [modloading-worker-0/DEBUG] [net.minecraftforge.fml.javafmlmod.AutomaticEventSubscriber/LOADING]: Auto-subscribing vazkii.patchouli.forge.client.ForgeClientInitializer to MOD
[228月2026 21:15:02.890] [modloading-worker-0/DEBUG] [mixin/]: Mixing common.block.ParticleLeavesMixin from aether_redux.mixins.json into com.aetherteam.aether.block.natural.LeavesWithParticlesBlock
[228月2026 21:15:02.890] [modloading-worker-0/DEBUG] [net.minecraftforge.fml.javafmlmod.AutomaticEventSubscriber/LOADING]: Auto-subscribing software.bernie.example.ClientListener to MOD
[228月2026 21:15:02.901] [modloading-worker-0/DEBUG] [botania/]: Instantiating vazkii.botania.forge.xplat.ForgeXplatImpl for service vazkii.botania.xplat.XplatAbstractions
[228月2026 21:15:02.902] [modloading-worker-0/DEBUG] [net.minecraftforge.fml.javafmlmod.AutomaticEventSubscriber/LOADING]: Auto-subscribing dev.shadowsoffire.placebo.patreon.PatreonPreview to FORGE
[228月2026 21:15:02.902] [modloading-worker-0/DEBUG] [net.minecraftforge.fml.javafmlmod.AutomaticEventSubscriber/LOADING]: Attempting to inject @EventBusSubscriber classes into the eventbus for mousetweaks
[228月2026 21:15:02.918] [modloading-worker-0/DEBUG] [net.minecraftforge.fml.javafmlmod.AutomaticEventSubscriber/LOADING]: Auto-subscribing dev.shadowsoffire.placebo.PlaceboClient to MOD
[228月2026 21:15:02.918] [modloading-worker-0/DEBUG] [net.minecraftforge.fml.config.ConfigTracker/CONFIG]: Config file curios-client.toml for curios tracking
[228月2026 21:15:02.923] [modloading-worker-0/DEBUG] [mixin/]: Mixing client.ModelBakeryForgeAccessor from botania_forge.mixins.json into net.minecraft.client.resources.model.ModelBakery
[228月2026 21:15:02.924] [modloading-worker-0/DEBUG] [net.minecraftforge.fml.javafmlmod.AutomaticEventSubscriber/LOADING]: Attempting to inject @EventBusSubscriber classes into the eventbus for aether_redux_audit
[228月2026 21:15:02.924] [modloading-worker-0/DEBUG] [net.minecraftforge.fml.javafmlmod.AutomaticEventSubscriber/LOADING]: Auto-subscribing com.huanghuang.securityaudit.client.AuditClientEvents$ModBusEvents to MOD
[228月2026 21:15:02.924] [modloading-worker-0/DEBUG] [mixin/]: Mixing DamageSourceMixin from apotheosis.mixins.json into net.minecraft.world.damagesource.DamageSource
[228月2026 21:15:02.927] [modloading-worker-0/DEBUG] [mixin/]: Mixing DamageSourceMixin from ars_nouveau.mixins.json into net.minecraft.world.damagesource.DamageSource
[228月2026 21:15:02.927] [modloading-worker-0/DEBUG] [mixin/]: Renaming synthetic method lambda$spellDeathMessage$0(Lnet/minecraft/world/item/ItemStack;Lnet/minecraft/network/chat/Style;)Lnet/minecraft/network/chat/Style; to mde88676$lambda$spellDeathMessage$0$0 in ars_nouveau.mixins.json:DamageSourceMixin
[228月2026 21:15:02.940] [modloading-worker-0/DEBUG] [net.minecraftforge.versions.forge.ForgeVersion/CORE]: Forge Version package package net.minecraftforge.versions.forge, Forge, version 47.4 from cpw.mods.modlauncher.TransformingClassLoader@1b4a3a1
[228月2026 21:15:02.940] [modloading-worker-0/DEBUG] [net.minecraftforge.versions.forge.ForgeVersion/CORE]: Found Forge version 47.4.21
[228月2026 21:15:02.940] [modloading-worker-0/DEBUG] [net.minecraftforge.versions.forge.ForgeVersion/CORE]: Found Forge spec 47.4
[228月2026 21:15:02.940] [modloading-worker-0/DEBUG] [net.minecraftforge.versions.forge.ForgeVersion/CORE]: Found Forge group net.minecraftforge
[228月2026 21:15:02.941] [modloading-worker-0/DEBUG] [net.minecraftforge.fml.config.ConfigTracker/CONFIG]: Config file curios-common.toml for curios tracking
[228月2026 21:15:02.941] [modloading-worker-0/DEBUG] [net.minecraftforge.fml.config.ConfigTracker/CONFIG]: Config file curios-server.toml for curios tracking
[228月2026 21:15:02.941] [modloading-worker-0/DEBUG] [net.minecraftforge.fml.javafmlmod.AutomaticEventSubscriber/LOADING]: Attempting to inject @EventBusSubscriber classes into the eventbus for curios
[228月2026 21:15:02.942] [modloading-worker-0/DEBUG] [net.minecraftforge.fml.javafmlmod.AutomaticEventSubscriber/LOADING]: Auto-subscribing top.theillusivec4.curios.Curios$ClientProxy to MOD
[228月2026 21:15:02.942] [modloading-worker-0/DEBUG] [net.minecraftforge.versions.mcp.MCPVersion/CORE]: MCP Version package package net.minecraftforge.versions.mcp, Minecraft, version 1.20.1 from cpw.mods.modlauncher.TransformingClassLoader@1b4a3a1
[228月2026 21:15:02.942] [modloading-worker-0/DEBUG] [net.minecraftforge.versions.mcp.MCPVersion/CORE]: Found MC version information 1.20.1
[228月2026 21:15:02.942] [modloading-worker-0/DEBUG] [mixin/]: Mixing client.accessor.BlockColorsAccessor from aether.mixins.json into net.minecraft.client.color.block.BlockColors
[228月2026 21:15:02.942] [modloading-worker-0/DEBUG] [net.minecraftforge.versions.mcp.MCPVersion/CORE]: Found MCP version information 20230612.114412
[228月2026 21:15:02.942] [modloading-worker-0/INFO] [net.minecraftforge.common.ForgeMod/FORGEMOD]: Forge mod loading, version 47.4.21, for MC 1.20.1 with MCP 20230612.114412
[228月2026 21:15:02.943] [modloading-worker-0/INFO] [net.minecraftforge.common.MinecraftForge/FORGE]: MinecraftForge v47.4.21 Initialized
[228月2026 21:15:02.946] [modloading-worker-0/DEBUG] [mixin/]: Mixing client.accessor.EntityRendererAccessor from aether.mixins.json into net.minecraft.client.renderer.entity.EntityRenderer
[228月2026 21:15:02.946] [modloading-worker-0/DEBUG] [mixin/]: Mixing light.EntityRendererMixin from ars_nouveau.mixins.json into net.minecraft.client.renderer.entity.EntityRenderer
[228月2026 21:15:02.947] [modloading-worker-0/DEBUG] [net.minecraftforge.fml.config.ConfigTracker/CONFIG]: Config file rs_integration/common.toml for rs_integration tracking
[228月2026 21:15:02.947] [modloading-worker-0/DEBUG] [net.minecraftforge.fml.config.ConfigTracker/CONFIG]: Config file rs_integration/server.toml for rs_integration tracking
[228月2026 21:15:02.947] [modloading-worker-0/DEBUG] [net.minecraftforge.fml.config.ConfigTracker/CONFIG]: Config file rs_integration/client.toml for rs_integration tracking
[228月2026 21:15:02.947] [modloading-worker-0/DEBUG] [mixin/]: Mixing client.render.EntityRendererMixin from aether_redux.mixins.json into net.minecraft.client.renderer.entity.EntityRenderer
[228月2026 21:15:02.947] [modloading-worker-0/DEBUG] [mixin/]: Mixing client.render.RenderAccessor from aether_redux.mixins.json into net.minecraft.client.renderer.entity.EntityRenderer
[228月2026 21:15:02.950] [modloading-worker-0/DEBUG] [botania/]: Instantiating vazkii.botania.common.impl.corporea.CorporeaHelperImpl for service vazkii.botania.api.corporea.CorporeaHelper
[228月2026 21:15:02.951] [modloading-worker-0/DEBUG] [mixin/]: Mixing AttributeInstanceAccessor from attributeslib.mixins.json into net.minecraft.world.entity.ai.attributes.AttributeInstance
[228月2026 21:15:02.952] [modloading-worker-0/DEBUG] [mixin/]: Mixing client.render.LivingEntityRendererMixin from aether_redux.mixins.json into net.minecraft.client.renderer.entity.LivingEntityRenderer
[228月2026 21:15:02.954] [modloading-worker-0/DEBUG] [mixin/]: Mixing client.AnvilScreenMixin from apotheosis.mixins.json into net.minecraft.client.gui.screens.inventory.AnvilScreen
[228月2026 21:15:02.958] [modloading-worker-0/DEBUG] [botania/]: Instantiating vazkii.botania.common.impl.mana.ManaItemHandlerImpl for service vazkii.botania.api.mana.ManaItemHandler
[228月2026 21:15:02.959] [modloading-worker-0/DEBUG] [botania/]: API instances: [vazkii.botania.common.impl.BotaniaAPIImpl@317f0fda, vazkii.botania.forge.xplat.ForgeXplatImpl@35159144, vazkii.botania.common.impl.corporea.CorporeaHelperImpl@73ee8943, vazkii.botania.common.impl.mana.ManaItemHandlerImpl@58b160df]
[228月2026 21:15:02.959] [modloading-worker-0/DEBUG] [mixin/]: Mixing camera.PlayerListMixin from ars_nouveau.mixins.json into net.minecraft.server.players.PlayerList
[228月2026 21:15:02.981] [modloading-worker-0/DEBUG] [mixin/]: Mixing client.CreateWorldScreenMixin from aether.mixins.json into net.minecraft.client.gui.screens.worldselection.CreateWorldScreen
[228月2026 21:15:02.982] [modloading-worker-0/DEBUG] [mixin/]: Mixing client.accessor.CreateWorldScreenAccessor from cumulus_menus.mixins.json into net.minecraft.client.gui.screens.worldselection.CreateWorldScreen
[228月2026 21:15:02.982] [modloading-worker-0/DEBUG] [mixin/]: Renaming @Accessor method cumulus$setHeaderSeparator(Lnet/minecraft/resources/ResourceLocation;)V to cumulus$setHeaderSeparator_$md$e88676$0 in cumulus_menus.mixins.json:client.accessor.CreateWorldScreenAccessor
[228月2026 21:15:02.982] [modloading-worker-0/DEBUG] [mixin/]: Renaming @Accessor method cumulus$setFooterSeparator(Lnet/minecraft/resources/ResourceLocation;)V to cumulus$setFooterSeparator_$md$e88676$1 in cumulus_menus.mixins.json:client.accessor.CreateWorldScreenAccessor
[228月2026 21:15:02.982] [modloading-worker-0/DEBUG] [mixin/]: Renaming @Accessor method cumulus$setLightDirtBackground(Lnet/minecraft/resources/ResourceLocation;)V to cumulus$setLightDirtBackground_$md$e88676$2 in cumulus_menus.mixins.json:client.accessor.CreateWorldScreenAccessor
[228月2026 21:15:02.982] [modloading-worker-0/DEBUG] [net.minecraftforge.fml.config.ConfigTracker/CONFIG]: Config file botania-common.toml for botania tracking
[228月2026 21:15:02.985] [modloading-worker-0/DEBUG] [net.minecraftforge.fml.config.ConfigTracker/CONFIG]: Config file botania-client.toml for botania tracking
[228月2026 21:15:02.988] [modloading-worker-0/DEBUG] [mixin/]: Mixing accessor.RecipeManagerAccessor from farmersdelight.mixins.json into net.minecraft.world.item.crafting.RecipeManager
[228月2026 21:15:02.989] [modloading-worker-0/DEBUG] [mixin/]: Mixing RecipeManagerAccessor from botania_xplat.mixins.json into net.minecraft.world.item.crafting.RecipeManager
[228月2026 21:15:02.998] [modloading-worker-0/DEBUG] [mixin/]: Mixing sophisticatedbackpacks.MagnetUpgradeWrapperMixin from rs_integration.mixins.json into net.p3pp3rf1y.sophisticatedcore.upgrades.magnet.MagnetUpgradeWrapper
[228月2026 21:15:02.999] [modloading-worker-0/DEBUG] [mixin/]: Renaming synthetic method lambda$rsi$onTick$0(Lnet/minecraft/world/entity/Entity;)Z to mde88676$lambda$rsi$onTick$0$0 in rs_integration.mixins.json:sophisticatedbackpacks.MagnetUpgradeWrapperMixin
[228月2026 21:15:03.002] [modloading-worker-0/DEBUG] [net.minecraftforge.fml.javafmlmod.AutomaticEventSubscriber/LOADING]: Attempting to inject @EventBusSubscriber classes into the eventbus for jade
[228月2026 21:15:03.044] [modloading-worker-0/DEBUG] [mixin/]: Mixing client.gui.PackSelectionScreenMixin from aether_redux.mixins.json into net.minecraft.client.gui.screens.packs.PackSelectionScreen
[228月2026 21:15:03.058] [modloading-worker-0/DEBUG] [mixin/]: Mixing client.accessor.TabButtonAccessor from cumulus_menus.mixins.json into net.minecraft.client.gui.components.TabButton
[228月2026 21:15:03.059] [modloading-worker-0/DEBUG] [mixin/]: Mixing sophisticatedbackpacks.PickupUpgradeWrapperMixin from rs_integration.mixins.json into net.p3pp3rf1y.sophisticatedcore.upgrades.pickup.PickupUpgradeWrapper
[228月2026 21:15:03.073] [modloading-worker-0/DEBUG] [mixin/]: Mixing sophisticatedbackpacks.RefillUpgradeWrapperMixin from rs_integration.mixins.json into net.p3pp3rf1y.sophisticatedbackpacks.upgrades.refill.RefillUpgradeWrapper
[228月2026 21:15:03.074] [modloading-worker-0/DEBUG] [mixin/]: Renaming synthetic method lambda$onRefillItemFor$0(Lnet/minecraft/world/entity/player/Player;Lnet/minecraftforge/items/IItemHandler;)V to mde88676$lambda$onRefillItemFor$0$0 in rs_integration.mixins.json:sophisticatedbackpacks.RefillUpgradeWrapperMixin
[228月2026 21:15:03.101] [modloading-worker-0/DEBUG] [net.minecraftforge.fml.config.ConfigTracker/CONFIG]: Config file forge-client.toml for forge tracking
[228月2026 21:15:03.101] [modloading-worker-0/DEBUG] [net.minecraftforge.fml.config.ConfigTracker/CONFIG]: Config file forge-server.toml for forge tracking
[228月2026 21:15:03.101] [modloading-worker-0/DEBUG] [net.minecraftforge.fml.ModLoadingContext/]: Attempted to register an empty config for type COMMON on mod forge
[228月2026 21:15:03.103] [modloading-worker-0/DEBUG] [mezz.jei.common.platform.Services/]: Loaded mezz.jei.forge.platform.PlatformHelper@6dda7b68 for service interface mezz.jei.common.platform.IPlatformHelper
[228月2026 21:15:03.111] [modloading-worker-0/DEBUG] [mixin/]: Mixing sophisticatedbackpacks.FeedingUpgradeWrapperMixin from rs_integration.mixins.json into net.p3pp3rf1y.sophisticatedcore.upgrades.feeding.FeedingUpgradeWrapper
[228月2026 21:15:03.128] [modloading-worker-0/DEBUG] [mixin/]: Mixing client.accessor.ButtonAccessor from aether.mixins.json into net.minecraft.client.gui.components.Button
[228月2026 21:15:03.134] [modloading-worker-0/DEBUG] [net.minecraftforge.fml.config.ConfigTracker/CONFIG]: Config file sophisticatedbackpacks-server.toml for sophisticatedbackpacks tracking
[228月2026 21:15:03.134] [modloading-worker-0/DEBUG] [net.minecraftforge.fml.config.ConfigTracker/CONFIG]: Config file sophisticatedbackpacks-common.toml for sophisticatedbackpacks tracking
[228月2026 21:15:03.136] [modloading-worker-0/DEBUG] [net.minecraftforge.fml.javafmlmod.AutomaticEventSubscriber/LOADING]: Attempting to inject @EventBusSubscriber classes into the eventbus for jecharacters
[228月2026 21:15:03.136] [modloading-worker-0/DEBUG] [net.minecraftforge.fml.javafmlmod.AutomaticEventSubscriber/LOADING]: Auto-subscribing me.towdium.jecharacters.forge.JustEnoughCharactersForge$EventHandler to FORGE
[228月2026 21:15:03.136] [modloading-worker-0/DEBUG] [net.minecraftforge.fml.javafmlmod.AutomaticEventSubscriber/LOADING]: Attempting to inject @EventBusSubscriber classes into the eventbus for attributeslib
[228月2026 21:15:03.140] [modloading-worker-0/DEBUG] [net.minecraftforge.fml.javafmlmod.AutomaticEventSubscriber/LOADING]: Attempting to inject @EventBusSubscriber classes into the eventbus for forge
[228月2026 21:15:03.140] [modloading-worker-0/DEBUG] [net.minecraftforge.fml.javafmlmod.AutomaticEventSubscriber/LOADING]: Auto-subscribing net.minecraftforge.common.ForgeSpawnEggItem$CommonHandler to MOD
[228月2026 21:15:03.142] [modloading-worker-0/DEBUG] [net.minecraftforge.fml.javafmlmod.AutomaticEventSubscriber/LOADING]: Auto-subscribing net.minecraftforge.common.ForgeSpawnEggItem$ColorRegisterHandler to MOD
[228月2026 21:15:03.142] [modloading-worker-0/DEBUG] [net.minecraftforge.fml.javafmlmod.AutomaticEventSubscriber/LOADING]: Attempting to inject @EventBusSubscriber classes into the eventbus for rs_integration
[228月2026 21:15:03.143] [modloading-worker-0/DEBUG] [net.minecraftforge.fml.javafmlmod.AutomaticEventSubscriber/LOADING]: Auto-subscribing com.huanghuang.rsintegration.network.binding.NearbyBindingService to FORGE
[228月2026 21:15:03.144] [modloading-worker-0/DEBUG] [net.minecraftforge.fml.config.ConfigTracker/CONFIG]: Config file ars_nouveau/glyph_projectile.toml for ars_nouveau tracking
[228月2026 21:15:03.144] [modloading-worker-0/DEBUG] [net.minecraftforge.fml.javafmlmod.AutomaticEventSubscriber/LOADING]: Auto-subscribing net.minecraftforge.client.model.data.ModelDataManager to FORGE
[228月2026 21:15:03.145] [modloading-worker-0/DEBUG] [net.minecraftforge.fml.config.ConfigTracker/CONFIG]: Config file ars_nouveau/glyph_touch.toml for ars_nouveau tracking
[228月2026 21:15:03.145] [modloading-worker-0/DEBUG] [net.minecraftforge.fml.config.ConfigTracker/CONFIG]: Config file ars_nouveau/glyph_self.toml for ars_nouveau tracking
[228月2026 21:15:03.150] [modloading-worker-0/DEBUG] [net.minecraftforge.fml.javafmlmod.AutomaticEventSubscriber/LOADING]: Auto-subscribing com.huanghuang.rsintegration.network.binding.BindingEventHandler to FORGE
[228月2026 21:15:03.150] [modloading-worker-0/DEBUG] [net.minecraftforge.fml.javafmlmod.AutomaticEventSubscriber/LOADING]: Auto-subscribing net.minecraftforge.client.ForgeHooksClient$ClientEvents to MOD
[228月2026 21:15:03.153] [modloading-worker-0/DEBUG] [net.minecraftforge.fml.config.ConfigTracker/CONFIG]: Config file l2_configs/traderefresh-client.toml for traderefresh tracking
[228月2026 21:15:03.153] [modloading-worker-0/DEBUG] [net.minecraftforge.fml.config.ConfigTracker/CONFIG]: Config file l2_configs/traderefresh-common.toml for traderefresh tracking
[228月2026 21:15:03.153] [modloading-worker-0/DEBUG] [net.minecraftforge.fml.config.ConfigTracker/CONFIG]: Config file ars_nouveau/glyph_break.toml for ars_nouveau tracking
[228月2026 21:15:03.156] [modloading-worker-0/DEBUG] [net.minecraftforge.fml.config.ConfigTracker/CONFIG]: Config file ars_nouveau/glyph_harm.toml for ars_nouveau tracking
[228月2026 21:15:03.157] [modloading-worker-0/DEBUG] [net.minecraftforge.fml.config.ConfigTracker/CONFIG]: Config file ars_nouveau/glyph_ignite.toml for ars_nouveau tracking
[228月2026 21:15:03.158] [modloading-worker-0/DEBUG] [net.minecraftforge.fml.config.ConfigTracker/CONFIG]: Config file ars_nouveau/glyph_phantom_block.toml for ars_nouveau tracking
[228月2026 21:15:03.159] [modloading-worker-0/DEBUG] [net.minecraftforge.fml.config.ConfigTracker/CONFIG]: Config file ars_nouveau/glyph_heal.toml for ars_nouveau tracking
[228月2026 21:15:03.159] [modloading-worker-0/DEBUG] [net.minecraftforge.fml.config.ConfigTracker/CONFIG]: Config file ars_nouveau/glyph_grow.toml for ars_nouveau tracking
[228月2026 21:15:03.160] [modloading-worker-0/DEBUG] [mixin/]: Mixing traderefresh.TradeRefreshTradeLockMixin from rs_integration.mixins.json into dev.xkmc.traderefresh.network.RefreshToServer
[228月2026 21:15:03.164] [modloading-worker-0/DEBUG] [net.minecraftforge.fml.config.ConfigTracker/CONFIG]: Config file ars_nouveau/glyph_gust.toml for ars_nouveau tracking
[228月2026 21:15:03.165] [modloading-worker-0/DEBUG] [net.minecraftforge.fml.config.ConfigTracker/CONFIG]: Config file ars_nouveau/glyph_light.toml for ars_nouveau tracking
[228月2026 21:15:03.165] [modloading-worker-0/DEBUG] [net.minecraftforge.fml.config.ConfigTracker/CONFIG]: Config file ars_nouveau/glyph_dispel.toml for ars_nouveau tracking
[228月2026 21:15:03.167] [modloading-worker-0/DEBUG] [net.minecraftforge.fml.config.ConfigTracker/CONFIG]: Config file ars_nouveau/glyph_launch.toml for ars_nouveau tracking
[228月2026 21:15:03.167] [modloading-worker-0/DEBUG] [net.minecraftforge.fml.config.ConfigTracker/CONFIG]: Config file ars_nouveau/glyph_pull.toml for ars_nouveau tracking
[228月2026 21:15:03.168] [modloading-worker-0/DEBUG] [mixin/]: Mixing BotaniaGrassBlockForgeMixin from botania_forge.mixins.json into vazkii.botania.common.block.BotaniaGrassBlock
[228月2026 21:15:03.177] [modloading-worker-0/DEBUG] [net.minecraftforge.fml.javafmlmod.AutomaticEventSubscriber/LOADING]: Auto-subscribing net.minecraftforge.client.ClientForgeMod to MOD
[228月2026 21:15:03.177] [modloading-worker-0/DEBUG] [net.minecraftforge.fml.config.ConfigTracker/CONFIG]: Config file ars_nouveau/glyph_blink.toml for ars_nouveau tracking
[228月2026 21:15:03.177] [modloading-worker-0/DEBUG] [mixin/]: Mixing client.LevelRendererMixin from botania_xplat.mixins.json into net.minecraft.client.renderer.LevelRenderer
[228月2026 21:15:03.177] [modloading-worker-0/DEBUG] [net.minecraftforge.fml.javafmlmod.AutomaticEventSubscriber/LOADING]: Auto-subscribing com.huanghuang.rsintegration.mods.rs.RSGridSearchCache to FORGE
[228月2026 21:15:03.188] [modloading-worker-0/DEBUG] [mixin/]: Mixing client.accessor.LevelRendererAccessor from aether.mixins.json into net.minecraft.client.renderer.LevelRenderer
[228月2026 21:15:03.188] [modloading-worker-0/DEBUG] [mixin/]: Mixing client.LevelRendererAccessor from botania_xplat.mixins.json into net.minecraft.client.renderer.LevelRenderer
[228月2026 21:15:03.188] [modloading-worker-0/DEBUG] [mixin/]: Renaming @Invoker method renderShape(Lcom/mojang/blaze3d/vertex/PoseStack;Lcom/mojang/blaze3d/vertex/VertexConsumer;Lnet/minecraft/world/phys/shapes/VoxelShape;DDDFFFF)V to renderShape_$md$e88676$0 in botania_xplat.mixins.json:client.LevelRendererAccessor
[228月2026 21:15:03.188] [modloading-worker-0/DEBUG] [mixin/]: Mixing client.MixinLevelRenderer from patchouli_xplat.mixins.json into net.minecraft.client.renderer.LevelRenderer
[228月2026 21:15:03.189] [modloading-worker-0/DEBUG] [mixin/]: Mixing light.LevelRendererMixin from ars_nouveau.mixins.json into net.minecraft.client.renderer.LevelRenderer
[228月2026 21:15:03.189] [modloading-worker-0/DEBUG] [mixin/]: Mixing camera.LevelRendererMixin from ars_nouveau.mixins.json into net.minecraft.client.renderer.LevelRenderer
[228月2026 21:15:03.215] [modloading-worker-0/DEBUG] [net.minecraftforge.fml.config.ConfigTracker/CONFIG]: Config file ars_nouveau/glyph_explosion.toml for ars_nouveau tracking
[228月2026 21:15:03.218] [modloading-worker-0/DEBUG] [net.minecraftforge.fml.config.ConfigTracker/CONFIG]: Config file ars_nouveau/glyph_lightning.toml for ars_nouveau tracking
[228月2026 21:15:03.219] [modloading-worker-0/DEBUG] [net.minecraftforge.fml.config.ConfigTracker/CONFIG]: Config file ars_nouveau/glyph_slowfall.toml for ars_nouveau tracking
[228月2026 21:15:03.220] [modloading-worker-0/DEBUG] [net.minecraftforge.fml.javafmlmod.AutomaticEventSubscriber/LOADING]: Attempting to inject @EventBusSubscriber classes into the eventbus for traderefresh
[228月2026 21:15:03.221] [modloading-worker-0/DEBUG] [net.minecraftforge.fml.config.ConfigTracker/CONFIG]: Config file ars_nouveau/glyph_fangs.toml for ars_nouveau tracking
[228月2026 21:15:03.222] [modloading-worker-0/DEBUG] [net.minecraftforge.fml.config.ConfigTracker/CONFIG]: Config file ars_nouveau/glyph_summon_vex.toml for ars_nouveau tracking
[228月2026 21:15:03.222] [modloading-worker-0/DEBUG] [net.minecraftforge.fml.config.ConfigTracker/CONFIG]: Config file ars_nouveau/glyph_accelerate.toml for ars_nouveau tracking
[228月2026 21:15:03.222] [modloading-worker-0/DEBUG] [net.minecraftforge.fml.config.ConfigTracker/CONFIG]: Config file ars_nouveau/glyph_decelerate.toml for ars_nouveau tracking
[228月2026 21:15:03.222] [modloading-worker-0/DEBUG] [net.minecraftforge.fml.config.ConfigTracker/CONFIG]: Config file ars_nouveau/glyph_split.toml for ars_nouveau tracking
[228月2026 21:15:03.222] [modloading-worker-0/DEBUG] [net.minecraftforge.fml.config.ConfigTracker/CONFIG]: Config file ars_nouveau/glyph_amplify.toml for ars_nouveau tracking
[228月2026 21:15:03.222] [modloading-worker-0/DEBUG] [net.minecraftforge.fml.config.ConfigTracker/CONFIG]: Config file ars_nouveau/glyph_aoe.toml for ars_nouveau tracking
[228月2026 21:15:03.222] [modloading-worker-0/DEBUG] [net.minecraftforge.fml.config.ConfigTracker/CONFIG]: Config file ars_nouveau/glyph_extend_time.toml for ars_nouveau tracking
[228月2026 21:15:03.222] [modloading-worker-0/DEBUG] [net.minecraftforge.fml.config.ConfigTracker/CONFIG]: Config file ars_nouveau/glyph_pierce.toml for ars_nouveau tracking
[228月2026 21:15:03.222] [modloading-worker-0/DEBUG] [net.minecraftforge.fml.config.ConfigTracker/CONFIG]: Config file ars_nouveau/glyph_dampen.toml for ars_nouveau tracking
[228月2026 21:15:03.222] [modloading-worker-0/DEBUG] [net.minecraftforge.fml.config.ConfigTracker/CONFIG]: Config file ars_nouveau/glyph_extract.toml for ars_nouveau tracking
[228月2026 21:15:03.222] [modloading-worker-0/DEBUG] [net.minecraftforge.fml.config.ConfigTracker/CONFIG]: Config file ars_nouveau/glyph_fortune.toml for ars_nouveau tracking
[228月2026 21:15:03.223] [modloading-worker-0/DEBUG] [net.minecraftforge.fml.config.ConfigTracker/CONFIG]: Config file ars_nouveau/glyph_ender_inventory.toml for ars_nouveau tracking
[228月2026 21:15:03.223] [modloading-worker-0/DEBUG] [net.minecraftforge.fml.config.ConfigTracker/CONFIG]: Config file ars_nouveau/glyph_harvest.toml for ars_nouveau tracking
[228月2026 21:15:03.224] [modloading-worker-0/DEBUG] [net.minecraftforge.fml.config.ConfigTracker/CONFIG]: Config file ars_nouveau/glyph_fell.toml for ars_nouveau tracking
[228月2026 21:15:03.225] [modloading-worker-0/DEBUG] [net.minecraftforge.fml.config.ConfigTracker/CONFIG]: Config file ars_nouveau/glyph_pickup.toml for ars_nouveau tracking
[228月2026 21:15:03.225] [modloading-worker-0/DEBUG] [net.minecraftforge.fml.config.ConfigTracker/CONFIG]: Config file ars_nouveau/glyph_interact.toml for ars_nouveau tracking
[228月2026 21:15:03.228] [modloading-worker-0/DEBUG] [net.minecraftforge.fml.config.ConfigTracker/CONFIG]: Config file ars_nouveau/glyph_place_block.toml for ars_nouveau tracking
[228月2026 21:15:03.228] [modloading-worker-0/DEBUG] [net.minecraftforge.fml.config.ConfigTracker/CONFIG]: Config file ars_nouveau/glyph_snare.toml for ars_nouveau tracking
[228月2026 21:15:03.229] [modloading-worker-0/DEBUG] [net.minecraftforge.fml.config.ConfigTracker/CONFIG]: Config file ars_nouveau/glyph_smelt.toml for ars_nouveau tracking
[228月2026 21:15:03.230] [modloading-worker-0/DEBUG] [net.minecraftforge.fml.config.ConfigTracker/CONFIG]: Config file ars_nouveau/glyph_leap.toml for ars_nouveau tracking
[228月2026 21:15:03.231] [modloading-worker-0/DEBUG] [net.minecraftforge.fml.config.ConfigTracker/CONFIG]: Config file ars_nouveau/glyph_delay.toml for ars_nouveau tracking
[228月2026 21:15:03.232] [modloading-worker-0/DEBUG] [net.minecraftforge.fml.config.ConfigTracker/CONFIG]: Config file ars_nouveau/glyph_redstone_signal.toml for ars_nouveau tracking
[228月2026 21:15:03.232] [modloading-worker-0/DEBUG] [net.minecraftforge.fml.config.ConfigTracker/CONFIG]: Config file ars_nouveau/glyph_intangible.toml for ars_nouveau tracking
[228月2026 21:15:03.233] [modloading-worker-0/DEBUG] [net.minecraftforge.fml.config.ConfigTracker/CONFIG]: Config file ars_nouveau/glyph_invisibility.toml for ars_nouveau tracking
[228月2026 21:15:03.233] [modloading-worker-0/DEBUG] [net.minecraftforge.fml.config.ConfigTracker/CONFIG]: Config file ars_nouveau/glyph_duration_down.toml for ars_nouveau tracking
[228月2026 21:15:03.233] [modloading-worker-0/DEBUG] [net.minecraftforge.fml.config.ConfigTracker/CONFIG]: Config file ars_nouveau/glyph_wither.toml for ars_nouveau tracking
[228月2026 21:15:03.234] [modloading-worker-0/DEBUG] [net.minecraftforge.fml.config.ConfigTracker/CONFIG]: Config file ars_nouveau/glyph_exchange.toml for ars_nouveau tracking
[228月2026 21:15:03.235] [modloading-worker-0/DEBUG] [net.minecraftforge.fml.config.ConfigTracker/CONFIG]: Config file ars_nouveau/glyph_craft.toml for ars_nouveau tracking
[228月2026 21:15:03.233] [modloading-worker-0/ERROR] [net.minecraftforge.fml.javafmlmod.FMLModContainer/LOADING]: Failed to register automatic subscribers. ModID: rs_integration, class com.huanghuang.rsintegration.RSIntegrationMod
java.lang.NoClassDefFoundError: com/refinedmods/refinedstorage/screen/grid/GridScreen
	at java.lang.Class.getDeclaredMethods0(Native Method) ~[?:?]
	at java.lang.Class.privateGetDeclaredMethods(Class.java:3578) ~[?:?]
	at java.lang.Class.privateGetPublicMethods(Class.java:3603) ~[?:?]
	at java.lang.Class.getMethods(Class.java:2185) ~[?:?]
	at net.minecraftforge.eventbus.EventBus.registerClass(EventBus.java:72) ~[eventbus-6.2.33.jar%23137!/:?]
	at net.minecraftforge.eventbus.EventBus.register(EventBus.java:132) ~[eventbus-6.2.33.jar%23137!/:?]
	at net.minecraftforge.fml.javafmlmod.AutomaticEventSubscriber.lambda$inject$6(AutomaticEventSubscriber.java:61) ~[javafmllanguage-1.20.1-47.4.21.jar%23208!/:?]
	at java.util.ArrayList.forEach(ArrayList.java:1596) ~[?:?]
	at net.minecraftforge.fml.javafmlmod.AutomaticEventSubscriber.inject(AutomaticEventSubscriber.java:48) ~[javafmllanguage-1.20.1-47.4.21.jar%23208!/:?]
	at net.minecraftforge.fml.javafmlmod.FMLModContainer.constructMod(FMLModContainer.java:92) ~[javafmllanguage-1.20.1-47.4.21.jar%23208!/:?]
	at net.minecraftforge.fml.ModContainer.lambda$buildTransitionHandler$5(ModContainer.java:126) ~[fmlcore-1.20.1-47.4.21.jar%23207!/:?]
	at java.util.concurrent.CompletableFuture$AsyncRun.run(CompletableFuture.java:1804) ~[?:?]
	at java.util.concurrent.CompletableFuture$AsyncRun.exec(CompletableFuture.java:1796) ~[?:?]
	at java.util.concurrent.ForkJoinTask.doExec(ForkJoinTask.java:387) ~[?:?]
	at java.util.concurrent.ForkJoinPool$WorkQueue.topLevelExec(ForkJoinPool.java:1312) ~[?:?]
	at java.util.concurrent.ForkJoinPool.scan(ForkJoinPool.java:1843) ~[?:?]
	at java.util.concurrent.ForkJoinPool.runWorker(ForkJoinPool.java:1808) ~[?:?]
	at java.util.concurrent.ForkJoinWorkerThread.run(ForkJoinWorkerThread.java:188) ~[?:?]
Caused by: java.lang.ClassNotFoundException: com.refinedmods.refinedstorage.screen.grid.GridScreen
	at jdk.internal.loader.BuiltinClassLoader.loadClass(BuiltinClassLoader.java:641) ~[?:?]
	at java.lang.ClassLoader.loadClass(ClassLoader.java:526) ~[?:?]
	at cpw.mods.cl.ModuleClassLoader.loadClass(ModuleClassLoader.java:137) ~[securejarhandler-2.1.10.jar:?]
	at java.lang.ClassLoader.loadClass(ClassLoader.java:526) ~[?:?]
	at cpw.mods.cl.ModuleClassLoader.loadClass(ModuleClassLoader.java:137) ~[securejarhandler-2.1.10.jar:?]
	at java.lang.ClassLoader.loadClass(ClassLoader.java:526) ~[?:?]
	... 18 more
[228月2026 21:15:03.236] [modloading-worker-0/DEBUG] [net.minecraftforge.fml.config.ConfigTracker/CONFIG]: Config file ars_nouveau/glyph_flare.toml for ars_nouveau tracking
[228月2026 21:15:03.238] [modloading-worker-0/DEBUG] [net.minecraftforge.fml.config.ConfigTracker/CONFIG]: Config file ars_nouveau/glyph_cold_snap.toml for ars_nouveau tracking
[228月2026 21:15:03.238] [modloading-worker-0/DEBUG] [net.minecraftforge.fml.config.ConfigTracker/CONFIG]: Config file ars_nouveau/glyph_conjure_water.toml for ars_nouveau tracking
[228月2026 21:15:03.239] [modloading-worker-0/DEBUG] [net.minecraftforge.fml.config.ConfigTracker/CONFIG]: Config file ars_nouveau/glyph_gravity.toml for ars_nouveau tracking
[228月2026 21:15:03.240] [modloading-worker-0/DEBUG] [net.minecraftforge.fml.javafmlmod.AutomaticEventSubscriber/LOADING]: Attempting to inject @EventBusSubscriber classes into the eventbus for sophisticatedcore
[228月2026 21:15:03.240] [modloading-worker-0/DEBUG] [net.minecraftforge.fml.config.ConfigTracker/CONFIG]: Config file ars_nouveau/glyph_cut.toml for ars_nouveau tracking
[228月2026 21:15:03.241] [modloading-worker-0/DEBUG] [net.minecraftforge.fml.config.ConfigTracker/CONFIG]: Config file ars_nouveau/glyph_crush.toml for ars_nouveau tracking
[228月2026 21:15:03.241] [modloading-worker-0/DEBUG] [net.minecraftforge.fml.config.ConfigTracker/CONFIG]: Config file ars_nouveau/glyph_summon_wolves.toml for ars_nouveau tracking
[228月2026 21:15:03.242] [modloading-worker-0/DEBUG] [net.minecraftforge.fml.config.ConfigTracker/CONFIG]: Config file ars_nouveau/glyph_summon_steed.toml for ars_nouveau tracking
[228月2026 21:15:03.243] [modloading-worker-0/DEBUG] [net.minecraftforge.fml.config.ConfigTracker/CONFIG]: Config file ars_nouveau/glyph_summon_decoy.toml for ars_nouveau tracking
[228月2026 21:15:03.243] [modloading-worker-0/DEBUG] [net.minecraftforge.fml.config.ConfigTracker/CONFIG]: Config file ars_nouveau/glyph_hex.toml for ars_nouveau tracking
[228月2026 21:15:03.244] [modloading-worker-0/DEBUG] [net.minecraftforge.fml.config.ConfigTracker/CONFIG]: Config file ars_nouveau/glyph_underfoot.toml for ars_nouveau tracking
[228月2026 21:15:03.244] [modloading-worker-0/DEBUG] [net.minecraftforge.fml.config.ConfigTracker/CONFIG]: Config file ars_nouveau/glyph_glide.toml for ars_nouveau tracking
[228月2026 21:15:03.245] [modloading-worker-0/DEBUG] [net.minecraftforge.fml.config.ConfigTracker/CONFIG]: Config file ars_nouveau/glyph_rune.toml for ars_nouveau tracking
[228月2026 21:15:03.245] [modloading-worker-0/DEBUG] [net.minecraftforge.fml.config.ConfigTracker/CONFIG]: Config file ars_nouveau/glyph_freeze.toml for ars_nouveau tracking
[228月2026 21:15:03.245] [modloading-worker-0/DEBUG] [net.minecraftforge.fml.config.ConfigTracker/CONFIG]: Config file ars_nouveau/glyph_name.toml for ars_nouveau tracking
[228月2026 21:15:03.247] [modloading-worker-0/DEBUG] [net.minecraftforge.fml.config.ConfigTracker/CONFIG]: Config file ars_nouveau/glyph_summon_undead.toml for ars_nouveau tracking
[228月2026 21:15:03.251] [modloading-worker-0/DEBUG] [net.minecraftforge.fml.config.ConfigTracker/CONFIG]: Config file ars_nouveau/glyph_firework.toml for ars_nouveau tracking
[228月2026 21:15:03.251] [modloading-worker-0/DEBUG] [mixin/]: Mixing common.item.GummySwetItemMixin from aether_redux.mixins.json into com.aetherteam.aether.item.food.GummySwetItem
[228月2026 21:15:03.252] [modloading-worker-0/DEBUG] [net.minecraftforge.fml.config.ConfigTracker/CONFIG]: Config file ars_nouveau/glyph_toss.toml for ars_nouveau tracking
[228月2026 21:15:03.252] [modloading-worker-0/DEBUG] [net.minecraftforge.fml.config.ConfigTracker/CONFIG]: Config file ars_nouveau/glyph_bounce.toml for ars_nouveau tracking
[228月2026 21:15:03.252] [modloading-worker-0/DEBUG] [net.minecraftforge.fml.config.ConfigTracker/CONFIG]: Config file ars_nouveau/glyph_sensitive.toml for ars_nouveau tracking
[228月2026 21:15:03.253] [modloading-worker-0/DEBUG] [net.minecraftforge.fml.config.ConfigTracker/CONFIG]: Config file ars_nouveau/glyph_wind_shear.toml for ars_nouveau tracking
[228月2026 21:15:03.254] [modloading-worker-0/DEBUG] [net.minecraftforge.fml.config.ConfigTracker/CONFIG]: Config file ars_nouveau/glyph_evaporate.toml for ars_nouveau tracking
[228月2026 21:15:03.255] [modloading-worker-0/DEBUG] [net.minecraftforge.fml.config.ConfigTracker/CONFIG]: Config file ars_nouveau/glyph_linger.toml for ars_nouveau tracking
[228月2026 21:15:03.256] [modloading-worker-0/DEBUG] [net.minecraftforge.fml.config.ConfigTracker/CONFIG]: Config file ars_nouveau/glyph_sense_magic.toml for ars_nouveau tracking
[228月2026 21:15:03.257] [modloading-worker-0/DEBUG] [net.minecraftforge.fml.config.ConfigTracker/CONFIG]: Config file ars_nouveau/glyph_infuse.toml for ars_nouveau tracking
[228月2026 21:15:03.257] [modloading-worker-0/DEBUG] [net.minecraftforge.fml.config.ConfigTracker/CONFIG]: Config file ars_nouveau/glyph_rotate.toml for ars_nouveau tracking
[228月2026 21:15:03.259] [modloading-worker-0/DEBUG] [net.minecraftforge.fml.config.ConfigTracker/CONFIG]: Config file ars_nouveau/glyph_wall.toml for ars_nouveau tracking
[228月2026 21:15:03.261] [modloading-worker-0/DEBUG] [net.minecraftforge.fml.config.ConfigTracker/CONFIG]: Config file ars_nouveau/glyph_animate_block.toml for ars_nouveau tracking
[228月2026 21:15:03.262] [modloading-worker-0/DEBUG] [net.minecraftforge.fml.config.ConfigTracker/CONFIG]: Config file ars_nouveau/burst.toml for ars_nouveau tracking
[228月2026 21:15:03.262] [modloading-worker-0/DEBUG] [net.minecraftforge.fml.config.ConfigTracker/CONFIG]: Config file ars_nouveau/glyph_randomize.toml for ars_nouveau tracking
[228月2026 21:15:03.263] [modloading-worker-0/DEBUG] [net.minecraftforge.fml.config.ConfigTracker/CONFIG]: Config file ars_nouveau/glyph_orbit.toml for ars_nouveau tracking
[228月2026 21:15:03.263] [modloading-worker-0/DEBUG] [net.minecraftforge.fml.config.ConfigTracker/CONFIG]: Config file ars_nouveau/reset.toml for ars_nouveau tracking
[228月2026 21:15:03.269] [modloading-worker-0/DEBUG] [mixin/]: Mixing client.ItemManasteelArmorForgeMixin from botania_forge.mixins.json into vazkii.botania.common.item.equipment.armor.manasteel.ManasteelArmorItem
[228月2026 21:15:03.271] [modloading-worker-0/DEBUG] [net.minecraftforge.fml.config.ConfigTracker/CONFIG]: Config file ars_nouveau/wololo.toml for ars_nouveau tracking
[228月2026 21:15:03.271] [modloading-worker-0/DEBUG] [net.minecraftforge.fml.javafmlmod.AutomaticEventSubscriber/LOADING]: Attempting to inject @EventBusSubscriber classes into the eventbus for farmersdelight
[228月2026 21:15:03.271] [modloading-worker-0/DEBUG] [net.minecraftforge.fml.javafmlmod.AutomaticEventSubscriber/LOADING]: Auto-subscribing vectorwing.farmersdelight.data.DataGenerators to MOD
[228月2026 21:15:03.271] [modloading-worker-0/DEBUG] [net.minecraftforge.fml.config.ConfigTracker/CONFIG]: Config file ars_nouveau/rewind.toml for ars_nouveau tracking
[228月2026 21:15:03.273] [modloading-worker-0/DEBUG] [net.minecraftforge.fml.javafmlmod.AutomaticEventSubscriber/LOADING]: Auto-subscribing vectorwing.farmersdelight.common.item.SkilletItem$SkilletEvents to FORGE
[228月2026 21:15:03.277] [modloading-worker-0/DEBUG] [net.minecraftforge.fml.javafmlmod.AutomaticEventSubscriber/LOADING]: Auto-subscribing vectorwing.farmersdelight.common.item.KnifeItem$KnifeEvents to FORGE
[228月2026 21:15:03.282] [modloading-worker-0/DEBUG] [net.minecraftforge.fml.javafmlmod.AutomaticEventSubscriber/LOADING]: Auto-subscribing vectorwing.farmersdelight.common.item.HorseFeedItem$HorseFeedEvent to FORGE
[228月2026 21:15:03.284] [modloading-worker-0/DEBUG] [net.minecraftforge.fml.javafmlmod.AutomaticEventSubscriber/LOADING]: Auto-subscribing vectorwing.farmersdelight.common.item.enchantment.BackstabbingEnchantment$BackstabbingEvent to FORGE
[228月2026 21:15:03.287] [modloading-worker-0/DEBUG] [net.minecraftforge.fml.javafmlmod.AutomaticEventSubscriber/LOADING]: Auto-subscribing vectorwing.farmersdelight.common.item.DogFoodItem$DogFoodEvent to FORGE
[228月2026 21:15:03.288] [modloading-worker-0/DEBUG] [net.minecraftforge.fml.javafmlmod.AutomaticEventSubscriber/LOADING]: Auto-subscribing vectorwing.farmersdelight.common.event.VillagerEvents to FORGE
[228月2026 21:15:03.294] [modloading-worker-0/DEBUG] [mixin/]: Mixing AccessorSmithingTransformRecipe from patchouli_xplat.mixins.json into net.minecraft.world.item.crafting.SmithingTransformRecipe
[228月2026 21:15:03.295] [modloading-worker-0/DEBUG] [mixin/]: Mixing minecraft.SmithingTransformRecipeAccessor from rs_integration.mixins.json into net.minecraft.world.item.crafting.SmithingTransformRecipe
[228月2026 21:15:03.295] [modloading-worker-0/DEBUG] [net.minecraftforge.fml.javafmlmod.AutomaticEventSubscriber/LOADING]: Auto-subscribing vectorwing.farmersdelight.common.event.SetupEvents to MOD
[228月2026 21:15:03.298] [modloading-worker-0/DEBUG] [net.minecraftforge.fml.javafmlmod.AutomaticEventSubscriber/LOADING]: Auto-subscribing vectorwing.farmersdelight.common.event.CommonEvents to FORGE
[228月2026 21:15:03.298] [modloading-worker-0/DEBUG] [mixin/]: Mixing sophisticatedbackpacks.CompactingUpgradeWrapperMixin from rs_integration.mixins.json into net.p3pp3rf1y.sophisticatedcore.upgrades.compacting.CompactingUpgradeWrapper
[228月2026 21:15:03.308] [modloading-worker-0/DEBUG] [net.minecraftforge.fml.javafmlmod.AutomaticEventSubscriber/LOADING]: Auto-subscribing vectorwing.farmersdelight.common.block.CuttingBoardBlock$ToolCarvingEvent to FORGE
[228月2026 21:15:03.310] [modloading-worker-0/DEBUG] [net.minecraftforge.fml.javafmlmod.AutomaticEventSubscriber/LOADING]: Auto-subscribing vectorwing.farmersdelight.client.event.TooltipEvents to FORGE
[228月2026 21:15:03.313] [modloading-worker-0/DEBUG] [net.minecraftforge.fml.javafmlmod.AutomaticEventSubscriber/LOADING]: Auto-subscribing vectorwing.farmersdelight.client.event.KeybindEvents to FORGE
[228月2026 21:15:03.315] [modloading-worker-0/DEBUG] [net.minecraftforge.fml.javafmlmod.AutomaticEventSubscriber/LOADING]: Auto-subscribing vectorwing.farmersdelight.client.event.ClientSetupEvents to MOD
[228月2026 21:15:03.320] [modloading-worker-0/DEBUG] [mixin/]: Mixing sophisticatedbackpacks.RestockUpgradeWrapperMixin from rs_integration.mixins.json into net.p3pp3rf1y.sophisticatedbackpacks.upgrades.restock.RestockUpgradeWrapper
[228月2026 21:15:03.406] [modloading-worker-0/DEBUG] [mezz.jei.common.config.file.ConfigSerializer/]: Loading config file: D:\E\桌面\游戏\PCL\.minecraft\versions\植物科技\config\jei\jei-debug.ini
[228月2026 21:15:03.411] [modloading-worker-0/DEBUG] [mezz.jei.common.config.file.ConfigSchema/]: Localization has not loaded yet, waiting to save the config file until JEI starts.
[228月2026 21:15:03.414] [modloading-worker-0/DEBUG] [net.minecraftforge.fml.javafmlmod.AutomaticEventSubscriber/LOADING]: Attempting to inject @EventBusSubscriber classes into the eventbus for apotheosis
[228月2026 21:15:03.414] [modloading-worker-0/DEBUG] [net.minecraftforge.fml.javafmlmod.AutomaticEventSubscriber/LOADING]: Auto-subscribing dev.shadowsoffire.apotheosis.village.wanderer.WandererReplacements to MOD
[228月2026 21:15:03.422] [modloading-worker-0/DEBUG] [mezz.jei.common.config.file.ConfigSerializer/]: Loading config file: D:\E\桌面\游戏\PCL\.minecraft\versions\植物科技\config\jei\jei-mod-id-format.ini
[228月2026 21:15:03.424] [modloading-worker-0/DEBUG] [mezz.jei.common.config.file.ConfigSchema/]: Localization has not loaded yet, waiting to save the config file until JEI starts.
[228月2026 21:15:03.431] [modloading-worker-0/DEBUG] [mezz.jei.common.config.file.ConfigSerializer/]: Loading config file: D:\E\桌面\游戏\PCL\.minecraft\versions\植物科技\config\jei\jei-colors.ini
[228月2026 21:15:03.432] [modloading-worker-0/DEBUG] [net.minecraftforge.fml.javafmlmod.AutomaticEventSubscriber/LOADING]: Auto-subscribing dev.shadowsoffire.apotheosis.adventure.loot.ShieldBreakerTest to FORGE
[228月2026 21:15:03.432] [modloading-worker-0/DEBUG] [mixin/]: Mixing CriteriaTriggersAccessor from botania_xplat.mixins.json into net.minecraft.advancements.CriteriaTriggers
[228月2026 21:15:03.435] [modloading-worker-0/DEBUG] [net.minecraftforge.fml.javafmlmod.AutomaticEventSubscriber/LOADING]: Auto-subscribing dev.shadowsoffire.apotheosis.adventure.client.AdventureModuleClient$ModBusSub to MOD
[228月2026 21:15:03.437] [modloading-worker-0/DEBUG] [mezz.jei.common.config.file.ConfigSchema/]: Localization has not loaded yet, waiting to save the config file until JEI starts.
[228月2026 21:15:03.470] [modloading-worker-0/DEBUG] [mezz.jei.common.config.file.ConfigSerializer/]: Loading config file: D:\E\桌面\游戏\PCL\.minecraft\versions\植物科技\config\jei\jei-client.ini
[228月2026 21:15:03.471] [modloading-worker-0/DEBUG] [mezz.jei.common.config.file.ConfigSchema/]: Localization has not loaded yet, waiting to save the config file until JEI starts.
[228月2026 21:15:03.478] [modloading-worker-0/DEBUG] [mixin/]: Mixing sophisticatedbackpacks.StorageContainerMenuBaseMixin from rs_integration.mixins.json into net.p3pp3rf1y.sophisticatedcore.common.gui.StorageContainerMenuBase
[228月2026 21:15:03.479] [modloading-worker-0/DEBUG] [mixin/]: Renaming synthetic method lambda$isOpenTabFilterOnly$1(Lnet/p3pp3rf1y/sophisticatedcore/common/gui/UpgradeContainerBase;)Ljava/lang/Boolean; to mde88676$lambda$isOpenTabFilterOnly$1$0 in rs_integration.mixins.json:sophisticatedbackpacks.StorageContainerMenuBaseMixin
[228月2026 21:15:03.479] [modloading-worker-0/DEBUG] [mixin/]: Renaming synthetic method lambda$isOpenTabFilterOnly$0(Lnet/minecraft/world/inventory/Slot;)Z to mde88676$lambda$isOpenTabFilterOnly$0$1 in rs_integration.mixins.json:sophisticatedbackpacks.StorageContainerMenuBaseMixin
[228月2026 21:15:03.485] [modloading-worker-0/DEBUG] [mixin/]: Mixing common.world.BronzeBossMixin from aether_redux.mixins.json into com.aetherteam.aether.world.structurepiece.bronzedungeon.BronzeBossRoom
[228月2026 21:15:03.487] [modloading-worker-0/INFO] [mezz.jei.library.load.PluginCaller/]: Sending ConfigManager...
[228月2026 21:15:03.494] [modloading-worker-0/DEBUG] [mezz.jei.library.load.PluginCallerTimerRunnable/]: Sending ConfigManager: jei:minecraft...
[228月2026 21:15:03.495] [modloading-worker-0/DEBUG] [mezz.jei.library.load.PluginCallerTimerRunnable/]: Sending ConfigManager: farmersdelight:jei_plugin...
[228月2026 21:15:03.495] [modloading-worker-0/DEBUG] [mezz.jei.library.load.PluginCallerTimerRunnable/]: Sending ConfigManager: jade:main...
[228月2026 21:15:03.495] [modloading-worker-0/DEBUG] [mezz.jei.library.load.PluginCallerTimerRunnable/]: Sending ConfigManager: aether:jei...
[228月2026 21:15:03.495] [modloading-worker-0/DEBUG] [mezz.jei.library.load.PluginCallerTimerRunnable/]: Sending ConfigManager: jei:gui...
[228月2026 21:15:03.495] [modloading-worker-0/DEBUG] [mezz.jei.library.load.PluginCallerTimerRunnable/]: Sending ConfigManager: jei:forge_gui...
[228月2026 21:15:03.495] [modloading-worker-0/DEBUG] [mezz.jei.library.load.PluginCallerTimerRunnable/]: Sending ConfigManager: immortalers_delight:jei_plugin...
[228月2026 21:15:03.495] [modloading-worker-0/DEBUG] [mezz.jei.library.load.PluginCallerTimerRunnable/]: Sending ConfigManager: botania:main...
[228月2026 21:15:03.495] [modloading-worker-0/DEBUG] [mezz.jei.library.load.PluginCallerTimerRunnable/]: Sending ConfigManager: sophisticatedcore:default...
[228月2026 21:15:03.495] [modloading-worker-0/DEBUG] [mezz.jei.library.load.PluginCallerTimerRunnable/]: Sending ConfigManager: curios:curios...
[228月2026 21:15:03.495] [modloading-worker-0/DEBUG] [mezz.jei.library.load.PluginCallerTimerRunnable/]: Sending ConfigManager: traderefresh:main...
[228月2026 21:15:03.495] [modloading-worker-0/DEBUG] [mezz.jei.library.load.PluginCallerTimerRunnable/]: Sending ConfigManager: patchouli:patchouli...
[228月2026 21:15:03.495] [modloading-worker-0/DEBUG] [mezz.jei.library.load.PluginCallerTimerRunnable/]: Sending ConfigManager: sophisticatedbackpacks:default...
[228月2026 21:15:03.495] [modloading-worker-0/DEBUG] [mezz.jei.library.load.PluginCallerTimerRunnable/]: Sending ConfigManager: apotheosis:village_module...
[228月2026 21:15:03.495] [modloading-worker-0/DEBUG] [mezz.jei.library.load.PluginCallerTimerRunnable/]: Sending ConfigManager: apotheosis:spawner...
[228月2026 21:15:03.495] [modloading-worker-0/DEBUG] [mezz.jei.library.load.PluginCallerTimerRunnable/]: Sending ConfigManager: apotheosis:potion...
[228月2026 21:15:03.495] [modloading-worker-0/DEBUG] [mezz.jei.library.load.PluginCallerTimerRunnable/]: Sending ConfigManager: apotheosis:garden...
[228月2026 21:15:03.495] [modloading-worker-0/DEBUG] [mezz.jei.library.load.PluginCallerTimerRunnable/]: Sending ConfigManager: apotheosis:enchantment...
[228月2026 21:15:03.495] [modloading-worker-0/DEBUG] [mezz.jei.library.load.PluginCallerTimerRunnable/]: Sending ConfigManager: apotheosis:adventure_module...
[228月2026 21:15:03.495] [modloading-worker-0/DEBUG] [mezz.jei.library.load.PluginCallerTimerRunnable/]: Sending ConfigManager: rs_integration:main...
[228月2026 21:15:03.495] [modloading-worker-0/DEBUG] [mezz.jei.library.load.PluginCallerTimerRunnable/]: Sending ConfigManager: ars_nouveau:main...
[228月2026 21:15:03.495] [modloading-worker-0/DEBUG] [mezz.jei.library.load.PluginCallerTimerRunnable/]: Sending ConfigManager: aether_redux:jei...
[228月2026 21:15:03.495] [modloading-worker-0/DEBUG] [mezz.jei.library.load.PluginCallerTimerRunnable/]: Sending ConfigManager: aether_redux_audit:jei...
[228月2026 21:15:03.495] [modloading-worker-0/DEBUG] [mezz.jei.library.load.PluginCallerTimerRunnable/]: Sending ConfigManager: jei:internal...
[228月2026 21:15:03.497] [modloading-worker-0/DEBUG] [mixin/]: Mixing common.world.BronzeDungeonRoomMixin from aether_redux.mixins.json into com.aetherteam.aether.world.structurepiece.bronzedungeon.BronzeDungeonRoom
[228月2026 21:15:03.497] [modloading-worker-0/INFO] [mezz.jei.library.load.PluginCaller/]: Sending ConfigManager took 8.200 milliseconds
[228月2026 21:15:03.508] [modloading-worker-0/DEBUG] [mixin/]: Mixing SpellCrossbowMixin from apotheosis.mixins.json into com.hollingsworth.arsnouveau.common.items.SpellCrossbow
[228月2026 21:15:03.539] [modloading-worker-0/DEBUG] [net.minecraftforge.fml.javafmlmod.AutomaticEventSubscriber/LOADING]: Attempting to inject @EventBusSubscriber classes into the eventbus for jei
[228月2026 21:15:03.579] [modloading-worker-0/DEBUG] [net.minecraftforge.fml.javafmlmod.AutomaticEventSubscriber/LOADING]: Attempting to inject @EventBusSubscriber classes into the eventbus for botania
[228月2026 21:15:03.579] [modloading-worker-0/DEBUG] [net.minecraftforge.fml.javafmlmod.AutomaticEventSubscriber/LOADING]: Auto-subscribing vazkii.botania.forge.internal_caps.ForgeInternalEntityCapabilities$ModBusEvents to MOD
[228月2026 21:15:03.582] [modloading-worker-0/DEBUG] [net.minecraftforge.fml.javafmlmod.AutomaticEventSubscriber/LOADING]: Auto-subscribing vazkii.botania.forge.internal_caps.ForgeInternalEntityCapabilities$ForgeBusEvents to FORGE
[228月2026 21:15:03.588] [modloading-worker-0/DEBUG] [net.minecraftforge.fml.javafmlmod.AutomaticEventSubscriber/LOADING]: Auto-subscribing vazkii.botania.forge.data.ForgeDatagenInitializer to MOD
[228月2026 21:15:03.589] [modloading-worker-0/DEBUG] [net.minecraftforge.fml.javafmlmod.AutomaticEventSubscriber/LOADING]: Auto-subscribing vazkii.botania.forge.client.ForgeClientInitializer to MOD
[228月2026 21:15:03.597] [modloading-worker-0/DEBUG] [mixin/]: Mixing common.ModelBuilderMixin from aether.mixins.json into net.minecraftforge.client.model.generators.ModelBuilder
[228月2026 21:15:03.607] [modloading-worker-0/DEBUG] [net.minecraftforge.fml.javafmlmod.AutomaticEventSubscriber/LOADING]: Auto-subscribing vazkii.botania.forge.ForgeRegistryHandler to MOD
[228月2026 21:15:03.608] [modloading-worker-0/DEBUG] [net.minecraftforge.fml.javafmlmod.AutomaticEventSubscriber/LOADING]: Auto-subscribing vazkii.botania.forge.ForgeBotaniaConfig to MOD
[228月2026 21:15:03.614] [modloading-worker-0/DEBUG] [net.minecraftforge.fml.config.ConfigTracker/CONFIG]: Config file ars_nouveau-server.toml for ars_nouveau tracking
[228月2026 21:15:03.617] [modloading-worker-0/DEBUG] [net.minecraftforge.fml.config.ConfigTracker/CONFIG]: Config file ars_nouveau-common.toml for ars_nouveau tracking
[228月2026 21:15:03.619] [modloading-worker-0/DEBUG] [net.minecraftforge.fml.config.ConfigTracker/CONFIG]: Config file ars_nouveau-client.toml for ars_nouveau tracking
[228月2026 21:15:03.628] [modloading-worker-0/DEBUG] [net.minecraftforge.fml.config.ConfigTracker/CONFIG]: Config file aether-server.toml for aether tracking
[228月2026 21:15:03.628] [modloading-worker-0/DEBUG] [net.minecraftforge.fml.config.ConfigTracker/CONFIG]: Config file aether-common.toml for aether tracking
[228月2026 21:15:03.628] [modloading-worker-0/DEBUG] [net.minecraftforge.fml.config.ConfigTracker/CONFIG]: Config file aether-client.toml for aether tracking
[228月2026 21:15:03.628] [modloading-worker-0/DEBUG] [net.minecraftforge.fml.javafmlmod.AutomaticEventSubscriber/LOADING]: Attempting to inject @EventBusSubscriber classes into the eventbus for aether
[228月2026 21:15:03.628] [modloading-worker-0/DEBUG] [net.minecraftforge.fml.javafmlmod.AutomaticEventSubscriber/LOADING]: Auto-subscribing com.aetherteam.aether.item.combat.loot.PigSlayerItem to FORGE
[228月2026 21:15:03.634] [modloading-worker-0/DEBUG] [net.minecraftforge.fml.javafmlmod.AutomaticEventSubscriber/LOADING]: Auto-subscribing com.aetherteam.aether.item.combat.loot.HolySwordItem to FORGE
[228月2026 21:15:03.634] [modloading-worker-0/DEBUG] [net.minecraftforge.fml.javafmlmod.AutomaticEventSubscriber/LOADING]: Auto-subscribing com.aetherteam.aether.item.combat.loot.FlamingSwordItem to FORGE
[228月2026 21:15:03.636] [modloading-worker-0/DEBUG] [net.minecraftforge.fml.javafmlmod.AutomaticEventSubscriber/LOADING]: Auto-subscribing com.aetherteam.aether.item.combat.SkyrootSwordItem to FORGE
[228月2026 21:15:03.636] [modloading-worker-0/DEBUG] [net.minecraftforge.fml.javafmlmod.AutomaticEventSubscriber/LOADING]: Auto-subscribing com.aetherteam.aether.item.AetherCreativeTabs to MOD
[228月2026 21:15:03.636] [modloading-worker-0/DEBUG] [net.minecraftforge.fml.javafmlmod.AutomaticEventSubscriber/LOADING]: Auto-subscribing com.aetherteam.aether.event.listeners.capability.AetherTimeListener to FORGE
[228月2026 21:15:03.638] [modloading-worker-0/DEBUG] [net.minecraftforge.fml.javafmlmod.AutomaticEventSubscriber/LOADING]: Auto-subscribing com.aetherteam.aether.event.listeners.capability.AetherPlayerListener to FORGE
[228月2026 21:15:03.644] [modloading-worker-0/DEBUG] [net.minecraftforge.fml.javafmlmod.AutomaticEventSubscriber/LOADING]: Attempting to inject @EventBusSubscriber classes into the eventbus for sophisticatedbackpacks
[228月2026 21:15:03.646] [modloading-worker-0/DEBUG] [net.minecraftforge.fml.javafmlmod.AutomaticEventSubscriber/LOADING]: Auto-subscribing com.aetherteam.aether.event.listeners.abilities.WeaponAbilityListener to FORGE
[228月2026 21:15:03.649] [modloading-worker-0/DEBUG] [net.minecraftforge.fml.javafmlmod.AutomaticEventSubscriber/LOADING]: Auto-subscribing com.aetherteam.aether.event.listeners.abilities.ToolAbilityListener to FORGE
[228月2026 21:15:03.651] [modloading-worker-0/DEBUG] [net.minecraftforge.fml.config.ConfigTracker/CONFIG]: Config file aether_redux_common.toml for aether_redux tracking
[228月2026 21:15:03.651] [modloading-worker-0/DEBUG] [net.minecraftforge.fml.config.ConfigTracker/CONFIG]: Config file aether_redux_client.toml for aether_redux tracking
[228月2026 21:15:03.651] [modloading-worker-0/DEBUG] [net.minecraftforge.fml.javafmlmod.AutomaticEventSubscriber/LOADING]: Attempting to inject @EventBusSubscriber classes into the eventbus for aether_redux
[228月2026 21:15:03.651] [modloading-worker-0/DEBUG] [net.minecraftforge.fml.javafmlmod.AutomaticEventSubscriber/LOADING]: Auto-subscribing net.zepalesque.redux.world.biome.ReduxSurfaceRules to FORGE
[228月2026 21:15:03.654] [modloading-worker-0/DEBUG] [net.minecraftforge.fml.javafmlmod.AutomaticEventSubscriber/LOADING]: Auto-subscribing net.zepalesque.redux.item.ReduxCreativeTabs to MOD
[228月2026 21:15:03.656] [modloading-worker-0/DEBUG] [net.minecraftforge.fml.javafmlmod.AutomaticEventSubscriber/LOADING]: Auto-subscribing net.zepalesque.redux.event.listener.WeaponListener to FORGE
[228月2026 21:15:03.656] [modloading-worker-0/DEBUG] [net.minecraftforge.fml.javafmlmod.AutomaticEventSubscriber/LOADING]: Auto-subscribing com.aetherteam.aether.event.listeners.abilities.ArmorAbilityListener to FORGE
[228月2026 21:15:03.657] [modloading-worker-0/DEBUG] [net.minecraftforge.fml.javafmlmod.AutomaticEventSubscriber/LOADING]: Auto-subscribing net.zepalesque.redux.event.listener.ToolModifListener to FORGE
[228月2026 21:15:03.659] [modloading-worker-0/DEBUG] [net.minecraftforge.fml.javafmlmod.AutomaticEventSubscriber/LOADING]: Auto-subscribing net.zepalesque.redux.event.listener.ServerListener to FORGE
[228月2026 21:15:03.661] [modloading-worker-0/DEBUG] [net.minecraftforge.fml.javafmlmod.AutomaticEventSubscriber/LOADING]: Auto-subscribing net.zepalesque.redux.event.listener.RecipeListener to FORGE
[228月2026 21:15:03.662] [modloading-worker-0/DEBUG] [net.minecraftforge.fml.javafmlmod.AutomaticEventSubscriber/LOADING]: Auto-subscribing com.aetherteam.aether.event.listeners.abilities.AccessoryAbilityListener to FORGE
[228月2026 21:15:03.666] [modloading-worker-0/DEBUG] [net.minecraftforge.fml.javafmlmod.AutomaticEventSubscriber/LOADING]: Auto-subscribing net.zepalesque.redux.event.listener.PlacementListener to FORGE
[228月2026 21:15:03.668] [modloading-worker-0/DEBUG] [net.minecraftforge.fml.javafmlmod.AutomaticEventSubscriber/LOADING]: Auto-subscribing com.aetherteam.aether.event.listeners.RecipeListener to FORGE
[228月2026 21:15:03.673] [modloading-worker-0/DEBUG] [net.minecraftforge.fml.javafmlmod.AutomaticEventSubscriber/LOADING]: Auto-subscribing net.zepalesque.redux.event.listener.MobSoundListener to FORGE
[228月2026 21:15:03.673] [modloading-worker-0/DEBUG] [net.minecraftforge.fml.javafmlmod.AutomaticEventSubscriber/LOADING]: Auto-subscribing net.zepalesque.redux.event.listener.MobListener to FORGE
[228月2026 21:15:03.678] [modloading-worker-0/DEBUG] [net.minecraftforge.fml.javafmlmod.AutomaticEventSubscriber/LOADING]: Auto-subscribing com.aetherteam.aether.event.listeners.PerkListener to FORGE
[228月2026 21:15:03.680] [modloading-worker-0/DEBUG] [net.minecraftforge.fml.javafmlmod.AutomaticEventSubscriber/LOADING]: Auto-subscribing com.aetherteam.aether.event.listeners.ItemListener to FORGE
[228月2026 21:15:03.680] [modloading-worker-0/DEBUG] [net.minecraftforge.fml.javafmlmod.AutomaticEventSubscriber/LOADING]: Auto-subscribing net.zepalesque.redux.event.listener.MappingsListener to FORGE
[228月2026 21:15:03.681] [modloading-worker-0/DEBUG] [net.minecraftforge.fml.javafmlmod.AutomaticEventSubscriber/LOADING]: Auto-subscribing com.aetherteam.aether.event.listeners.EntityListener to FORGE
[228月2026 21:15:03.681] [modloading-worker-0/DEBUG] [net.minecraftforge.fml.javafmlmod.AutomaticEventSubscriber/LOADING]: Auto-subscribing net.zepalesque.redux.event.listener.FallListener to FORGE
[228月2026 21:15:03.683] [modloading-worker-0/DEBUG] [net.minecraftforge.fml.javafmlmod.AutomaticEventSubscriber/LOADING]: Auto-subscribing net.zepalesque.redux.event.listener.EquipmentListener to FORGE
[228月2026 21:15:03.690] [modloading-worker-0/DEBUG] [net.minecraftforge.fml.javafmlmod.AutomaticEventSubscriber/LOADING]: Auto-subscribing net.zepalesque.redux.event.listener.ConfigListener to MOD
[228月2026 21:15:03.692] [modloading-worker-0/DEBUG] [net.minecraftforge.fml.javafmlmod.AutomaticEventSubscriber/LOADING]: Auto-subscribing net.zepalesque.redux.event.listener.BlockBreakListener to FORGE
[228月2026 21:15:03.694] [modloading-worker-0/DEBUG] [net.minecraftforge.fml.javafmlmod.AutomaticEventSubscriber/LOADING]: Auto-subscribing net.zepalesque.redux.event.listener.AttributeListener to MOD
[228月2026 21:15:03.695] [modloading-worker-0/DEBUG] [net.minecraftforge.fml.javafmlmod.AutomaticEventSubscriber/LOADING]: Auto-subscribing com.aetherteam.aether.event.listeners.DimensionListener to FORGE
[228月2026 21:15:03.696] [modloading-worker-0/DEBUG] [net.minecraftforge.fml.javafmlmod.AutomaticEventSubscriber/LOADING]: Auto-subscribing net.zepalesque.redux.entity.ReduxEntityTypes to MOD
[228月2026 21:15:03.698] [modloading-worker-0/DEBUG] [net.minecraftforge.fml.javafmlmod.AutomaticEventSubscriber/LOADING]: Auto-subscribing net.zepalesque.redux.client.render.ReduxRenderers to MOD
[228月2026 21:15:03.704] [modloading-worker-0/DEBUG] [net.minecraftforge.fml.javafmlmod.AutomaticEventSubscriber/LOADING]: Auto-subscribing com.aetherteam.aether.entity.AetherEntityTypes to MOD
[228月2026 21:15:03.705] [modloading-worker-0/DEBUG] [net.minecraftforge.fml.javafmlmod.AutomaticEventSubscriber/LOADING]: Auto-subscribing com.aetherteam.aether.data.ReloadListeners to FORGE
[228月2026 21:15:03.707] [modloading-worker-0/DEBUG] [net.minecraftforge.fml.javafmlmod.AutomaticEventSubscriber/LOADING]: Auto-subscribing com.aetherteam.aether.command.AetherCommands to FORGE
[228月2026 21:15:03.708] [modloading-worker-0/DEBUG] [net.minecraftforge.fml.javafmlmod.AutomaticEventSubscriber/LOADING]: Auto-subscribing com.aetherteam.aether.client.renderer.level.AetherRenderEffects to MOD
[228月2026 21:15:03.718] [modloading-worker-0/DEBUG] [mixin/]: Mixing client.render.model.EntityModelMixin from aether_redux.mixins.json into net.minecraft.client.model.EntityModel
[228月2026 21:15:03.718] [modloading-worker-0/DEBUG] [net.minecraftforge.fml.javafmlmod.AutomaticEventSubscriber/LOADING]: Auto-subscribing com.aetherteam.aether.client.renderer.AetherRenderers to MOD
[228月2026 21:15:03.722] [modloading-worker-0/DEBUG] [net.minecraftforge.fml.javafmlmod.AutomaticEventSubscriber/LOADING]: Auto-subscribing net.zepalesque.redux.client.render.ReduxOverlays to MOD
[228月2026 21:15:03.725] [modloading-worker-0/DEBUG] [net.minecraftforge.fml.javafmlmod.AutomaticEventSubscriber/LOADING]: Auto-subscribing net.zepalesque.redux.client.particle.ReduxParticleTypes to MOD
[228月2026 21:15:03.728] [modloading-worker-0/DEBUG] [net.minecraftforge.fml.config.ConfigTracker/CONFIG]: Config file immortalers_delight-common.toml for immortalers_delight tracking
[228月2026 21:15:03.728] [modloading-worker-0/DEBUG] [net.minecraftforge.fml.javafmlmod.AutomaticEventSubscriber/LOADING]: Attempting to inject @EventBusSubscriber classes into the eventbus for immortalers_delight
[228月2026 21:15:03.728] [modloading-worker-0/DEBUG] [net.minecraftforge.fml.javafmlmod.AutomaticEventSubscriber/LOADING]: Auto-subscribing com.renyigesai.immortalers_delight.util.task.TimekeepingTask to FORGE
[228月2026 21:15:03.728] [modloading-worker-0/DEBUG] [net.minecraftforge.fml.javafmlmod.AutomaticEventSubscriber/LOADING]: Auto-subscribing net.zepalesque.redux.client.keys.ReduxKeys to MOD
[228月2026 21:15:03.730] [modloading-worker-0/DEBUG] [net.minecraftforge.fml.javafmlmod.AutomaticEventSubscriber/LOADING]: Auto-subscribing net.zepalesque.redux.client.event.listener.ShootFireballListener to FORGE
[228月2026 21:15:03.730] [modloading-worker-0/DEBUG] [net.minecraftforge.fml.javafmlmod.AutomaticEventSubscriber/LOADING]: Auto-subscribing com.renyigesai.immortalers_delight.util.task.ScheduledExecuteTask to FORGE
[228月2026 21:15:03.731] [modloading-worker-0/DEBUG] [net.minecraftforge.fml.javafmlmod.AutomaticEventSubscriber/LOADING]: Auto-subscribing net.zepalesque.redux.client.event.listener.ReduxAudioListener to FORGE
[228月2026 21:15:03.731] [modloading-worker-0/DEBUG] [net.minecraftforge.fml.javafmlmod.AutomaticEventSubscriber/LOADING]: Auto-subscribing com.aetherteam.aether.client.renderer.AetherOverlays to MOD
[228月2026 21:15:03.732] [modloading-worker-0/DEBUG] [net.minecraftforge.fml.javafmlmod.AutomaticEventSubscriber/LOADING]: Auto-subscribing com.renyigesai.immortalers_delight.util.datautil.worlddata.ExitTimeWorldData to FORGE
[228月2026 21:15:03.735] [modloading-worker-0/DEBUG] [net.minecraftforge.fml.javafmlmod.AutomaticEventSubscriber/LOADING]: Auto-subscribing com.renyigesai.immortalers_delight.util.datautil.worlddata.DifficultyModeWorldData to FORGE
[228月2026 21:15:03.737] [modloading-worker-0/DEBUG] [net.minecraftforge.fml.javafmlmod.AutomaticEventSubscriber/LOADING]: Auto-subscribing com.aetherteam.aether.client.particle.AetherParticleTypes to MOD
[228月2026 21:15:03.737] [modloading-worker-0/DEBUG] [mixin/]: Mixing client.SoundEngineMixin from botania_xplat.mixins.json into net.minecraft.client.sounds.SoundEngine
[228月2026 21:15:03.745] [modloading-worker-0/DEBUG] [mixin/]: Mixing client.audio.SoundEngineAccessor from aether_redux.mixins.json into net.minecraft.client.sounds.SoundEngine
[228月2026 21:15:03.749] [modloading-worker-0/DEBUG] [net.minecraftforge.fml.javafmlmod.AutomaticEventSubscriber/LOADING]: Auto-subscribing com.aetherteam.aether.client.event.listeners.capability.AetherPlayerClientListener to FORGE
[228月2026 21:15:03.751] [modloading-worker-0/DEBUG] [net.minecraftforge.fml.javafmlmod.AutomaticEventSubscriber/LOADING]: Auto-subscribing com.renyigesai.immortalers_delight.util.datautil.datasaveloadhelper.ExitTimeSaveLoadHelper to FORGE
[228月2026 21:15:03.752] [modloading-worker-0/DEBUG] [net.minecraftforge.fml.javafmlmod.AutomaticEventSubscriber/LOADING]: Auto-subscribing net.zepalesque.redux.client.event.listener.MenuListener to FORGE
[228月2026 21:15:03.755] [modloading-worker-0/DEBUG] [net.minecraftforge.fml.javafmlmod.AutomaticEventSubscriber/LOADING]: Auto-subscribing com.renyigesai.immortalers_delight.util.datautil.datasaveloadhelper.DifficultyModeSaveLoadHelper to FORGE
[228月2026 21:15:03.755] [modloading-worker-0/DEBUG] [net.minecraftforge.fml.javafmlmod.AutomaticEventSubscriber/LOADING]: Auto-subscribing net.zepalesque.redux.client.event.listener.HandListener to FORGE
[228月2026 21:15:03.757] [modloading-worker-0/DEBUG] [net.minecraftforge.fml.javafmlmod.AutomaticEventSubscriber/LOADING]: Auto-subscribing com.renyigesai.immortalers_delight.util.DifficultyModeUtil to FORGE
[228月2026 21:15:03.758] [modloading-worker-0/DEBUG] [net.minecraftforge.fml.javafmlmod.AutomaticEventSubscriber/LOADING]: Auto-subscribing com.aetherteam.aether.client.event.listeners.abilities.AccessoryAbilityClientListener to FORGE
[228月2026 21:15:03.759] [modloading-worker-0/DEBUG] [net.minecraftforge.fml.javafmlmod.AutomaticEventSubscriber/LOADING]: Auto-subscribing net.zepalesque.redux.client.event.listener.DoubleJumpListener to FORGE
[228月2026 21:15:03.759] [modloading-worker-0/DEBUG] [net.minecraftforge.fml.javafmlmod.AutomaticEventSubscriber/LOADING]: Auto-subscribing com.renyigesai.immortalers_delight.recipe.ImmortalersDelightRecipeTypes to MOD
[228月2026 21:15:03.760] [modloading-worker-0/DEBUG] [net.minecraftforge.fml.javafmlmod.AutomaticEventSubscriber/LOADING]: Auto-subscribing net.zepalesque.redux.client.event.listener.ClientQuicksoilListener to FORGE
[228月2026 21:15:03.761] [modloading-worker-0/DEBUG] [net.minecraftforge.fml.javafmlmod.AutomaticEventSubscriber/LOADING]: Auto-subscribing com.renyigesai.immortalers_delight.potion.immortaleffects.StunEffect to FORGE
[228月2026 21:15:03.762] [modloading-worker-0/DEBUG] [net.minecraftforge.fml.javafmlmod.AutomaticEventSubscriber/LOADING]: Auto-subscribing net.zepalesque.redux.client.event.listener.ClientMobListener to FORGE
[228月2026 21:15:03.764] [modloading-worker-0/DEBUG] [net.minecraftforge.fml.javafmlmod.AutomaticEventSubscriber/LOADING]: Auto-subscribing com.aetherteam.aether.client.event.listeners.WorldPreviewListener to FORGE
[228月2026 21:15:03.764] [modloading-worker-0/DEBUG] [net.minecraftforge.fml.javafmlmod.AutomaticEventSubscriber/LOADING]: Auto-subscribing net.zepalesque.redux.client.ReduxClient to MOD
[228月2026 21:15:03.764] [modloading-worker-0/DEBUG] [net.minecraftforge.fml.javafmlmod.AutomaticEventSubscriber/LOADING]: Auto-subscribing net.zepalesque.redux.capability.ReduxCapabilities to MOD
[228月2026 21:15:03.765] [modloading-worker-0/DEBUG] [net.minecraftforge.fml.javafmlmod.AutomaticEventSubscriber/LOADING]: Auto-subscribing com.renyigesai.immortalers_delight.potion.immortaleffects.KuuvahkiEffect to FORGE
[228月2026 21:15:03.771] [modloading-worker-0/DEBUG] [net.minecraftforge.fml.javafmlmod.AutomaticEventSubscriber/LOADING]: Auto-subscribing com.renyigesai.immortalers_delight.potion.immortaleffects.FreezeEffect to FORGE
[228月2026 21:15:03.774] [modloading-worker-0/DEBUG] [net.minecraftforge.fml.javafmlmod.AutomaticEventSubscriber/LOADING]: Auto-subscribing com.renyigesai.immortalers_delight.potion.immortaleffects.DeathlessEffect to FORGE
[228月2026 21:15:03.777] [modloading-worker-0/DEBUG] [mixin/]: Mixing GameRendererMixin from ars_nouveau.mixins.json into net.minecraft.client.renderer.GameRenderer
[228月2026 21:15:03.780] [modloading-worker-0/DEBUG] [net.minecraftforge.fml.javafmlmod.AutomaticEventSubscriber/LOADING]: Auto-subscribing com.renyigesai.immortalers_delight.potion.WarmCurrentSurgesMobEffect$WarmCurrentSurgesPotionEffect to FORGE
[228月2026 21:15:03.781] [modloading-worker-0/DEBUG] [net.minecraftforge.fml.javafmlmod.AutomaticEventSubscriber/LOADING]: Auto-subscribing net.zepalesque.redux.capability.ReduxCapabilities$Registration to FORGE
[228月2026 21:15:03.783] [modloading-worker-0/DEBUG] [net.minecraftforge.fml.javafmlmod.AutomaticEventSubscriber/LOADING]: Auto-subscribing com.renyigesai.immortalers_delight.potion.VulnerableMobEffect$VulnerablePotionEffect to FORGE
[228月2026 21:15:03.785] [modloading-worker-0/DEBUG] [net.minecraftforge.fml.javafmlmod.AutomaticEventSubscriber/LOADING]: Auto-subscribing com.renyigesai.immortalers_delight.potion.UpSideDownMobEffect$UpSideDownEvents to FORGE
[228月2026 21:15:03.786] [modloading-worker-0/DEBUG] [net.minecraftforge.fml.javafmlmod.AutomaticEventSubscriber/LOADING]: Auto-subscribing com.aetherteam.aether.client.event.listeners.MenuListener to FORGE
[228月2026 21:15:03.786] [modloading-worker-0/DEBUG] [net.minecraftforge.fml.javafmlmod.AutomaticEventSubscriber/LOADING]: Auto-subscribing com.renyigesai.immortalers_delight.potion.UnyieldingMobEffect$UnyieldingEvents to FORGE
[228月2026 21:15:03.788] [modloading-worker-0/DEBUG] [net.minecraftforge.fml.javafmlmod.AutomaticEventSubscriber/LOADING]: Auto-subscribing com.renyigesai.immortalers_delight.potion.SmokeAbstinenceEffect$SmokeAbstinenceEffectEvent to FORGE
[228月2026 21:15:03.788] [modloading-worker-0/DEBUG] [net.minecraftforge.fml.javafmlmod.AutomaticEventSubscriber/LOADING]: Auto-subscribing com.aetherteam.aether.client.event.listeners.LevelClientListener to FORGE
[228月2026 21:15:03.790] [modloading-worker-0/DEBUG] [net.minecraftforge.fml.javafmlmod.AutomaticEventSubscriber/LOADING]: Auto-subscribing com.aetherteam.aether.client.event.listeners.HandRenderListener to FORGE
[228月2026 21:15:03.791] [modloading-worker-0/DEBUG] [net.minecraftforge.fml.javafmlmod.AutomaticEventSubscriber/LOADING]: Auto-subscribing com.aetherteam.aether.client.event.listeners.GuiListener to FORGE
[228月2026 21:15:03.792] [modloading-worker-0/DEBUG] [net.minecraftforge.fml.javafmlmod.AutomaticEventSubscriber/LOADING]: Auto-subscribing com.renyigesai.immortalers_delight.potion.PrehistoricPowersMobEffect$PrehistoricPowersPotionEffect to FORGE
[228月2026 21:15:03.795] [modloading-worker-0/DEBUG] [net.minecraftforge.fml.javafmlmod.AutomaticEventSubscriber/LOADING]: Auto-subscribing com.renyigesai.immortalers_delight.potion.MoonBrightMobEffect$KuuvahkiPotionEffect to FORGE
[228月2026 21:15:03.796] [modloading-worker-0/DEBUG] [net.minecraftforge.fml.javafmlmod.AutomaticEventSubscriber/LOADING]: Auto-subscribing com.aetherteam.aether.client.event.listeners.DimensionClientListener to FORGE
[228月2026 21:15:03.797] [modloading-worker-0/DEBUG] [net.minecraftforge.fml.javafmlmod.AutomaticEventSubscriber/LOADING]: Auto-subscribing com.renyigesai.immortalers_delight.potion.MagicalReversePotionEffect to FORGE
[228月2026 21:15:03.799] [modloading-worker-0/DEBUG] [net.minecraftforge.fml.javafmlmod.AutomaticEventSubscriber/LOADING]: Auto-subscribing com.renyigesai.immortalers_delight.potion.LetItFreezeMobEffect$LetItFreezeEvents to FORGE
[228月2026 21:15:03.800] [modloading-worker-0/DEBUG] [net.minecraftforge.fml.javafmlmod.AutomaticEventSubscriber/LOADING]: Auto-subscribing com.renyigesai.immortalers_delight.potion.KeepFastMobEffect$KeepFastPotionEffect to FORGE
[228月2026 21:15:03.802] [modloading-worker-0/DEBUG] [net.minecraftforge.fml.javafmlmod.AutomaticEventSubscriber/LOADING]: Auto-subscribing com.renyigesai.immortalers_delight.potion.InfernalForgingMobEffect$InfernalForgingMobPotionEffect to FORGE
[228月2026 21:15:03.803] [modloading-worker-0/DEBUG] [net.minecraftforge.fml.javafmlmod.AutomaticEventSubscriber/LOADING]: Auto-subscribing com.aetherteam.aether.client.event.listeners.AudioListener to FORGE
[228月2026 21:15:03.806] [modloading-worker-0/DEBUG] [net.minecraftforge.fml.javafmlmod.AutomaticEventSubscriber/LOADING]: Auto-subscribing com.aetherteam.aether.client.AetherRecipeCategories to MOD
[228月2026 21:15:03.807] [modloading-worker-0/DEBUG] [net.minecraftforge.fml.javafmlmod.AutomaticEventSubscriber/LOADING]: Auto-subscribing com.renyigesai.immortalers_delight.potion.InfernalForgingMobEffect$InfernalForgingClientEffect to FORGE
[228月2026 21:15:03.808] [modloading-worker-0/DEBUG] [net.minecraftforge.fml.javafmlmod.AutomaticEventSubscriber/LOADING]: Auto-subscribing com.renyigesai.immortalers_delight.potion.InebriatedMobEffect$InebriatedPotionEffect to FORGE
[228月2026 21:15:03.814] [modloading-worker-0/DEBUG] [net.minecraftforge.fml.javafmlmod.AutomaticEventSubscriber/LOADING]: Auto-subscribing com.aetherteam.aether.client.AetherKeys to MOD
[228月2026 21:15:03.817] [modloading-worker-0/DEBUG] [net.minecraftforge.fml.javafmlmod.AutomaticEventSubscriber/LOADING]: Auto-subscribing com.aetherteam.aether.client.AetherColorResolvers to MOD
[228月2026 21:15:03.817] [modloading-worker-0/DEBUG] [net.minecraftforge.fml.javafmlmod.AutomaticEventSubscriber/LOADING]: Auto-subscribing com.renyigesai.immortalers_delight.potion.IncandescenceMobEffect$IncandescencePotionEffect to FORGE
[228月2026 21:15:03.817] [modloading-worker-0/DEBUG] [mixin/]: Mixing client.block.AetherColorResolversMixin from aether_redux.mixins.json into com.aetherteam.aether.client.AetherColorResolvers
[228月2026 21:15:03.820] [modloading-worker-0/DEBUG] [net.minecraftforge.fml.javafmlmod.AutomaticEventSubscriber/LOADING]: Auto-subscribing com.renyigesai.immortalers_delight.potion.GasPoisonMobEffect$GasPoisonPotionEffect to FORGE
[228月2026 21:15:03.821] [modloading-worker-0/DEBUG] [net.minecraftforge.fml.javafmlmod.AutomaticEventSubscriber/LOADING]: Auto-subscribing com.aetherteam.aether.client.AetherClient to MOD
[228月2026 21:15:03.823] [modloading-worker-0/DEBUG] [net.minecraftforge.fml.javafmlmod.AutomaticEventSubscriber/LOADING]: Auto-subscribing com.renyigesai.immortalers_delight.potion.GaixiaMobEffect$GaixiaPotion to FORGE
[228月2026 21:15:03.825] [modloading-worker-0/DEBUG] [net.minecraftforge.fml.javafmlmod.AutomaticEventSubscriber/LOADING]: Auto-subscribing com.renyigesai.immortalers_delight.potion.EsteemedGuestMobEffect$EsteemedGuestPotionEffect to FORGE
[228月2026 21:15:03.827] [modloading-worker-0/DEBUG] [net.minecraftforge.fml.javafmlmod.AutomaticEventSubscriber/LOADING]: Auto-subscribing com.aetherteam.aether.capability.AetherCapabilities to MOD
[228月2026 21:15:03.828] [modloading-worker-0/DEBUG] [net.minecraftforge.fml.javafmlmod.AutomaticEventSubscriber/LOADING]: Auto-subscribing com.renyigesai.immortalers_delight.potion.DeepnessMobEffect$DeepnessPotionEffect to FORGE
[228月2026 21:15:03.830] [modloading-worker-0/DEBUG] [net.minecraftforge.fml.javafmlmod.AutomaticEventSubscriber/LOADING]: Auto-subscribing com.renyigesai.immortalers_delight.potion.DamageResistMobEffect$DamageResistPotionEffect to FORGE
[228月2026 21:15:03.831] [modloading-worker-0/DEBUG] [net.minecraftforge.fml.javafmlmod.AutomaticEventSubscriber/LOADING]: Auto-subscribing com.renyigesai.immortalers_delight.potion.CulturalLegacyMobEffect$CulturalLegacyPotionEffect to FORGE
[228月2026 21:15:03.834] [modloading-worker-0/DEBUG] [net.minecraftforge.fml.javafmlmod.AutomaticEventSubscriber/LOADING]: Auto-subscribing com.renyigesai.immortalers_delight.potion.CoolMobEffect$CoolPotionEffect to FORGE
[228月2026 21:15:03.835] [modloading-worker-0/DEBUG] [net.minecraftforge.fml.javafmlmod.AutomaticEventSubscriber/LOADING]: Auto-subscribing com.aetherteam.aether.capability.AetherCapabilities$Registration to FORGE
[228月2026 21:15:03.837] [modloading-worker-0/DEBUG] [net.minecraftforge.fml.javafmlmod.AutomaticEventSubscriber/LOADING]: Auto-subscribing com.renyigesai.immortalers_delight.potion.BurnTheBoatsMobEffect$BurnTheBoatsPotionEffect to FORGE
[228月2026 21:15:03.841] [modloading-worker-0/DEBUG] [net.minecraftforge.fml.javafmlmod.AutomaticEventSubscriber/LOADING]: Auto-subscribing com.renyigesai.immortalers_delight.potion.BaseMobEffect$BaseEffectEvent to FORGE
[228月2026 21:15:03.843] [modloading-worker-0/DEBUG] [net.minecraftforge.fml.javafmlmod.AutomaticEventSubscriber/LOADING]: Auto-subscribing com.renyigesai.immortalers_delight.network.CommonProxy to MOD
[228月2026 21:15:03.843] [modloading-worker-0/DEBUG] [net.minecraftforge.fml.javafmlmod.AutomaticEventSubscriber/LOADING]: Auto-subscribing com.renyigesai.immortalers_delight.network.ClientProxy to FORGE
[228月2026 21:15:03.843] [modloading-worker-0/DEBUG] [net.minecraftforge.fml.javafmlmod.AutomaticEventSubscriber/LOADING]: Auto-subscribing com.renyigesai.immortalers_delight.item.weapon.PlaceableShieldItem$PlaceableShieldEvents to FORGE
[228月2026 21:15:03.846] [modloading-worker-0/DEBUG] [net.minecraftforge.fml.javafmlmod.AutomaticEventSubscriber/LOADING]: Auto-subscribing com.renyigesai.immortalers_delight.item.weapon.PillagersKnifeItem$ImmortalersKnifeEvents to FORGE
[228月2026 21:15:03.849] [modloading-worker-0/DEBUG] [net.minecraftforge.fml.javafmlmod.AutomaticEventSubscriber/LOADING]: Auto-subscribing com.renyigesai.immortalers_delight.item.weapon.GoldenFabricArmor to FORGE
[228月2026 21:15:03.851] [modloading-worker-0/DEBUG] [net.minecraftforge.fml.javafmlmod.AutomaticEventSubscriber/LOADING]: Auto-subscribing com.renyigesai.immortalers_delight.item.weapon.BoneKnifeItem$BoneKnifeEvents to FORGE
[228月2026 21:15:03.854] [modloading-worker-0/DEBUG] [net.minecraftforge.fml.javafmlmod.AutomaticEventSubscriber/LOADING]: Auto-subscribing com.renyigesai.immortalers_delight.item.food.InebriatedToxicFoodItem to FORGE
[228月2026 21:15:03.855] [modloading-worker-0/DEBUG] [net.minecraftforge.fml.javafmlmod.AutomaticEventSubscriber/LOADING]: Auto-subscribing com.renyigesai.immortalers_delight.item.food.ImmortalersDogFoodItem$DogFoodEvent to FORGE
[228月2026 21:15:03.857] [modloading-worker-0/DEBUG] [net.minecraftforge.fml.javafmlmod.AutomaticEventSubscriber/LOADING]: Auto-subscribing com.renyigesai.immortalers_delight.item.food.FrostyCrownMousseItem$FrostyCrownMousseEvents to FORGE
[228月2026 21:15:03.859] [modloading-worker-0/DEBUG] [net.minecraftforge.fml.javafmlmod.AutomaticEventSubscriber/LOADING]: Auto-subscribing com.renyigesai.immortalers_delight.item.InebriatedToxicDrinkBlockItem to FORGE
[228月2026 21:15:03.860] [modloading-worker-0/DEBUG] [net.minecraftforge.fml.javafmlmod.AutomaticEventSubscriber/LOADING]: Auto-subscribing com.renyigesai.immortalers_delight.item.ImmortalersKnifeItem$ImmortalersKnifeEvents to FORGE
[228月2026 21:15:03.863] [modloading-worker-0/DEBUG] [net.minecraftforge.fml.javafmlmod.AutomaticEventSubscriber/LOADING]: Auto-subscribing com.renyigesai.immortalers_delight.item.ImmortalersHammerItem$ImmortalersHammerEvents to FORGE
[228月2026 21:15:03.867] [modloading-worker-0/DEBUG] [net.minecraftforge.fml.javafmlmod.AutomaticEventSubscriber/LOADING]: Auto-subscribing com.renyigesai.immortalers_delight.item.DrillRodItem$DrillRodEvents to FORGE
[228月2026 21:15:03.869] [modloading-worker-0/DEBUG] [net.minecraftforge.fml.javafmlmod.AutomaticEventSubscriber/LOADING]: Auto-subscribing com.renyigesai.immortalers_delight.init.ImmortalersDelightParticles to MOD
[228月2026 21:15:03.870] [modloading-worker-0/DEBUG] [net.minecraftforge.fml.javafmlmod.AutomaticEventSubscriber/LOADING]: Auto-subscribing com.renyigesai.immortalers_delight.init.ImmortalersDelightEntityAttributes to MOD
[228月2026 21:15:03.872] [modloading-worker-0/DEBUG] [net.minecraftforge.fml.javafmlmod.AutomaticEventSubscriber/LOADING]: Auto-subscribing com.renyigesai.immortalers_delight.init.ImmortalersDelightEntities to FORGE
[228月2026 21:15:03.872] [modloading-worker-0/DEBUG] [net.minecraftforge.fml.javafmlmod.AutomaticEventSubscriber/LOADING]: Auto-subscribing com.renyigesai.immortalers_delight.fluid.ImmortalersDelightFluids$ClientSideHandler to MOD
[228月2026 21:15:03.873] [modloading-worker-0/DEBUG] [net.minecraftforge.fml.javafmlmod.AutomaticEventSubscriber/LOADING]: Auto-subscribing com.renyigesai.immortalers_delight.event.SnifferEvent to FORGE
[228月2026 21:15:03.878] [modloading-worker-0/DEBUG] [net.minecraftforge.fml.javafmlmod.AutomaticEventSubscriber/LOADING]: Auto-subscribing com.renyigesai.immortalers_delight.event.SkelverfishEventHelper to FORGE
[228月2026 21:15:03.885] [modloading-worker-0/DEBUG] [net.minecraftforge.fml.javafmlmod.AutomaticEventSubscriber/LOADING]: Auto-subscribing com.renyigesai.immortalers_delight.event.ImmortalersDelightEvent to FORGE
[228月2026 21:15:03.889] [modloading-worker-0/DEBUG] [net.minecraftforge.fml.javafmlmod.AutomaticEventSubscriber/LOADING]: Auto-subscribing com.renyigesai.immortalers_delight.event.FoodItemEventHelper to FORGE
[228月2026 21:15:03.905] [modloading-worker-0/DEBUG] [net.minecraftforge.fml.javafmlmod.AutomaticEventSubscriber/LOADING]: Auto-subscribing com.renyigesai.immortalers_delight.event.DifficultyModeEventHelper to FORGE
[228月2026 21:15:03.909] [modloading-worker-0/DEBUG] [net.minecraftforge.fml.javafmlmod.AutomaticEventSubscriber/LOADING]: Auto-subscribing com.renyigesai.immortalers_delight.event.BoatsEventHelper to FORGE
[228月2026 21:15:03.914] [modloading-worker-0/DEBUG] [net.minecraftforge.fml.javafmlmod.AutomaticEventSubscriber/LOADING]: Auto-subscribing com.renyigesai.immortalers_delight.entities.EntityNbtHelper to FORGE
[228月2026 21:15:03.915] [modloading-worker-0/DEBUG] [net.minecraftforge.fml.javafmlmod.AutomaticEventSubscriber/LOADING]: Auto-subscribing com.renyigesai.immortalers_delight.client.model.SpikeTrapBakedModel$ModEventBus to MOD
[228月2026 21:15:03.918] [modloading-worker-0/DEBUG] [net.minecraftforge.fml.javafmlmod.AutomaticEventSubscriber/LOADING]: Auto-subscribing com.renyigesai.immortalers_delight.client.key.ImmortalersKeyMapping to MOD
[228月2026 21:15:03.920] [modloading-worker-0/DEBUG] [net.minecraftforge.fml.javafmlmod.AutomaticEventSubscriber/LOADING]: Auto-subscribing com.renyigesai.immortalers_delight.client.ClientEventHelper to MOD
[228月2026 21:15:03.921] [modloading-worker-0/DEBUG] [net.minecraftforge.fml.javafmlmod.AutomaticEventSubscriber/LOADING]: Auto-subscribing com.renyigesai.immortalers_delight.capabilitiy.ImmortalersCapabilities$AdditionCapabilities to FORGE
[228月2026 21:15:03.923] [modloading-worker-0/DEBUG] [net.minecraftforge.fml.javafmlmod.AutomaticEventSubscriber/LOADING]: Auto-subscribing com.renyigesai.immortalers_delight.block.warped_lantern.WarpedLanternBlockEntity to FORGE
[228月2026 21:15:03.937] [modloading-worker-0/DEBUG] [net.minecraftforge.fml.javafmlmod.AutomaticEventSubscriber/LOADING]: Auto-subscribing com.renyigesai.immortalers_delight.block.warped_lantern.WarpedLanternBlockEntity$WarpedLanternBlockEvents to FORGE
[228月2026 21:15:03.941] [modloading-worker-0/DEBUG] [net.minecraftforge.fml.javafmlmod.AutomaticEventSubscriber/LOADING]: Auto-subscribing com.renyigesai.immortalers_delight.block.tangyuan.UnfinishedTangyuanBlock$ToolCarvingEvent to FORGE
[228月2026 21:15:03.943] [modloading-worker-0/DEBUG] [net.minecraftforge.fml.javafmlmod.AutomaticEventSubscriber/LOADING]: Auto-subscribing com.renyigesai.immortalers_delight.block.CulturalLegacyEffectToolBlock to FORGE
[228月2026 21:15:03.955] [modloading-worker-0/DEBUG] [net.minecraftforge.fml.javafmlmod.AutomaticEventSubscriber/LOADING]: Auto-subscribing com.renyigesai.immortalers_delight.ImmortalersDelightMod$CommonModSetup to MOD
[228月2026 21:15:03.956] [modloading-worker-0/DEBUG] [net.minecraftforge.fml.javafmlmod.AutomaticEventSubscriber/LOADING]: Auto-subscribing com.renyigesai.immortalers_delight.ImmortalersDelightMod$ClientModEvents to MOD
[228月2026 21:15:03.961] [modloading-worker-0/DEBUG] [net.minecraftforge.fml.javafmlmod.AutomaticEventSubscriber/LOADING]: Auto-subscribing com.renyigesai.immortalers_delight.Config to MOD
[228月2026 21:15:04.054] [modloading-worker-0/DEBUG] [net.minecraftforge.fml.javafmlmod.AutomaticEventSubscriber/LOADING]: Attempting to inject @EventBusSubscriber classes into the eventbus for ars_nouveau
[228月2026 21:15:04.054] [modloading-worker-0/DEBUG] [net.minecraftforge.fml.javafmlmod.AutomaticEventSubscriber/LOADING]: Auto-subscribing com.hollingsworth.arsnouveau.setup.registry.RecipeRegistry to MOD
[228月2026 21:15:04.054] [modloading-worker-0/DEBUG] [net.minecraftforge.fml.javafmlmod.AutomaticEventSubscriber/LOADING]: Auto-subscribing com.hollingsworth.arsnouveau.setup.registry.ModEntities$RegistrationHandler to MOD
[228月2026 21:15:04.055] [modloading-worker-0/DEBUG] [net.minecraftforge.fml.javafmlmod.AutomaticEventSubscriber/LOADING]: Auto-subscribing com.hollingsworth.arsnouveau.setup.registry.CapabilityRegistry$EventHandler to FORGE
[228月2026 21:15:04.057] [modloading-worker-0/DEBUG] [net.minecraftforge.fml.javafmlmod.AutomaticEventSubscriber/LOADING]: Auto-subscribing com.hollingsworth.arsnouveau.setup.config.Config to MOD
[228月2026 21:15:04.057] [modloading-worker-0/DEBUG] [net.minecraftforge.fml.javafmlmod.AutomaticEventSubscriber/LOADING]: Auto-subscribing com.hollingsworth.arsnouveau.common.world.saved_data.RedstoneSavedData to FORGE
[228月2026 21:15:04.057] [modloading-worker-0/DEBUG] [net.minecraftforge.fml.javafmlmod.AutomaticEventSubscriber/LOADING]: Auto-subscribing com.hollingsworth.arsnouveau.common.potions.GravityEffect to FORGE
[228月2026 21:15:04.058] [modloading-worker-0/DEBUG] [mixin/]: Mixing AttributeMapMixin from attributeslib.mixins.json into net.minecraft.world.entity.ai.attributes.AttributeMap
[228月2026 21:15:04.058] [modloading-worker-0/DEBUG] [mixin/]: Renaming synthetic method lambda$setAttributesUpdating$0(Lnet/minecraft/world/entity/ai/attributes/Attribute;Lcom/mojang/datafixers/util/Pair;)V to mde88676$lambda$setAttributesUpdating$0$0 in attributeslib.mixins.json:AttributeMapMixin
[228月2026 21:15:04.065] [modloading-worker-0/DEBUG] [net.minecraftforge.fml.javafmlmod.AutomaticEventSubscriber/LOADING]: Auto-subscribing com.hollingsworth.arsnouveau.common.potions.BounceEffect to FORGE
[228月2026 21:15:04.066] [modloading-worker-0/DEBUG] [net.minecraftforge.fml.javafmlmod.AutomaticEventSubscriber/LOADING]: Auto-subscribing com.hollingsworth.arsnouveau.common.mob_jar.WitherBehavior to FORGE
[228月2026 21:15:04.067] [modloading-worker-0/DEBUG] [net.minecraftforge.fml.javafmlmod.AutomaticEventSubscriber/LOADING]: Auto-subscribing com.hollingsworth.arsnouveau.common.items.curios.SummoningFocus to FORGE
[228月2026 21:15:04.072] [modloading-worker-0/DEBUG] [net.minecraftforge.fml.javafmlmod.AutomaticEventSubscriber/LOADING]: Auto-subscribing com.hollingsworth.arsnouveau.common.event.SummonEvents to FORGE
[228月2026 21:15:04.073] [modloading-worker-0/DEBUG] [net.minecraftforge.fml.javafmlmod.AutomaticEventSubscriber/LOADING]: Auto-subscribing com.hollingsworth.arsnouveau.common.event.ScryEvents to FORGE
[228月2026 21:15:04.074] [modloading-worker-0/DEBUG] [net.minecraftforge.fml.javafmlmod.AutomaticEventSubscriber/LOADING]: Auto-subscribing com.hollingsworth.arsnouveau.common.event.ReactiveEvents to FORGE
[228月2026 21:15:04.075] [modloading-worker-0/DEBUG] [net.minecraftforge.fml.javafmlmod.AutomaticEventSubscriber/LOADING]: Auto-subscribing com.hollingsworth.arsnouveau.common.event.PerkEvents to FORGE
[228月2026 21:15:04.080] [modloading-worker-0/DEBUG] [net.minecraftforge.fml.javafmlmod.AutomaticEventSubscriber/LOADING]: Auto-subscribing com.hollingsworth.arsnouveau.common.event.ManaCapEvents to FORGE
[228月2026 21:15:04.082] [modloading-worker-0/DEBUG] [net.minecraftforge.fml.javafmlmod.AutomaticEventSubscriber/LOADING]: Auto-subscribing com.hollingsworth.arsnouveau.common.event.LightEvents to FORGE
[228月2026 21:15:04.083] [modloading-worker-0/DEBUG] [net.minecraftforge.fml.javafmlmod.AutomaticEventSubscriber/LOADING]: Auto-subscribing com.hollingsworth.arsnouveau.common.event.JarEvents to FORGE
[228月2026 21:15:04.084] [modloading-worker-0/DEBUG] [net.minecraftforge.fml.javafmlmod.AutomaticEventSubscriber/LOADING]: Auto-subscribing com.hollingsworth.arsnouveau.common.event.FamiliarEvents to FORGE
[228月2026 21:15:04.088] [modloading-worker-0/DEBUG] [net.minecraftforge.fml.javafmlmod.AutomaticEventSubscriber/LOADING]: Auto-subscribing com.hollingsworth.arsnouveau.common.event.EventHandler to FORGE
[228月2026 21:15:04.094] [modloading-worker-0/DEBUG] [net.minecraftforge.fml.javafmlmod.AutomaticEventSubscriber/LOADING]: Auto-subscribing com.hollingsworth.arsnouveau.common.event.ArsEvents to FORGE
[228月2026 21:15:04.095] [modloading-worker-0/DEBUG] [net.minecraftforge.fml.javafmlmod.AutomaticEventSubscriber/LOADING]: Auto-subscribing com.hollingsworth.arsnouveau.common.datagen.ModDatagen to MOD
[228月2026 21:15:04.099] [modloading-worker-0/DEBUG] [net.minecraftforge.fml.javafmlmod.AutomaticEventSubscriber/LOADING]: Auto-subscribing com.hollingsworth.arsnouveau.common.camera.ClientCameraEvents to FORGE
[228月2026 21:15:04.099] [modloading-worker-0/DEBUG] [net.minecraftforge.fml.javafmlmod.AutomaticEventSubscriber/LOADING]: Auto-subscribing com.hollingsworth.arsnouveau.common.camera.CameraEvents to FORGE
[228月2026 21:15:04.100] [modloading-worker-0/DEBUG] [net.minecraftforge.fml.javafmlmod.AutomaticEventSubscriber/LOADING]: Auto-subscribing com.hollingsworth.arsnouveau.common.camera.CameraController to FORGE
[228月2026 21:15:04.103] [modloading-worker-0/DEBUG] [net.minecraftforge.fml.javafmlmod.AutomaticEventSubscriber/LOADING]: Auto-subscribing com.hollingsworth.arsnouveau.common.block.tile.VitalicSourcelinkTile to FORGE
[228月2026 21:15:04.104] [modloading-worker-0/DEBUG] [net.minecraftforge.fml.javafmlmod.AutomaticEventSubscriber/LOADING]: Auto-subscribing com.hollingsworth.arsnouveau.common.block.tile.AgronomicSourcelinkTile to FORGE
[228月2026 21:15:04.104] [modloading-worker-0/DEBUG] [net.minecraftforge.fml.javafmlmod.AutomaticEventSubscriber/LOADING]: Auto-subscribing com.hollingsworth.arsnouveau.client.registry.ShaderRegistry to MOD
[228月2026 21:15:04.105] [modloading-worker-0/DEBUG] [mixin/]: Mixing client.RenderTypeAccessor from botania_xplat.mixins.json into net.minecraft.client.renderer.RenderType
[228月2026 21:15:04.106] [modloading-worker-0/DEBUG] [mixin/]: Renaming @Invoker method create(Ljava/lang/String;Lcom/mojang/blaze3d/vertex/VertexFormat;Lcom/mojang/blaze3d/vertex/VertexFormat$Mode;IZZLnet/minecraft/client/renderer/RenderType$CompositeState;)Lnet/minecraft/client/renderer/RenderType$CompositeRenderType; to create_$md$e88676$0 in botania_xplat.mixins.json:client.RenderTypeAccessor
[228月2026 21:15:04.139] [modloading-worker-0/DEBUG] [mixin/]: Mixing client.ItemRendererAccessor from botania_xplat.mixins.json into net.minecraft.client.renderer.entity.ItemRenderer
[228月2026 21:15:04.151] [modloading-worker-0/DEBUG] [net.minecraftforge.fml.javafmlmod.AutomaticEventSubscriber/LOADING]: Auto-subscribing com.hollingsworth.arsnouveau.client.registry.ModParticles to MOD
[228月2026 21:15:04.151] [modloading-worker-0/DEBUG] [net.minecraftforge.fml.javafmlmod.AutomaticEventSubscriber/LOADING]: Auto-subscribing com.hollingsworth.arsnouveau.client.registry.ModKeyBindings to MOD
[228月2026 21:15:04.153] [modloading-worker-0/DEBUG] [net.minecraftforge.fml.javafmlmod.AutomaticEventSubscriber/LOADING]: Auto-subscribing com.hollingsworth.arsnouveau.client.registry.ClientHandler to MOD
[228月2026 21:15:04.161] [modloading-worker-0/DEBUG] [net.minecraftforge.fml.javafmlmod.AutomaticEventSubscriber/LOADING]: Auto-subscribing com.hollingsworth.arsnouveau.client.keybindings.KeyHandler to FORGE
[228月2026 21:15:04.162] [modloading-worker-0/DEBUG] [net.minecraftforge.fml.javafmlmod.AutomaticEventSubscriber/LOADING]: Auto-subscribing com.hollingsworth.arsnouveau.client.gui.radial_menu.GuiRadialMenu to FORGE
[228月2026 21:15:04.165] [modloading-worker-0/DEBUG] [net.minecraftforge.fml.javafmlmod.AutomaticEventSubscriber/LOADING]: Auto-subscribing com.hollingsworth.arsnouveau.client.events.ClientPlayerEvent to FORGE
[228月2026 21:15:04.165] [modloading-worker-0/DEBUG] [net.minecraftforge.fml.javafmlmod.AutomaticEventSubscriber/LOADING]: Auto-subscribing com.hollingsworth.arsnouveau.client.events.ClientEvents to FORGE
[228月2026 21:15:04.168] [modloading-worker-0/DEBUG] [net.minecraftforge.fml.javafmlmod.AutomaticEventSubscriber/LOADING]: Auto-subscribing com.hollingsworth.arsnouveau.client.events.ClientEvents$ClientModEvents to MOD
[228月2026 21:15:04.168] [modloading-worker-0/DEBUG] [net.minecraftforge.fml.javafmlmod.AutomaticEventSubscriber/LOADING]: Auto-subscribing com.hollingsworth.arsnouveau.client.SkyTextureHandler to FORGE
[228月2026 21:15:04.169] [modloading-worker-0/DEBUG] [net.minecraftforge.fml.javafmlmod.AutomaticEventSubscriber/LOADING]: Auto-subscribing com.hollingsworth.arsnouveau.api.util.SourceUtil to FORGE
[228月2026 21:15:04.170] [modloading-worker-0/DEBUG] [net.minecraftforge.fml.javafmlmod.AutomaticEventSubscriber/LOADING]: Auto-subscribing com.hollingsworth.arsnouveau.api.source.SourceManager to FORGE
[228月2026 21:15:04.171] [modloading-worker-0/DEBUG] [net.minecraftforge.fml.javafmlmod.AutomaticEventSubscriber/LOADING]: Auto-subscribing com.hollingsworth.arsnouveau.api.perk.PerkAttributes to MOD
[228月2026 21:15:04.171] [modloading-worker-0/DEBUG] [net.minecraftforge.fml.javafmlmod.AutomaticEventSubscriber/LOADING]: Auto-subscribing com.hollingsworth.arsnouveau.api.event.EventQueue to FORGE
[228月2026 21:15:04.172] [modloading-worker-0/DEBUG] [net.minecraftforge.fml.javafmlmod.AutomaticEventSubscriber/LOADING]: Auto-subscribing com.hollingsworth.arsnouveau.ArsNouveau to FORGE
[228月2026 21:15:04.173] [Render thread/FATAL] [net.minecraftforge.fml.ModLoader/LOADING]: Failed to complete lifecycle event CONSTRUCT, 1 errors found
[228月2026 21:15:04.191] [Render thread/DEBUG] [mixin/]: Mixing ForgeHooksMixin from apotheosis.mixins.json into net.minecraftforge.common.ForgeHooks
[228月2026 21:15:04.216] [Render thread/DEBUG] [mixin/]: Mixing client.TextureManagerMixin from geckolib.mixins.json into net.minecraft.client.renderer.texture.TextureManager
[228月2026 21:15:04.268] [Render thread/ERROR] [net.minecraftforge.fml.ModLoader/]: Cowardly refusing to send event net.minecraftforge.client.event.sound.SoundEngineLoadEvent to a broken mod state
[228月2026 21:15:04.268] [Render thread/DEBUG] [mixin/]: Mixing client.SplashManagerMixin from botania_xplat.mixins.json into net.minecraft.client.resources.SplashManager
[228月2026 21:15:04.270] [Render thread/DEBUG] [mixin/]: Mixing client.MusicManagerMixin from cumulus_menus.mixins.json into net.minecraft.client.sounds.MusicManager
[228月2026 21:15:04.271] [Render thread/DEBUG] [mixin/]: Mixing client.audio.MusicManagerAccessor from aether_redux.mixins.json into net.minecraft.client.sounds.MusicManager
[228月2026 21:15:04.308] [Render thread/ERROR] [net.minecraftforge.fml.ModLoader/]: Cowardly refusing to send event net.minecraftforge.client.event.RegisterColorHandlersEvent$Block to a broken mod state
[228月2026 21:15:04.310] [Render thread/ERROR] [net.minecraftforge.fml.ModLoader/]: Cowardly refusing to send event net.minecraftforge.client.event.RegisterColorHandlersEvent$Item to a broken mod state
[228月2026 21:15:04.310] [Render thread/DEBUG] [mixin/]: Mixing client.ModelManagerAccessor from botania_xplat.mixins.json into net.minecraft.client.resources.model.ModelManager
[228月2026 21:15:04.331] [Render thread/DEBUG] [mixin/]: Mixing HideBlockBreakProgressMixin from farmersdelight.mixins.json into net.minecraft.client.renderer.block.BlockRenderDispatcher
[228月2026 21:15:04.331] [Render thread/DEBUG] [mixin/]: Mixing client.BlockRenderDispatcherMixin from botania_xplat.mixins.json into net.minecraft.client.renderer.block.BlockRenderDispatcher
[228月2026 21:15:04.338] [Render thread/DEBUG] [mixin/]: Mixing common.ForgeEventFactoryMixin from aether.mixins.json into net.minecraftforge.event.ForgeEventFactory
[228月2026 21:15:04.384] [Render thread/DEBUG] [mixin/]: Mixing client.AccessorMultiBufferSource from patchouli_xplat.mixins.json into net.minecraft.client.renderer.MultiBufferSource$BufferSource
[228月2026 21:15:04.400] [Render thread/DEBUG] [mixin/]: Mixing client.accessor.ItemInHandRendererAccessor from aether.mixins.json into net.minecraft.client.renderer.ItemInHandRenderer
[228月2026 21:15:04.400] [Render thread/DEBUG] [mixin/]: Mixing client.ItemInHandRendererMixin from botania_xplat.mixins.json into net.minecraft.client.renderer.ItemInHandRenderer
[228月2026 21:15:04.429] [Render thread/ERROR] [net.minecraftforge.fml.ModLoader/]: Cowardly refusing to send event net.minecraftforge.client.event.RenderLevelStageEvent$RegisterStageEvent to a broken mod state
[228月2026 21:15:04.465] [Render thread/ERROR] [net.minecraftforge.fml.ModLoader/]: Cowardly refusing to send event net.minecraftforge.client.event.RegisterParticleProvidersEvent to a broken mod state
[228月2026 21:15:04.475] [Render thread/DEBUG] [mixin/]: Mixing client.BossHealthOverlayMixin from aether.mixins.json into net.minecraft.client.gui.components.BossHealthOverlay
[228月2026 21:15:04.503] [Render thread/ERROR] [net.minecraftforge.fml.ModLoader/]: Cowardly refusing to send event net.minecraftforge.client.event.RegisterClientReloadListenersEvent to a broken mod state
[228月2026 21:15:04.503] [Render thread/ERROR] [net.minecraftforge.fml.ModLoader/]: Cowardly refusing to send event net.minecraftforge.client.event.EntityRenderersEvent$RegisterLayerDefinitions to a broken mod state
[228月2026 21:15:04.503] [Render thread/ERROR] [net.minecraftforge.fml.ModLoader/]: Cowardly refusing to send event net.minecraftforge.client.event.EntityRenderersEvent$RegisterRenderers to a broken mod state
[228月2026 21:15:04.504] [Render thread/ERROR] [net.minecraftforge.fml.ModLoader/]: Cowardly refusing to send event net.minecraftforge.client.event.RegisterTextureAtlasSpriteLoadersEvent to a broken mod state
[228月2026 21:15:04.504] [Render thread/ERROR] [net.minecraftforge.fml.ModLoader/]: Cowardly refusing to send event net.minecraftforge.client.event.RegisterClientTooltipComponentFactoriesEvent to a broken mod state
[228月2026 21:15:04.504] [Render thread/ERROR] [net.minecraftforge.fml.ModLoader/]: Cowardly refusing to send event net.minecraftforge.client.event.RegisterEntitySpectatorShadersEvent to a broken mod state
[228月2026 21:15:04.504] [Render thread/ERROR] [net.minecraftforge.fml.ModLoader/]: Cowardly refusing to send event net.minecraftforge.client.event.RegisterKeyMappingsEvent to a broken mod state
[228月2026 21:15:04.505] [Render thread/ERROR] [net.minecraftforge.fml.ModLoader/]: Cowardly refusing to send event net.minecraftforge.client.event.RegisterRecipeBookCategoriesEvent to a broken mod state
[228月2026 21:15:04.507] [Render thread/ERROR] [net.minecraftforge.fml.ModLoader/]: Cowardly refusing to send event net.minecraftforge.client.event.RegisterGuiOverlaysEvent to a broken mod state
[228月2026 21:15:04.508] [Render thread/ERROR] [net.minecraftforge.fml.ModLoader/]: Cowardly refusing to send event net.minecraftforge.client.event.RegisterDimensionSpecialEffectsEvent to a broken mod state
[228月2026 21:15:04.509] [Render thread/ERROR] [net.minecraftforge.fml.ModLoader/]: Cowardly refusing to send event net.minecraftforge.client.event.RegisterNamedRenderTypesEvent to a broken mod state
[228月2026 21:15:04.509] [Render thread/ERROR] [net.minecraftforge.fml.ModLoader/]: Cowardly refusing to send event net.minecraftforge.client.event.RegisterColorHandlersEvent$ColorResolvers to a broken mod state
[228月2026 21:15:04.509] [Render thread/ERROR] [net.minecraftforge.fml.ModLoader/]: Cowardly refusing to send event net.minecraftforge.client.event.RegisterItemDecorationsEvent to a broken mod state
[228月2026 21:15:04.514] [Render thread/ERROR] [net.minecraftforge.fml.ModLoader/]: Cowardly refusing to send event net.minecraftforge.client.event.RegisterPresetEditorsEvent to a broken mod state
[228月2026 21:15:04.576] [Render thread/INFO] [net.minecraft.server.packs.resources.ReloadableResourceManager/]: Reloading ResourceManager: vanilla
[228月2026 21:15:04.609] [Render thread/ERROR] [net.minecraftforge.fml.ModLoader/]: Cowardly refusing to send event net.minecraftforge.client.event.ModelEvent$RegisterGeometryLoaders to a broken mod state
[228月2026 21:15:04.698] [Worker-Main-5/INFO] [net.minecraft.client.gui.font.providers.UnihexProvider/]: Found unifont_all_no_pua-15.0.06.hex, loading
[228月2026 21:15:05.456] [Worker-Main-13/ERROR] [net.minecraftforge.fml.ModLoader/]: Cowardly refusing to send event net.minecraftforge.client.event.ModelEvent$RegisterAdditional to a broken mod state
[228月2026 21:15:05.912] [Worker-Main-13/ERROR] [net.minecraftforge.fml.ModLoader/]: Cowardly refusing to send event net.minecraftforge.client.event.ModelEvent$ModifyBakingResult to a broken mod state
[228月2026 21:15:05.994] [Render thread/DEBUG] [mixin/]: Mixing client.accessor.I18nAccessor from aether.mixins.json into net.minecraft.client.resources.language.I18n
[228月2026 21:15:05.994] [Render thread/DEBUG] [mixin/]: Renaming @Accessor method aether$getLanguage()Lnet/minecraft/locale/Language; to aether$getLanguage_$md$e88676$0 in aether.mixins.json:client.accessor.I18nAccessor
[228月2026 21:15:05.996] [Render thread/DEBUG] [net.minecraftforge.common.ForgeI18n/CORE]: Loading I18N data entries: 8214
[228月2026 21:15:06.026] [Render thread/WARN] [net.minecraft.client.sounds.SoundEngine/]: Missing sound for event: minecraft:item.goat_horn.play
[228月2026 21:15:06.026] [Render thread/WARN] [net.minecraft.client.sounds.SoundEngine/]: Missing sound for event: minecraft:entity.goat.screaming.horn_break
[228月2026 21:15:06.107] [Render thread/INFO] [com.mojang.blaze3d.audio.Library/]: OpenAL initialized on device OpenAL Soft on 扬声器 (C-Media(R) Audio)
[228月2026 21:15:06.108] [Render thread/INFO] [net.minecraft.client.sounds.SoundEngine/SOUNDS]: Sound engine started
[228月2026 21:15:06.108] [Render thread/ERROR] [net.minecraftforge.fml.ModLoader/]: Cowardly refusing to send event net.minecraftforge.client.event.sound.SoundEngineLoadEvent to a broken mod state
[228月2026 21:15:06.198] [Render thread/INFO] [net.minecraft.client.renderer.texture.TextureAtlas/]: Created: 1024x512x3 minecraft:textures/atlas/blocks.png-atlas
[228月2026 21:15:06.204] [Render thread/ERROR] [net.minecraftforge.fml.ModLoader/]: Cowardly refusing to send event net.minecraftforge.client.event.TextureStitchEvent$Post to a broken mod state
[228月2026 21:15:06.204] [Render thread/INFO] [net.minecraft.client.renderer.texture.TextureAtlas/]: Created: 256x256x3 minecraft:textures/atlas/signs.png-atlas
[228月2026 21:15:06.205] [Render thread/ERROR] [net.minecraftforge.fml.ModLoader/]: Cowardly refusing to send event net.minecraftforge.client.event.TextureStitchEvent$Post to a broken mod state
[228月2026 21:15:06.205] [Render thread/INFO] [net.minecraft.client.renderer.texture.TextureAtlas/]: Created: 512x512x3 minecraft:textures/atlas/shield_patterns.png-atlas
[228月2026 21:15:06.205] [Render thread/ERROR] [net.minecraftforge.fml.ModLoader/]: Cowardly refusing to send event net.minecraftforge.client.event.TextureStitchEvent$Post to a broken mod state
[228月2026 21:15:06.205] [Render thread/INFO] [net.minecraft.client.renderer.texture.TextureAtlas/]: Created: 512x512x3 minecraft:textures/atlas/banner_patterns.png-atlas
[228月2026 21:15:06.205] [Render thread/ERROR] [net.minecraftforge.fml.ModLoader/]: Cowardly refusing to send event net.minecraftforge.client.event.TextureStitchEvent$Post to a broken mod state
[228月2026 21:15:06.205] [Render thread/INFO] [net.minecraft.client.renderer.texture.TextureAtlas/]: Created: 1024x1024x3 minecraft:textures/atlas/armor_trims.png-atlas
[228月2026 21:15:06.208] [Render thread/ERROR] [net.minecraftforge.fml.ModLoader/]: Cowardly refusing to send event net.minecraftforge.client.event.TextureStitchEvent$Post to a broken mod state
[228月2026 21:15:06.208] [Render thread/INFO] [net.minecraft.client.renderer.texture.TextureAtlas/]: Created: 128x64x3 minecraft:textures/atlas/decorated_pot.png-atlas
[228月2026 21:15:06.210] [Render thread/ERROR] [net.minecraftforge.fml.ModLoader/]: Cowardly refusing to send event net.minecraftforge.client.event.TextureStitchEvent$Post to a broken mod state
[228月2026 21:15:06.210] [Render thread/INFO] [net.minecraft.client.renderer.texture.TextureAtlas/]: Created: 256x256x3 minecraft:textures/atlas/chest.png-atlas
[228月2026 21:15:06.210] [Render thread/ERROR] [net.minecraftforge.fml.ModLoader/]: Cowardly refusing to send event net.minecraftforge.client.event.TextureStitchEvent$Post to a broken mod state
[228月2026 21:15:06.210] [Render thread/INFO] [net.minecraft.client.renderer.texture.TextureAtlas/]: Created: 512x256x3 minecraft:textures/atlas/shulker_boxes.png-atlas
[228月2026 21:15:06.210] [Render thread/ERROR] [net.minecraftforge.fml.ModLoader/]: Cowardly refusing to send event net.minecraftforge.client.event.TextureStitchEvent$Post to a broken mod state
[228月2026 21:15:06.210] [Render thread/INFO] [net.minecraft.client.renderer.texture.TextureAtlas/]: Created: 512x256x3 minecraft:textures/atlas/beds.png-atlas
[228月2026 21:15:06.210] [Render thread/ERROR] [net.minecraftforge.fml.ModLoader/]: Cowardly refusing to send event net.minecraftforge.client.event.TextureStitchEvent$Post to a broken mod state
[228月2026 21:15:06.210] [Render thread/ERROR] [net.minecraftforge.fml.ModLoader/]: Cowardly refusing to send event net.minecraftforge.client.event.ModelEvent$BakingCompleted to a broken mod state
[228月2026 21:15:06.220] [Render thread/DEBUG] [mixin/]: Mixing client.render.model.FlyingCowModelMixin from aether_redux.mixins.json into net.minecraft.client.model.CowModel
[228月2026 21:15:06.222] [Render thread/DEBUG] [mixin/]: Mixing client.accessor.QuadrupedModelAccessor from aether.mixins.json into net.minecraft.client.model.QuadrupedModel
[228月2026 21:15:06.222] [Render thread/DEBUG] [mixin/]: Mixing client.render.model.QuadrupedModelMixin from aether_redux.mixins.json into net.minecraft.client.model.QuadrupedModel
[228月2026 21:15:06.225] [Render thread/DEBUG] [mixin/]: Mixing client.accessor.PlayerModelAccessor from aether.mixins.json into net.minecraft.client.model.PlayerModel
[228月2026 21:15:06.279] [Render thread/DEBUG] [mixin/]: Mixing client.SkullBlockRendererMixin from botania_xplat.mixins.json into net.minecraft.client.renderer.blockentity.SkullBlockRenderer
[228月2026 21:15:06.292] [Render thread/ERROR] [net.minecraftforge.fml.ModLoader/]: Cowardly refusing to send event net.minecraftforge.client.event.EntityRenderersEvent$CreateSkullModels to a broken mod state
[228月2026 21:15:06.293] [Render thread/ERROR] [net.minecraftforge.fml.ModLoader/]: Cowardly refusing to send event net.minecraftforge.client.event.EntityRenderersEvent$CreateSkullModels to a broken mod state
[228月2026 21:15:06.297] [Render thread/DEBUG] [mixin/]: Mixing client.render.MobRendererMixin from aether_redux.mixins.json into net.minecraft.client.renderer.entity.MobRenderer
[228月2026 21:15:06.305] [Render thread/DEBUG] [mixin/]: Mixing client.ElytraLayerMixin from aether.mixins.json into net.minecraft.client.renderer.entity.layers.ElytraLayer
[228月2026 21:15:06.308] [Render thread/DEBUG] [mixin/]: Mixing client.TippableArrowRendererMixin from aether.mixins.json into net.minecraft.client.renderer.entity.TippableArrowRenderer
[228月2026 21:15:06.309] [Render thread/DEBUG] [mixin/]: Renaming synthetic method lambda$getTextureLocation$0(Lorg/spongepowered/asm/mixin/injection/callback/CallbackInfoReturnable;Lcom/aetherteam/aether/capability/arrow/PhoenixArrow;)V to mde88676$lambda$getTextureLocation$0$0 in aether.mixins.json:client.TippableArrowRendererMixin
[228月2026 21:15:06.309] [Render thread/DEBUG] [mixin/]: Mixing client.render.ArrowRendererMixin from aether_redux.mixins.json into net.minecraft.client.renderer.entity.TippableArrowRenderer
[228月2026 21:15:06.309] [Render thread/DEBUG] [mixin/]: Renaming synthetic method lambda$getTextureLocation$0(Lnet/minecraft/world/entity/projectile/Arrow;Lorg/spongepowered/asm/mixin/injection/callback/CallbackInfoReturnable;Lnet/zepalesque/redux/capability/arrow/SubzeroArrow;)V to mde88676$lambda$getTextureLocation$0$1 in aether_redux.mixins.json:client.render.ArrowRendererMixin
[228月2026 21:15:06.360] [Render thread/ERROR] [net.minecraftforge.fml.ModLoader/]: Cowardly refusing to send event net.minecraftforge.client.event.EntityRenderersEvent$CreateSkullModels to a broken mod state
[228月2026 21:15:06.364] [Render thread/ERROR] [net.minecraftforge.fml.ModLoader/]: Cowardly refusing to send event net.minecraftforge.client.event.EntityRenderersEvent$CreateSkullModels to a broken mod state
[228月2026 21:15:06.364] [Render thread/ERROR] [net.minecraftforge.fml.ModLoader/]: Cowardly refusing to send event net.minecraftforge.client.event.EntityRenderersEvent$CreateSkullModels to a broken mod state
[228月2026 21:15:06.364] [Render thread/ERROR] [net.minecraftforge.fml.ModLoader/]: Cowardly refusing to send event net.minecraftforge.client.event.EntityRenderersEvent$CreateSkullModels to a broken mod state
[228月2026 21:15:06.366] [Render thread/ERROR] [net.minecraftforge.fml.ModLoader/]: Cowardly refusing to send event net.minecraftforge.client.event.EntityRenderersEvent$CreateSkullModels to a broken mod state
[228月2026 21:15:06.371] [Render thread/ERROR] [net.minecraftforge.fml.ModLoader/]: Cowardly refusing to send event net.minecraftforge.client.event.EntityRenderersEvent$CreateSkullModels to a broken mod state
[228月2026 21:15:06.372] [Render thread/ERROR] [net.minecraftforge.fml.ModLoader/]: Cowardly refusing to send event net.minecraftforge.client.event.EntityRenderersEvent$CreateSkullModels to a broken mod state
[228月2026 21:15:06.373] [Render thread/ERROR] [net.minecraftforge.fml.ModLoader/]: Cowardly refusing to send event net.minecraftforge.client.event.EntityRenderersEvent$CreateSkullModels to a broken mod state
[228月2026 21:15:06.373] [Render thread/ERROR] [net.minecraftforge.fml.ModLoader/]: Cowardly refusing to send event net.minecraftforge.client.event.EntityRenderersEvent$CreateSkullModels to a broken mod state
[228月2026 21:15:06.374] [Render thread/ERROR] [net.minecraftforge.fml.ModLoader/]: Cowardly refusing to send event net.minecraftforge.client.event.EntityRenderersEvent$CreateSkullModels to a broken mod state
[228月2026 21:15:06.374] [Render thread/ERROR] [net.minecraftforge.fml.ModLoader/]: Cowardly refusing to send event net.minecraftforge.client.event.EntityRenderersEvent$CreateSkullModels to a broken mod state
[228月2026 21:15:06.374] [Render thread/ERROR] [net.minecraftforge.fml.ModLoader/]: Cowardly refusing to send event net.minecraftforge.client.event.EntityRenderersEvent$CreateSkullModels to a broken mod state
[228月2026 21:15:06.374] [Render thread/ERROR] [net.minecraftforge.fml.ModLoader/]: Cowardly refusing to send event net.minecraftforge.client.event.EntityRenderersEvent$CreateSkullModels to a broken mod state
[228月2026 21:15:06.375] [Render thread/ERROR] [net.minecraftforge.fml.ModLoader/]: Cowardly refusing to send event net.minecraftforge.client.event.EntityRenderersEvent$CreateSkullModels to a broken mod state
[228月2026 21:15:06.376] [Render thread/ERROR] [net.minecraftforge.fml.ModLoader/]: Cowardly refusing to send event net.minecraftforge.client.event.EntityRenderersEvent$CreateSkullModels to a broken mod state
[228月2026 21:15:06.376] [Render thread/ERROR] [net.minecraftforge.fml.ModLoader/]: Cowardly refusing to send event net.minecraftforge.client.event.EntityRenderersEvent$CreateSkullModels to a broken mod state
[228月2026 21:15:06.377] [Render thread/ERROR] [net.minecraftforge.fml.ModLoader/]: Cowardly refusing to send event net.minecraftforge.client.event.EntityRenderersEvent$CreateSkullModels to a broken mod state
[228月2026 21:15:06.384] [Render thread/ERROR] [net.minecraftforge.fml.ModLoader/]: Cowardly refusing to send event net.minecraftforge.client.event.EntityRenderersEvent$CreateSkullModels to a broken mod state
[228月2026 21:15:06.384] [Render thread/ERROR] [net.minecraftforge.fml.ModLoader/]: Cowardly refusing to send event net.minecraftforge.client.event.EntityRenderersEvent$CreateSkullModels to a broken mod state
[228月2026 21:15:06.384] [Render thread/ERROR] [net.minecraftforge.fml.ModLoader/]: Cowardly refusing to send event net.minecraftforge.client.event.EntityRenderersEvent$AddLayers to a broken mod state
[228月2026 21:15:06.411] [Render thread/WARN] [net.minecraft.client.renderer.ShaderInstance/]: Shader rendertype_entity_translucent_emissive could not find sampler named Sampler2 in the specified shader program.
[228月2026 21:15:06.437] [Render thread/ERROR] [net.minecraftforge.fml.ModLoader/]: Cowardly refusing to send event net.minecraftforge.client.event.RegisterShadersEvent to a broken mod state
[228月2026 21:15:06.449] [Render thread/INFO] [net.minecraft.client.renderer.texture.TextureAtlas/]: Created: 256x256x0 minecraft:textures/atlas/particles.png-atlas
[228月2026 21:15:06.450] [Render thread/ERROR] [net.minecraftforge.fml.ModLoader/]: Cowardly refusing to send event net.minecraftforge.client.event.TextureStitchEvent$Post to a broken mod state
[228月2026 21:15:06.450] [Render thread/INFO] [net.minecraft.client.renderer.texture.TextureAtlas/]: Created: 256x256x0 minecraft:textures/atlas/paintings.png-atlas
[228月2026 21:15:06.450] [Render thread/ERROR] [net.minecraftforge.fml.ModLoader/]: Cowardly refusing to send event net.minecraftforge.client.event.TextureStitchEvent$Post to a broken mod state
[228月2026 21:15:06.451] [Render thread/INFO] [net.minecraft.client.renderer.texture.TextureAtlas/]: Created: 128x128x0 minecraft:textures/atlas/mob_effects.png-atlas
[228月2026 21:15:06.451] [Render thread/ERROR] [net.minecraftforge.fml.ModLoader/]: Cowardly refusing to send event net.minecraftforge.client.event.TextureStitchEvent$Post to a broken mod state
[228月2026 21:15:06.466] [Render thread/DEBUG] [net.minecraftforge.common.ForgeI18n/CORE]: Loading I18N data entries: 6434
[228月2026 21:15:06.497] [Render thread/DEBUG] [oshi.util.FileUtil/]: No oshi.architecture.properties file found from ClassLoader cpw.mods.modlauncher.TransformingClassLoader@1b4a3a1
[228月2026 21:15:06.552] [Render thread/DEBUG] [mixin/]: Mixing MixinWorldOpenFlows from terrablender.mixins.json into net.minecraft.client.gui.screens.worldselection.WorldOpenFlows
[228月2026 21:15:06.553] [Render thread/DEBUG] [mixin/]: Mixing client.WorldOpenFlowsMixin from aether.mixins.json into net.minecraft.client.gui.screens.worldselection.WorldOpenFlows
[228月2026 21:15:06.559] [Render thread/DEBUG] [mixin/]: Mixing client.ClientPacketListenerMixin from aether.mixins.json into net.minecraft.client.multiplayer.ClientPacketListener
[228月2026 21:15:06.560] [Render thread/DEBUG] [mixin/]: Mixing client.ClientPacketListenerMixin from attributeslib.mixins.json into net.minecraft.client.multiplayer.ClientPacketListener
[228月2026 21:15:06.563] [Render thread/WARN] [mixin/]: @Inject(@At("INVOKE")) Shift.BY=5 on attributeslib.mixins.json:client.ClientPacketListenerMixin::handler$zho000$apoth_postAttrChangedEvent exceeds the maximum allowed value: 0. Increase the value of maxShiftBy to suppress this warning.
[228月2026 21:15:06.580] [Render thread/FATAL] [net.minecraftforge.common.ForgeMod/]: Preparing crash report with UUID e8e19ef6-2e6c-48d2-8d4f-4c7937ac6b50
[228月2026 21:15:06.585] [Render thread/FATAL] [net.minecraftforge.client.loading.ClientModLoader/]: Crash report saved to D:\E\桌面\游戏\PCL\.minecraft\versions\植物科技\crash-reports\crash-2026-08-22_21.15.06-fml.txt
[228月2026 21:15:06.589] [Render thread/FATAL] [net.minecraftforge.common.ForgeMod/]: Preparing crash report with UUID 88196452-9e6f-4bbf-90e2-02a4b252ae57
[228月2026 21:15:07.477] [Render thread/DEBUG] [mixin/]: Mixing StringRenderOutputMixin from jade.mixins.json into net.minecraft.client.gui.Font$StringRenderOutput
[228月2026 21:15:07.477] [Render thread/DEBUG] [mixin/]: jade.mixins.json:StringRenderOutputMixin: Class version 61 required is higher than the class version supported by the current version of Mixin (JAVA_16 supports class version 60)
[228月2026 21:14:53.377] [Render thread/INFO] [net.minecraft.client.Minecraft/]: Stopping!
