[228月2026 22:27:47.378] [main/INFO] [cpw.mods.modlauncher.Launcher/MODLAUNCHER]: ModLauncher running: args [--username, Huang_Love, --version, 植物科技, --gameDir, D:\E\桌面\游戏\PCL\.minecraft\versions\植物科技, --assetsDir, D:\E\桌面\游戏\PCL\.minecraft\assets, --assetIndex, 5, --uuid, 8dc98ac80f55437fbeb9bfae1c585be2, --accessToken, ❄❄❄❄❄❄❄❄, --clientId, ${clientid}, --xuid, ${auth_xuid}, --userType, msa, --versionType, PCL, --width, 854, --height, 480, --launchTarget, forgeclient, --fml.forgeVersion, 47.4.21, --fml.mcVersion, 1.20.1, --fml.forgeGroup, net.minecraftforge, --fml.mcpVersion, 20230612.114412]
[228月2026 22:27:47.382] [main/INFO] [cpw.mods.modlauncher.Launcher/MODLAUNCHER]: ModLauncher 10.0.9+10.0.9+main.dcd20f30 starting: java version 21.0.2 by Oracle Corporation; OS Windows 11 arch amd64 version 10.0
[228月2026 22:27:48.010] [main/INFO] [net.minecraftforge.fml.loading.ImmediateWindowHandler/]: Loading ImmediateWindowProvider fmlearlywindow
[228月2026 22:27:48.312] [main/INFO] [EARLYDISPLAY/]: Trying GL version 4.6
[228月2026 22:27:49.165] [main/INFO] [EARLYDISPLAY/]: Requested GL version 4.6 got version 4.6
[228月2026 22:27:49.312] [main/INFO] [mixin/]: SpongePowered MIXIN Subsystem Version=0.8.5 Source=union:/D:/E/桌面/游戏/PCL/.minecraft/libraries/org/spongepowered/mixin/0.8.5/mixin-0.8.5.jar%23150!/ Service=ModLauncher Env=CLIENT
[228月2026 22:27:49.571] [pool-2-thread-1/INFO] [EARLYDISPLAY/]: GL info: NVIDIA GeForce RTX 3060 Laptop GPU/PCIe/SSE2 GL version 4.6.0 NVIDIA 592.00, NVIDIA Corporation
[228月2026 22:27:49.715] [main/WARN] [net.minecraftforge.fml.loading.moddiscovery.ModFileParser/LOADING]: Mod file D:\E\桌面\游戏\PCL\.minecraft\libraries\net\minecraftforge\fmlcore\1.20.1-47.4.21\fmlcore-1.20.1-47.4.21.jar is missing mods.toml file
[228月2026 22:27:49.719] [main/WARN] [net.minecraftforge.fml.loading.moddiscovery.ModFileParser/LOADING]: Mod file D:\E\桌面\游戏\PCL\.minecraft\libraries\net\minecraftforge\javafmllanguage\1.20.1-47.4.21\javafmllanguage-1.20.1-47.4.21.jar is missing mods.toml file
[228月2026 22:27:49.721] [main/WARN] [net.minecraftforge.fml.loading.moddiscovery.ModFileParser/LOADING]: Mod file D:\E\桌面\游戏\PCL\.minecraft\libraries\net\minecraftforge\lowcodelanguage\1.20.1-47.4.21\lowcodelanguage-1.20.1-47.4.21.jar is missing mods.toml file
[228月2026 22:27:49.724] [main/WARN] [net.minecraftforge.fml.loading.moddiscovery.ModFileParser/LOADING]: Mod file D:\E\桌面\游戏\PCL\.minecraft\libraries\net\minecraftforge\mclanguage\1.20.1-47.4.21\mclanguage-1.20.1-47.4.21.jar is missing mods.toml file
[228月2026 22:27:49.942] [main/WARN] [net.minecraftforge.jarjar.selection.JarSelector/]: Attempted to select two dependency jars from JarJar which have the same identification: Mod File:  and Mod File: . Using Mod File: 
[228月2026 22:27:49.944] [main/WARN] [net.minecraftforge.jarjar.selection.JarSelector/]: Attempted to select a dependency jar for JarJar which was passed in as source: curios. Using Mod File: D:\E\桌面\游戏\PCL\.minecraft\versions\植物科技\mods\curios-forge-5.14.0+1.20.1.jar
[228月2026 22:27:49.944] [main/WARN] [net.minecraftforge.jarjar.selection.JarSelector/]: Attempted to select a dependency jar for JarJar which was passed in as source: geckolib. Using Mod File: D:\E\桌面\游戏\PCL\.minecraft\versions\植物科技\mods\geckolib-forge-1.20.1-4.4.9.jar
[228月2026 22:27:49.944] [main/INFO] [net.minecraftforge.fml.loading.moddiscovery.JarInJarDependencyLocator/]: Found 6 dependencies adding them to mods collection
[228月2026 22:27:51.525] [main/INFO] [mixin/]: Compatibility level set to JAVA_17
[228月2026 22:27:51.542] [main/INFO] [cpw.mods.modlauncher.LaunchServiceHandler/MODLAUNCHER]: Launching target 'forgeclient' with arguments [--version, 植物科技, --gameDir, D:\E\桌面\游戏\PCL\.minecraft\versions\植物科技, --assetsDir, D:\E\桌面\游戏\PCL\.minecraft\assets, --uuid, 8dc98ac80f55437fbeb9bfae1c585be2, --username, Huang_Love, --assetIndex, 5, --accessToken, ❄❄❄❄❄❄❄❄, --clientId, ${clientid}, --xuid, ${auth_xuid}, --userType, msa, --versionType, PCL, --width, 854, --height, 480]
[228月2026 22:27:51.909] [main/WARN] [mixin/]: Reference map 'nitrogen_internals.refmap.json' for nitrogen_internals.mixins.json could not be read. If this is a development environment you can ignore this message
[228月2026 22:27:52.518] [main/INFO] [net.minecraftforge.coremod.CoreMod.placebo/COREMODLOG]: Patching IForgeItemStack#getEnchantmentLevel
[228月2026 22:27:52.546] [main/INFO] [net.minecraftforge.coremod.CoreMod.placebo/COREMODLOG]: Patching IForgeItemStack#getEnchantmentLevel
[228月2026 22:27:52.606] [main/INFO] [net.minecraftforge.coremod.CoreMod.apotheosis/COREMODLOG]: Replaced 2 calls to Enchantment#getMaxLevel() in net/minecraft/world/inventory/AnvilMenu
[228月2026 22:27:52.620] [main/WARN] [mixin/]: Error loading class: org/violetmoon/quark/content/tweaks/module/GoldToolsHaveFortuneModule (java.lang.ClassNotFoundException: org.violetmoon.quark.content.tweaks.module.GoldToolsHaveFortuneModule)
[228月2026 22:27:52.621] [main/INFO] [net.minecraftforge.coremod.CoreMod.placebo/COREMODLOG]: Patching IForgeItemStack#getEnchantmentLevel
[228月2026 22:27:52.622] [main/INFO] [net.minecraftforge.coremod.CoreMod.placebo/COREMODLOG]: Patching IForgeItemStack#getEnchantmentLevel
[228月2026 22:27:52.630] [main/WARN] [mixin/]: Error loading class: org/violetmoon/quark/content/client/tooltip/AttributeTooltips (java.lang.ClassNotFoundException: org.violetmoon.quark.content.client.tooltip.AttributeTooltips)
[228月2026 22:27:52.702] [main/WARN] [mixin/]: Error loading class: com/aetherteam/aether_genesis/block/natural/GreenAercloudBlock (java.lang.ClassNotFoundException: com.aetherteam.aether_genesis.block.natural.GreenAercloudBlock)
[228月2026 22:27:52.702] [main/WARN] [mixin/]: @Mixin target com.aetherteam.aether_genesis.block.natural.GreenAercloudBlock was not found aether_redux.mixins.json:common.block.GreenAercloudBlockMixin
[228月2026 22:27:52.704] [main/WARN] [mixin/]: Error loading class: com/aetherteam/aether_genesis/block/natural/OrangeTreeBlock (java.lang.ClassNotFoundException: com.aetherteam.aether_genesis.block.natural.OrangeTreeBlock)
[228月2026 22:27:52.704] [main/WARN] [mixin/]: @Mixin target com.aetherteam.aether_genesis.block.natural.OrangeTreeBlock was not found aether_redux.mixins.json:common.block.OrangeTreeMixin
[228月2026 22:27:52.704] [main/WARN] [mixin/]: Error loading class: com/aetherteam/aether_genesis/block/natural/PurpleAercloudBlock (java.lang.ClassNotFoundException: com.aetherteam.aether_genesis.block.natural.PurpleAercloudBlock)
[228月2026 22:27:52.705] [main/WARN] [mixin/]: @Mixin target com.aetherteam.aether_genesis.block.natural.PurpleAercloudBlock was not found aether_redux.mixins.json:common.block.PurpleAercloudBlockMixin
[228月2026 22:27:52.721] [main/WARN] [mixin/]: Error loading class: com/aetherteam/aether_genesis/client/GenesisMusic (java.lang.ClassNotFoundException: com.aetherteam.aether_genesis.client.GenesisMusic)
[228月2026 22:27:52.721] [main/WARN] [mixin/]: @Mixin target com.aetherteam.aether_genesis.client.GenesisMusic was not found aether_redux.mixins.json:client.audio.GoTVMusicMixin
[228月2026 22:27:52.728] [main/WARN] [mixin/]: Error loading class: com/aetherteam/aether_genesis/client/renderer/entity/SkyrootMimicRenderer (java.lang.ClassNotFoundException: com.aetherteam.aether_genesis.client.renderer.entity.SkyrootMimicRenderer)
[228月2026 22:27:52.728] [main/WARN] [mixin/]: @Mixin target com.aetherteam.aether_genesis.client.renderer.entity.SkyrootMimicRenderer was not found aether_redux.mixins.json:client.render.MimicRendererMixin
[228月2026 22:27:52.730] [main/WARN] [mixin/]: Error loading class: net/builderdog/ancient_aether/client/renderer/entity/FestiveSwetRenderer (java.lang.ClassNotFoundException: net.builderdog.ancient_aether.client.renderer.entity.FestiveSwetRenderer)
[228月2026 22:27:52.730] [main/WARN] [mixin/]: @Mixin target net.builderdog.ancient_aether.client.renderer.entity.FestiveSwetRenderer was not found aether_redux.mixins.json:client.render.SwetRendererMixin
[228月2026 22:27:52.730] [main/WARN] [mixin/]: Error loading class: com/aetherteam/protect_your_moa/client/renderer/entity/layers/MoaArmorLayer (java.lang.ClassNotFoundException: com.aetherteam.protect_your_moa.client.renderer.entity.layers.MoaArmorLayer)
[228月2026 22:27:52.730] [main/WARN] [mixin/]: @Mixin target com.aetherteam.protect_your_moa.client.renderer.entity.layers.MoaArmorLayer was not found aether_redux.mixins.json:client.render.layer.MoaArmorLayerMixin
[228月2026 22:27:52.731] [main/WARN] [mixin/]: Error loading class: com/aetherteam/protect_your_moa/client/renderer/entity/layers/MoaChestLayer (java.lang.ClassNotFoundException: com.aetherteam.protect_your_moa.client.renderer.entity.layers.MoaChestLayer)
[228月2026 22:27:52.731] [main/WARN] [mixin/]: @Mixin target com.aetherteam.protect_your_moa.client.renderer.entity.layers.MoaChestLayer was not found aether_redux.mixins.json:client.render.layer.MoaChestLayerMixin
[228月2026 22:27:52.731] [main/WARN] [mixin/]: Error loading class: com/legacy/lost_aether/client/render/layer/MoaHeadFeatherLayer (java.lang.ClassNotFoundException: com.legacy.lost_aether.client.render.layer.MoaHeadFeatherLayer)
[228月2026 22:27:52.731] [main/WARN] [mixin/]: @Mixin target com.legacy.lost_aether.client.render.layer.MoaHeadFeatherLayer was not found aether_redux.mixins.json:client.render.layer.MoaFeathersLayerMixin
[228月2026 22:27:52.772] [main/WARN] [mixin/]: Error loading class: reliquary/item/ToggleableItem (java.lang.ClassNotFoundException: reliquary.item.ToggleableItem)
[228月2026 22:27:52.772] [main/WARN] [mixin/]: @Mixin target reliquary.item.ToggleableItem was not found rs_integration.mixins.json:reliquary.PyromancerStaffMixin
[228月2026 22:27:52.773] [main/WARN] [mixin/]: Error loading class: auviotre/enigmatic/addon/contents/items/AvariceRing (java.lang.ClassNotFoundException: auviotre.enigmatic.addon.contents.items.AvariceRing)
[228月2026 22:27:52.773] [main/WARN] [mixin/]: @Mixin target auviotre.enigmatic.addon.contents.items.AvariceRing was not found rs_integration.mixins.json:enigmaticaddons.AvariceRingMixin
[228月2026 22:27:52.773] [main/WARN] [mixin/]: Error loading class: com/moonstone/moonstonemod/item/maxitem/book/nine_sword_books (java.lang.ClassNotFoundException: com.moonstone.moonstonemod.item.maxitem.book.nine_sword_books)
[228月2026 22:27:52.773] [main/WARN] [mixin/]: @Mixin target com.moonstone.moonstonemod.item.maxitem.book.nine_sword_books was not found rs_integration.mixins.json:moonstone.NineSwordBooksMixin
[228月2026 22:27:52.773] [main/WARN] [mixin/]: Error loading class: com/aizistral/enigmaticlegacy/handlers/SuperpositionHandler (java.lang.ClassNotFoundException: com.aizistral.enigmaticlegacy.handlers.SuperpositionHandler)
[228月2026 22:27:52.773] [main/WARN] [mixin/]: @Mixin target com.aizistral.enigmaticlegacy.handlers.SuperpositionHandler was not found rs_integration.mixins.json:enigmaticlegacy.SuperpositionHandlerMixin
[228月2026 22:27:52.774] [main/WARN] [mixin/]: Error loading class: com/sammy/malum/common/recipe/AbstractSpiritListMalumRecipe (java.lang.ClassNotFoundException: com.sammy.malum.common.recipe.AbstractSpiritListMalumRecipe)
[228月2026 22:27:52.774] [main/WARN] [mixin/]: @Mixin target com.sammy.malum.common.recipe.AbstractSpiritListMalumRecipe was not found rs_integration.mixins.json:malum.AbstractSpiritListMalumRecipeMixin
[228月2026 22:27:52.774] [main/WARN] [mixin/]: Error loading class: com/sammy/malum/core/handlers/TouchOfDarknessHandler (java.lang.ClassNotFoundException: com.sammy.malum.core.handlers.TouchOfDarknessHandler)
[228月2026 22:27:52.774] [main/WARN] [mixin/]: @Mixin target com.sammy.malum.core.handlers.TouchOfDarknessHandler was not found rs_integration.mixins.json:malum.TouchOfDarknessHandlerMixin
[228月2026 22:27:52.775] [main/WARN] [mixin/]: Error loading class: com/sammy/malum/common/block/curiosities/weeping_well/VoidConduitBlockEntity (java.lang.ClassNotFoundException: com.sammy.malum.common.block.curiosities.weeping_well.VoidConduitBlockEntity)
[228月2026 22:27:52.775] [main/WARN] [mixin/]: @Mixin target com.sammy.malum.common.block.curiosities.weeping_well.VoidConduitBlockEntity was not found rs_integration.mixins.json:malum.VoidConduitBlockEntityMixin
[228月2026 22:27:52.775] [main/WARN] [mixin/]: Error loading class: com/inolia_zaicek/wizard_terra_cuiros/Item/BuffItem (java.lang.ClassNotFoundException: com.inolia_zaicek.wizard_terra_cuiros.Item.BuffItem)
[228月2026 22:27:52.775] [main/WARN] [mixin/]: @Mixin target com.inolia_zaicek.wizard_terra_cuiros.Item.BuffItem was not found rs_integration.mixins.json:wizardterracurios.BuffItemMixin
[228月2026 22:27:52.894] [main/WARN] [mixin/]: Error loading class: com/aetherteam/aether_genesis/client/renderer/entity/SkyrootMimicRenderer (java.lang.ClassNotFoundException: com.aetherteam.aether_genesis.client.renderer.entity.SkyrootMimicRenderer)
[228月2026 22:27:52.896] [main/WARN] [mixin/]: Error loading class: com/aetherteam/aether_genesis/client/renderer/entity/SkyrootMimicRenderer (java.lang.ClassNotFoundException: com.aetherteam.aether_genesis.client.renderer.entity.SkyrootMimicRenderer)
[228月2026 22:27:52.896] [main/WARN] [mixin/]: Error loading class: net/builderdog/ancient_aether/client/renderer/entity/FestiveSwetRenderer (java.lang.ClassNotFoundException: net.builderdog.ancient_aether.client.renderer.entity.FestiveSwetRenderer)
[228月2026 22:27:52.896] [main/WARN] [mixin/]: Error loading class: net/builderdog/ancient_aether/client/renderer/entity/FestiveSwetRenderer (java.lang.ClassNotFoundException: net.builderdog.ancient_aether.client.renderer.entity.FestiveSwetRenderer)
[228月2026 22:27:52.929] [main/INFO] [MixinExtras|Service/]: Initializing MixinExtras via com.llamalad7.mixinextras.service.MixinExtrasServiceImpl(version=0.3.6).
[228月2026 22:27:54.267] [main/INFO] [mixin/]: BeforeConstant is searching for constants in method with descriptor (Lnet/minecraft/network/chat/Component;Z)V
[228月2026 22:27:54.267] [main/INFO] [mixin/]:   BeforeConstant found INTEGER constant: value = 0, intValue = null
[228月2026 22:27:54.267] [main/INFO] [mixin/]:     BeforeConstant found a matching constant TYPE at ordinal 0
[228月2026 22:27:54.268] [main/INFO] [mixin/]:       BeforeConstant found Insn [ICONST_0] 
[228月2026 22:27:54.268] [main/INFO] [mixin/]:   BeforeConstant found INTEGER constant: value = 60, intValue = null
[228月2026 22:27:54.268] [main/INFO] [mixin/]:     BeforeConstant found a matching constant TYPE at ordinal 1
[228月2026 22:27:54.268] [main/INFO] [mixin/]:       BeforeConstant found IntInsn 60
[228月2026 22:27:54.640] [main/WARN] [mixin/]: Mixin immortalers_delight.mixins.json:EntityFireImmuneMixin has multiple constructors, (Ljava/lang/Class;)V was selected

[228月2026 22:27:54.729] [main/INFO] [net.minecraftforge.coremod.CoreMod.attributeslib/COREMODLOG]: Patching EffectRenderingInventoryScreen#renderEffects
[228月2026 22:27:54.740] [main/INFO] [net.minecraftforge.coremod.CoreMod.attributeslib/COREMODLOG]: Patching EffectRenderingInventoryScreen#renderEffects
[228月2026 22:27:55.853] [pool-4-thread-1/INFO] [net.minecraftforge.coremod.CoreMod.apotheosis/COREMODLOG]: Replaced 2 calls to Enchantment#getMaxLevel() in net/minecraft/world/item/CreativeModeTabs
[228月2026 22:27:57.683] [pool-4-thread-1/INFO] [net.minecraftforge.coremod.CoreMod.placebo/COREMODLOG]: Patching IForgeItemStack#getEnchantmentLevel
[228月2026 22:27:57.684] [pool-4-thread-1/INFO] [net.minecraftforge.coremod.CoreMod.placebo/COREMODLOG]: Patching IForgeItemStack#getEnchantmentLevel
[228月2026 22:27:57.901] [pool-4-thread-1/INFO] [net.minecraftforge.coremod.CoreMod.apotheosis/COREMODLOG]: Replaced 2 calls to Enchantment#getMaxLevel() in net/minecraft/world/inventory/AnvilMenu
[228月2026 22:27:59.887] [Datafixer Bootstrap/INFO] [com.mojang.datafixers.DataFixerBuilder/]: 188 Datafixer optimizations took 168 milliseconds
[228月2026 22:28:00.532] [pool-4-thread-1/INFO] [net.minecraftforge.coremod.CoreMod.apotheosis/COREMODLOG]: Patching FishingHook#catchingFish
[228月2026 22:28:01.039] [pool-4-thread-1/INFO] [net.minecraftforge.coremod.CoreMod.apotheosis/COREMODLOG]: Replaced 1 calls to Enchantment#getMaxLevel() in net/minecraft/world/level/storage/loot/functions/EnchantRandomlyFunction
[228月2026 22:28:01.040] [pool-4-thread-1/INFO] [net.minecraftforge.coremod.CoreMod.apotheosis/COREMODLOG]: Replaced 1 calls to Enchantment#isDiscoverable() in net/minecraft/world/level/storage/loot/functions/EnchantRandomlyFunction
[228月2026 22:28:02.318] [Render thread/WARN] [net.minecraft.server.packs.VanillaPackResourcesBuilder/]: Assets URL 'union:/D:/E/桌面/游戏/PCL/.minecraft/libraries/net/minecraft/client/1.20.1-20230612.114412/client-1.20.1-20230612.114412-srg.jar%23206!/assets/.mcassetsroot' uses unexpected schema
[228月2026 22:28:02.318] [Render thread/WARN] [net.minecraft.server.packs.VanillaPackResourcesBuilder/]: Assets URL 'union:/D:/E/桌面/游戏/PCL/.minecraft/libraries/net/minecraft/client/1.20.1-20230612.114412/client-1.20.1-20230612.114412-srg.jar%23206!/data/.mcassetsroot' uses unexpected schema
[228月2026 22:28:02.370] [Render thread/INFO] [com.mojang.authlib.yggdrasil.YggdrasilAuthenticationService/]: Environment: authHost='https://authserver.mojang.com', accountsHost='https://api.mojang.com', sessionHost='https://sessionserver.mojang.com', servicesHost='https://api.minecraftservices.com', name='PROD'
[228月2026 22:28:03.397] [Render thread/INFO] [net.minecraft.client.Minecraft/]: Setting user: Huang_Love
[228月2026 22:28:03.417] [Render thread/INFO] [mixin/]: BeforeConstant is searching for constants in method with descriptor (Lnet/minecraft/network/chat/Component;Lnet/minecraft/client/GuiMessageTag;)V
[228月2026 22:28:03.417] [Render thread/INFO] [mixin/]:   BeforeConstant found STRING constant: value = , stringValue = null
[228月2026 22:28:03.417] [Render thread/INFO] [mixin/]:     BeforeConstant found a matching constant TYPE at ordinal 0
[228月2026 22:28:03.417] [Render thread/INFO] [mixin/]:       BeforeConstant found LdcInsn 
[228月2026 22:28:03.417] [Render thread/INFO] [mixin/]:   BeforeConstant found STRING constant: value = \\r, stringValue = null
[228月2026 22:28:03.417] [Render thread/INFO] [mixin/]:     BeforeConstant found a matching constant TYPE at ordinal 1
[228月2026 22:28:03.417] [Render thread/INFO] [mixin/]:       BeforeConstant found LdcInsn \\r
[228月2026 22:28:03.417] [Render thread/INFO] [mixin/]:   BeforeConstant found STRING constant: value = 
, stringValue = null
[228月2026 22:28:03.417] [Render thread/INFO] [mixin/]:     BeforeConstant found a matching constant TYPE at ordinal 2
[228月2026 22:28:03.418] [Render thread/INFO] [mixin/]:       BeforeConstant found LdcInsn 

[228月2026 22:28:03.418] [Render thread/INFO] [mixin/]:   BeforeConstant found STRING constant: value = \\n, stringValue = null
[228月2026 22:28:03.418] [Render thread/INFO] [mixin/]:     BeforeConstant found a matching constant TYPE at ordinal 3
[228月2026 22:28:03.418] [Render thread/INFO] [mixin/]:       BeforeConstant found LdcInsn \\n
[228月2026 22:28:03.418] [Render thread/INFO] [mixin/]:   BeforeConstant found CLASS constant: value = Ljava/lang/String;, typeValue = null
[228月2026 22:28:03.418] [Render thread/INFO] [mixin/]:   BeforeConstant found STRING constant: value = [{}] [CHAT] {}, stringValue = null
[228月2026 22:28:03.418] [Render thread/INFO] [mixin/]:     BeforeConstant found a matching constant TYPE at ordinal 4
[228月2026 22:28:03.418] [Render thread/INFO] [mixin/]:       BeforeConstant found LdcInsn [{}] [CHAT] {}
[228月2026 22:28:03.418] [Render thread/INFO] [mixin/]:   BeforeConstant found STRING constant: value = [CHAT] {}, stringValue = null
[228月2026 22:28:03.418] [Render thread/INFO] [mixin/]:     BeforeConstant found a matching constant TYPE at ordinal 5
[228月2026 22:28:03.418] [Render thread/INFO] [mixin/]:       BeforeConstant found LdcInsn [CHAT] {}
[228月2026 22:28:03.482] [Render thread/INFO] [net.minecraft.client.Minecraft/]: Backend library: LWJGL version 3.3.1 build 7
[228月2026 22:28:03.875] [modloading-worker-0/INFO] [net.minecraftforge.common.ForgeMod/FORGEMOD]: Forge mod loading, version 47.4.21, for MC 1.20.1 with MCP 20230612.114412
[228月2026 22:28:03.875] [modloading-worker-0/INFO] [net.minecraftforge.common.MinecraftForge/FORGE]: MinecraftForge v47.4.21 Initialized
[228月2026 22:28:04.849] [modloading-worker-0/INFO] [mezz.jei.library.load.PluginCaller/]: Sending ConfigManager...
[228月2026 22:28:04.869] [modloading-worker-0/INFO] [mezz.jei.library.load.PluginCaller/]: Sending ConfigManager took 13.91 milliseconds
[228月2026 22:28:09.212] [Render thread/WARN] [mixin/]: Error loading class: net/builderdog/ancient_aether/client/renderer/entity/FestiveSwetRenderer (java.lang.ClassNotFoundException: net.builderdog.ancient_aether.client.renderer.entity.FestiveSwetRenderer)
[228月2026 22:28:09.223] [Render thread/WARN] [mixin/]: Error loading class: com/aetherteam/aether_genesis/client/renderer/entity/SkyrootMimicRenderer (java.lang.ClassNotFoundException: com.aetherteam.aether_genesis.client.renderer.entity.SkyrootMimicRenderer)
[228月2026 22:28:09.378] [Render thread/INFO] [net.minecraft.server.packs.resources.ReloadableResourceManager/]: Reloading ResourceManager: vanilla, mod_resources, resource/overrides_pack
[228月2026 22:28:09.558] [Worker-Main-17/INFO] [net.minecraft.client.gui.font.providers.UnihexProvider/]: Found unifont_all_no_pua-15.0.06.hex, loading
[228月2026 22:28:09.603] [Worker-Main-1/ERROR] [net.minecraft.Util/]: Invalid path in pack: immortalers_delight:blockstates/.AddCompLib/global.json, ignoring
[228月2026 22:28:09.709] [Worker-Main-5/ERROR] [net.minecraft.Util/]: Invalid path in pack: immortalers_delight:textures/block/贴图.png, ignoring
[228月2026 22:28:09.913] [Worker-Main-16/WARN] [RS Integration/]: [RSI-Storage] Backend refinedstorage was not registered: MOD_NOT_LOADED
[228月2026 22:28:09.914] [Worker-Main-16/INFO] [RS Integration/]: [RSI-Storage] Refined Storage is absent; storage operations stay disabled, but cross-mod recipe and JEI metadata remain registered.
[228月2026 22:28:10.241] [Worker-Main-19/WARN] [net.minecraft.client.renderer.texture.SpriteContents/]: Unused frames in sprite apotheosis:items/gems/blood_lord: [9]
[228月2026 22:28:10.403] [Worker-Main-5/WARN] [net.minecraft.client.renderer.texture.SpriteLoader/]: Texture immortalers_delight:block/pearlipearl_bloom with size 14x13 limits mip level from 3 to 0
[228月2026 22:28:10.738] [Forge Version Check/INFO] [net.minecraftforge.fml.VersionChecker/]: [aether] Starting version check at https://github.com/The-Aether-Team/The-Aether/raw/1.20.1-develop/update.json
[228月2026 22:28:11.208] [Worker-Main-16/INFO] [RS Integration/]: [RSI-Contract] Contract validation done: 13 OK, 0 failed, 124 skipped
[228月2026 22:28:11.208] [Worker-Main-16/INFO] [RS Integration/]: RS Integration initialized.
[228月2026 22:28:11.347] [Render thread/INFO] [terrablender/]: Registered region minecraft:overworld to index 0 for type OVERWORLD
[228月2026 22:28:11.348] [Render thread/INFO] [terrablender/]: Registered region minecraft:nether to index 0 for type NETHER
[228月2026 22:28:11.348] [Render thread/INFO] [terrablender/]: Registered region aether:the_aether to index 0 for type THE_AETHER
[228月2026 22:28:11.348] [Render thread/INFO] [terrablender/]: Registered region aether_redux:aether_redux_region to index 1 for type THE_AETHER
[228月2026 22:28:11.417] [Render thread/INFO] [terrablender/]: Registered region ars_nouveau:overworld to index 1 for type OVERWORLD
[228月2026 22:28:11.510] [Placebo Patreon Trail Loader/INFO] [placebo/]: Loading patreon trails data...
[228月2026 22:28:11.513] [Placebo Patreon Wing Loader/INFO] [placebo/]: Loading patreon wing data...
[228月2026 22:28:11.611] [Worker-Main-5/INFO] [com.renyigesai.immortalers_delight.ImmortalersDelightMod/]: HELLO FROM CLIENT SETUP
[228月2026 22:28:11.612] [Worker-Main-5/INFO] [com.renyigesai.immortalers_delight.ImmortalersDelightMod/]: MINECRAFT NAME >> Huang_Love
[228月2026 22:28:11.636] [Worker-Main-18/WARN] [net.minecraft.client.resources.model.ModelBakery/]: Exception loading blockstate definition: 'immortalers_delight:blockstates/pearlipearl_stalk.json' missing model for variant: 'immortalers_delight:pearlipearl_stalk#age=0,bloom=true,facing=east,is_leaves=false'
[228月2026 22:28:11.636] [Worker-Main-18/WARN] [net.minecraft.client.resources.model.ModelBakery/]: Exception loading blockstate definition: 'immortalers_delight:blockstates/pearlipearl_stalk.json' missing model for variant: 'immortalers_delight:pearlipearl_stalk#age=2,bloom=true,facing=south,is_leaves=false'
[228月2026 22:28:11.636] [Worker-Main-18/WARN] [net.minecraft.client.resources.model.ModelBakery/]: Exception loading blockstate definition: 'immortalers_delight:blockstates/pearlipearl_stalk.json' missing model for variant: 'immortalers_delight:pearlipearl_stalk#age=2,bloom=true,facing=east,is_leaves=false'
[228月2026 22:28:11.636] [Worker-Main-18/WARN] [net.minecraft.client.resources.model.ModelBakery/]: Exception loading blockstate definition: 'immortalers_delight:blockstates/pearlipearl_stalk.json' missing model for variant: 'immortalers_delight:pearlipearl_stalk#age=1,bloom=true,facing=east,is_leaves=false'
[228月2026 22:28:11.636] [Worker-Main-18/WARN] [net.minecraft.client.resources.model.ModelBakery/]: Exception loading blockstate definition: 'immortalers_delight:blockstates/pearlipearl_stalk.json' missing model for variant: 'immortalers_delight:pearlipearl_stalk#age=0,bloom=true,facing=south,is_leaves=false'
[228月2026 22:28:11.636] [Worker-Main-18/WARN] [net.minecraft.client.resources.model.ModelBakery/]: Exception loading blockstate definition: 'immortalers_delight:blockstates/pearlipearl_stalk.json' missing model for variant: 'immortalers_delight:pearlipearl_stalk#age=1,bloom=true,facing=north,is_leaves=false'
[228月2026 22:28:11.636] [Worker-Main-18/WARN] [net.minecraft.client.resources.model.ModelBakery/]: Exception loading blockstate definition: 'immortalers_delight:blockstates/pearlipearl_stalk.json' missing model for variant: 'immortalers_delight:pearlipearl_stalk#age=1,bloom=true,facing=south,is_leaves=false'
[228月2026 22:28:11.636] [Worker-Main-18/WARN] [net.minecraft.client.resources.model.ModelBakery/]: Exception loading blockstate definition: 'immortalers_delight:blockstates/pearlipearl_stalk.json' missing model for variant: 'immortalers_delight:pearlipearl_stalk#age=0,bloom=true,facing=west,is_leaves=false'
[228月2026 22:28:11.636] [Worker-Main-18/WARN] [net.minecraft.client.resources.model.ModelBakery/]: Exception loading blockstate definition: 'immortalers_delight:blockstates/pearlipearl_stalk.json' missing model for variant: 'immortalers_delight:pearlipearl_stalk#age=1,bloom=true,facing=west,is_leaves=false'
[228月2026 22:28:11.636] [Worker-Main-18/WARN] [net.minecraft.client.resources.model.ModelBakery/]: Exception loading blockstate definition: 'immortalers_delight:blockstates/pearlipearl_stalk.json' missing model for variant: 'immortalers_delight:pearlipearl_stalk#age=2,bloom=true,facing=north,is_leaves=false'
[228月2026 22:28:11.636] [Worker-Main-18/WARN] [net.minecraft.client.resources.model.ModelBakery/]: Exception loading blockstate definition: 'immortalers_delight:blockstates/pearlipearl_stalk.json' missing model for variant: 'immortalers_delight:pearlipearl_stalk#age=0,bloom=true,facing=north,is_leaves=false'
[228月2026 22:28:11.636] [Worker-Main-18/WARN] [net.minecraft.client.resources.model.ModelBakery/]: Exception loading blockstate definition: 'immortalers_delight:blockstates/pearlipearl_stalk.json' missing model for variant: 'immortalers_delight:pearlipearl_stalk#age=2,bloom=true,facing=west,is_leaves=false'
[228月2026 22:28:11.637] [Worker-Main-18/WARN] [net.minecraft.client.resources.model.ModelBakery/]: Exception loading blockstate definition: 'immortalers_delight:blockstates/rotating_roast_meat.json' missing model for variant: 'immortalers_delight:rotating_roast_meat#bites=4,state=idle'
[228月2026 22:28:11.637] [Worker-Main-18/WARN] [net.minecraft.client.resources.model.ModelBakery/]: Exception loading blockstate definition: 'immortalers_delight:blockstates/rotating_roast_meat.json' missing model for variant: 'immortalers_delight:rotating_roast_meat#bites=2,state=finish'
[228月2026 22:28:11.637] [Worker-Main-18/WARN] [net.minecraft.client.resources.model.ModelBakery/]: Exception loading blockstate definition: 'immortalers_delight:blockstates/rotating_roast_meat.json' missing model for variant: 'immortalers_delight:rotating_roast_meat#bites=4,state=lit'
[228月2026 22:28:11.637] [Worker-Main-18/WARN] [net.minecraft.client.resources.model.ModelBakery/]: Exception loading blockstate definition: 'immortalers_delight:blockstates/rotating_roast_meat.json' missing model for variant: 'immortalers_delight:rotating_roast_meat#bites=4,state=finish'
[228月2026 22:28:11.637] [Worker-Main-18/WARN] [net.minecraft.client.resources.model.ModelBakery/]: Exception loading blockstate definition: 'immortalers_delight:blockstates/rotating_roast_meat.json' missing model for variant: 'immortalers_delight:rotating_roast_meat#bites=0,state=finish'
[228月2026 22:28:11.637] [Worker-Main-18/WARN] [net.minecraft.client.resources.model.ModelBakery/]: Exception loading blockstate definition: 'immortalers_delight:blockstates/rotating_roast_meat.json' missing model for variant: 'immortalers_delight:rotating_roast_meat#bites=1,state=finish'
[228月2026 22:28:11.637] [Worker-Main-18/WARN] [net.minecraft.client.resources.model.ModelBakery/]: Exception loading blockstate definition: 'immortalers_delight:blockstates/rotating_roast_meat.json' missing model for variant: 'immortalers_delight:rotating_roast_meat#bites=2,state=idle'
[228月2026 22:28:11.637] [Worker-Main-18/WARN] [net.minecraft.client.resources.model.ModelBakery/]: Exception loading blockstate definition: 'immortalers_delight:blockstates/rotating_roast_meat.json' missing model for variant: 'immortalers_delight:rotating_roast_meat#bites=3,state=lit'
[228月2026 22:28:11.637] [Worker-Main-18/WARN] [net.minecraft.client.resources.model.ModelBakery/]: Exception loading blockstate definition: 'immortalers_delight:blockstates/rotating_roast_meat.json' missing model for variant: 'immortalers_delight:rotating_roast_meat#bites=0,state=idle'
[228月2026 22:28:11.638] [Worker-Main-18/WARN] [net.minecraft.client.resources.model.ModelBakery/]: Exception loading blockstate definition: 'immortalers_delight:blockstates/rotating_roast_meat.json' missing model for variant: 'immortalers_delight:rotating_roast_meat#bites=2,state=lit'
[228月2026 22:28:11.638] [Worker-Main-18/WARN] [net.minecraft.client.resources.model.ModelBakery/]: Exception loading blockstate definition: 'immortalers_delight:blockstates/rotating_roast_meat.json' missing model for variant: 'immortalers_delight:rotating_roast_meat#bites=3,state=finish'
[228月2026 22:28:11.638] [Worker-Main-18/WARN] [net.minecraft.client.resources.model.ModelBakery/]: Exception loading blockstate definition: 'immortalers_delight:blockstates/rotating_roast_meat.json' missing model for variant: 'immortalers_delight:rotating_roast_meat#bites=0,state=lit'
[228月2026 22:28:11.638] [Worker-Main-18/WARN] [net.minecraft.client.resources.model.ModelBakery/]: Exception loading blockstate definition: 'immortalers_delight:blockstates/rotating_roast_meat.json' missing model for variant: 'immortalers_delight:rotating_roast_meat#bites=1,state=lit'
[228月2026 22:28:11.638] [Worker-Main-18/WARN] [net.minecraft.client.resources.model.ModelBakery/]: Exception loading blockstate definition: 'immortalers_delight:blockstates/rotating_roast_meat.json' missing model for variant: 'immortalers_delight:rotating_roast_meat#bites=1,state=idle'
[228月2026 22:28:11.638] [Worker-Main-18/WARN] [net.minecraft.client.resources.model.ModelBakery/]: Exception loading blockstate definition: 'immortalers_delight:blockstates/rotating_roast_meat.json' missing model for variant: 'immortalers_delight:rotating_roast_meat#bites=3,state=idle'
[228月2026 22:28:11.640] [Worker-Main-18/WARN] [net.minecraft.client.resources.model.ModelBakery/]: Exception loading blockstate definition: 'immortalers_delight:blockstates/nether_bread_cream_soup.json' missing model for variant: 'immortalers_delight:nether_bread_cream_soup#bites=6,facing=west'
[228月2026 22:28:11.640] [Worker-Main-18/WARN] [net.minecraft.client.resources.model.ModelBakery/]: Exception loading blockstate definition: 'immortalers_delight:blockstates/nether_bread_cream_soup.json' missing model for variant: 'immortalers_delight:nether_bread_cream_soup#bites=6,facing=north'
[228月2026 22:28:11.640] [Worker-Main-18/WARN] [net.minecraft.client.resources.model.ModelBakery/]: Exception loading blockstate definition: 'immortalers_delight:blockstates/nether_bread_cream_soup.json' missing model for variant: 'immortalers_delight:nether_bread_cream_soup#bites=6,facing=east'
[228月2026 22:28:11.640] [Worker-Main-18/WARN] [net.minecraft.client.resources.model.ModelBakery/]: Exception loading blockstate definition: 'immortalers_delight:blockstates/nether_bread_cream_soup.json' missing model for variant: 'immortalers_delight:nether_bread_cream_soup#bites=6,facing=south'
[228月2026 22:28:11.644] [Worker-Main-18/WARN] [net.minecraft.client.resources.model.ModelBakery/]: Exception loading blockstate definition: 'immortalers_delight:blockstates/infested_coal_block.json' missing model for variant: 'immortalers_delight:infested_coal_block#'
[228月2026 22:28:11.644] [Worker-Main-18/WARN] [net.minecraft.client.resources.model.ModelBakery/]: Exception loading blockstate definition: 'immortalers_delight:blockstates/infested_copper_block.json' missing model for variant: 'immortalers_delight:infested_copper_block#'
[228月2026 22:28:11.644] [Worker-Main-18/WARN] [net.minecraft.client.resources.model.ModelBakery/]: Exception loading blockstate definition: 'immortalers_delight:blockstates/infested_iron_block.json' missing model for variant: 'immortalers_delight:infested_iron_block#'
[228月2026 22:28:11.644] [Worker-Main-18/WARN] [net.minecraft.client.resources.model.ModelBakery/]: Exception loading blockstate definition: 'immortalers_delight:blockstates/infested_redstone_block.json' missing model for variant: 'immortalers_delight:infested_redstone_block#'
[228月2026 22:28:11.644] [Worker-Main-18/WARN] [net.minecraft.client.resources.model.ModelBakery/]: Exception loading blockstate definition: 'immortalers_delight:blockstates/infested_lapis_block.json' missing model for variant: 'immortalers_delight:infested_lapis_block#'
[228月2026 22:28:11.644] [Worker-Main-18/WARN] [net.minecraft.client.resources.model.ModelBakery/]: Exception loading blockstate definition: 'immortalers_delight:blockstates/infested_gold_block.json' missing model for variant: 'immortalers_delight:infested_gold_block#'
[228月2026 22:28:11.644] [Worker-Main-18/WARN] [net.minecraft.client.resources.model.ModelBakery/]: Exception loading blockstate definition: 'immortalers_delight:blockstates/infested_emerald_block.json' missing model for variant: 'immortalers_delight:infested_emerald_block#'
[228月2026 22:28:11.644] [Worker-Main-18/WARN] [net.minecraft.client.resources.model.ModelBakery/]: Exception loading blockstate definition: 'immortalers_delight:blockstates/infested_diamond_block.json' missing model for variant: 'immortalers_delight:infested_diamond_block#'
[228月2026 22:28:11.645] [Worker-Main-18/WARN] [net.minecraft.client.resources.model.ModelBakery/]: Exception loading blockstate definition: 'immortalers_delight:blockstates/warped_laurel_crop.json' missing model for variant: 'immortalers_delight:warped_laurel_crop#age=7'
[228月2026 22:28:11.645] [Worker-Main-18/WARN] [net.minecraft.client.resources.model.ModelBakery/]: Exception loading blockstate definition: 'immortalers_delight:blockstates/gelpitaya_crop.json' missing model for variant: 'immortalers_delight:gelpitaya_crop#age=7'
[228月2026 22:28:11.646] [Worker-Main-18/WARN] [net.minecraft.client.resources.model.ModelBakery/]: Exception loading blockstate definition: 'immortalers_delight:blockstates/caustic_essential_oil.json' missing model for variant: 'immortalers_delight:caustic_essential_oil#facing=west,pile=4'
[228月2026 22:28:11.646] [Worker-Main-18/WARN] [net.minecraft.client.resources.model.ModelBakery/]: Exception loading blockstate definition: 'immortalers_delight:blockstates/caustic_essential_oil.json' missing model for variant: 'immortalers_delight:caustic_essential_oil#facing=south,pile=4'
[228月2026 22:28:11.646] [Worker-Main-18/WARN] [net.minecraft.client.resources.model.ModelBakery/]: Exception loading blockstate definition: 'immortalers_delight:blockstates/caustic_essential_oil.json' missing model for variant: 'immortalers_delight:caustic_essential_oil#facing=north,pile=4'
[228月2026 22:28:11.646] [Worker-Main-18/WARN] [net.minecraft.client.resources.model.ModelBakery/]: Exception loading blockstate definition: 'immortalers_delight:blockstates/caustic_essential_oil.json' missing model for variant: 'immortalers_delight:caustic_essential_oil#facing=east,pile=4'
[228月2026 22:28:11.647] [Worker-Main-18/WARN] [net.minecraft.client.resources.model.ModelBakery/]: Exception loading blockstate definition: 'immortalers_delight:blockstates/ku_mesh_non.json' missing model for variant: 'immortalers_delight:ku_mesh_non#bites=12,facing=east'
[228月2026 22:28:11.648] [Worker-Main-18/WARN] [net.minecraft.client.resources.model.ModelBakery/]: Exception loading blockstate definition: 'immortalers_delight:blockstates/ku_mesh_non.json' missing model for variant: 'immortalers_delight:ku_mesh_non#bites=13,facing=east'
[228月2026 22:28:11.648] [Worker-Main-18/WARN] [net.minecraft.client.resources.model.ModelBakery/]: Exception loading blockstate definition: 'immortalers_delight:blockstates/ku_mesh_non.json' missing model for variant: 'immortalers_delight:ku_mesh_non#bites=15,facing=east'
[228月2026 22:28:11.648] [Worker-Main-18/WARN] [net.minecraft.client.resources.model.ModelBakery/]: Exception loading blockstate definition: 'immortalers_delight:blockstates/ku_mesh_non.json' missing model for variant: 'immortalers_delight:ku_mesh_non#bites=14,facing=east'
[228月2026 22:28:11.648] [Worker-Main-18/WARN] [net.minecraft.client.resources.model.ModelBakery/]: Exception loading blockstate definition: 'immortalers_delight:blockstates/ku_mesh_non.json' missing model for variant: 'immortalers_delight:ku_mesh_non#bites=16,facing=south'
[228月2026 22:28:11.648] [Worker-Main-18/WARN] [net.minecraft.client.resources.model.ModelBakery/]: Exception loading blockstate definition: 'immortalers_delight:blockstates/ku_mesh_non.json' missing model for variant: 'immortalers_delight:ku_mesh_non#bites=16,facing=north'
[228月2026 22:28:11.648] [Worker-Main-18/WARN] [net.minecraft.client.resources.model.ModelBakery/]: Exception loading blockstate definition: 'immortalers_delight:blockstates/ku_mesh_non.json' missing model for variant: 'immortalers_delight:ku_mesh_non#bites=14,facing=north'
[228月2026 22:28:11.648] [Worker-Main-18/WARN] [net.minecraft.client.resources.model.ModelBakery/]: Exception loading blockstate definition: 'immortalers_delight:blockstates/ku_mesh_non.json' missing model for variant: 'immortalers_delight:ku_mesh_non#bites=14,facing=south'
[228月2026 22:28:11.648] [Worker-Main-18/WARN] [net.minecraft.client.resources.model.ModelBakery/]: Exception loading blockstate definition: 'immortalers_delight:blockstates/ku_mesh_non.json' missing model for variant: 'immortalers_delight:ku_mesh_non#bites=10,facing=north'
[228月2026 22:28:11.648] [Worker-Main-18/WARN] [net.minecraft.client.resources.model.ModelBakery/]: Exception loading blockstate definition: 'immortalers_delight:blockstates/ku_mesh_non.json' missing model for variant: 'immortalers_delight:ku_mesh_non#bites=11,facing=east'
[228月2026 22:28:11.648] [Worker-Main-18/WARN] [net.minecraft.client.resources.model.ModelBakery/]: Exception loading blockstate definition: 'immortalers_delight:blockstates/ku_mesh_non.json' missing model for variant: 'immortalers_delight:ku_mesh_non#bites=10,facing=east'
[228月2026 22:28:11.648] [Worker-Main-18/WARN] [net.minecraft.client.resources.model.ModelBakery/]: Exception loading blockstate definition: 'immortalers_delight:blockstates/ku_mesh_non.json' missing model for variant: 'immortalers_delight:ku_mesh_non#bites=12,facing=north'
[228月2026 22:28:11.648] [Worker-Main-18/WARN] [net.minecraft.client.resources.model.ModelBakery/]: Exception loading blockstate definition: 'immortalers_delight:blockstates/ku_mesh_non.json' missing model for variant: 'immortalers_delight:ku_mesh_non#bites=9,facing=west'
[228月2026 22:28:11.648] [Worker-Main-18/WARN] [net.minecraft.client.resources.model.ModelBakery/]: Exception loading blockstate definition: 'immortalers_delight:blockstates/ku_mesh_non.json' missing model for variant: 'immortalers_delight:ku_mesh_non#bites=16,facing=east'
[228月2026 22:28:11.648] [Worker-Main-18/WARN] [net.minecraft.client.resources.model.ModelBakery/]: Exception loading blockstate definition: 'immortalers_delight:blockstates/ku_mesh_non.json' missing model for variant: 'immortalers_delight:ku_mesh_non#bites=9,facing=south'
[228月2026 22:28:11.648] [Worker-Main-18/WARN] [net.minecraft.client.resources.model.ModelBakery/]: Exception loading blockstate definition: 'immortalers_delight:blockstates/ku_mesh_non.json' missing model for variant: 'immortalers_delight:ku_mesh_non#bites=15,facing=south'
[228月2026 22:28:11.648] [Worker-Main-18/WARN] [net.minecraft.client.resources.model.ModelBakery/]: Exception loading blockstate definition: 'immortalers_delight:blockstates/ku_mesh_non.json' missing model for variant: 'immortalers_delight:ku_mesh_non#bites=13,facing=south'
[228月2026 22:28:11.648] [Worker-Main-18/WARN] [net.minecraft.client.resources.model.ModelBakery/]: Exception loading blockstate definition: 'immortalers_delight:blockstates/ku_mesh_non.json' missing model for variant: 'immortalers_delight:ku_mesh_non#bites=9,facing=east'
[228月2026 22:28:11.648] [Worker-Main-18/WARN] [net.minecraft.client.resources.model.ModelBakery/]: Exception loading blockstate definition: 'immortalers_delight:blockstates/ku_mesh_non.json' missing model for variant: 'immortalers_delight:ku_mesh_non#bites=15,facing=north'
[228月2026 22:28:11.648] [Worker-Main-18/WARN] [net.minecraft.client.resources.model.ModelBakery/]: Exception loading blockstate definition: 'immortalers_delight:blockstates/ku_mesh_non.json' missing model for variant: 'immortalers_delight:ku_mesh_non#bites=10,facing=west'
[228月2026 22:28:11.648] [Worker-Main-18/WARN] [net.minecraft.client.resources.model.ModelBakery/]: Exception loading blockstate definition: 'immortalers_delight:blockstates/ku_mesh_non.json' missing model for variant: 'immortalers_delight:ku_mesh_non#bites=11,facing=north'
[228月2026 22:28:11.648] [Worker-Main-18/WARN] [net.minecraft.client.resources.model.ModelBakery/]: Exception loading blockstate definition: 'immortalers_delight:blockstates/ku_mesh_non.json' missing model for variant: 'immortalers_delight:ku_mesh_non#bites=11,facing=west'
[228月2026 22:28:11.648] [Worker-Main-18/WARN] [net.minecraft.client.resources.model.ModelBakery/]: Exception loading blockstate definition: 'immortalers_delight:blockstates/ku_mesh_non.json' missing model for variant: 'immortalers_delight:ku_mesh_non#bites=13,facing=north'
[228月2026 22:28:11.648] [Worker-Main-18/WARN] [net.minecraft.client.resources.model.ModelBakery/]: Exception loading blockstate definition: 'immortalers_delight:blockstates/ku_mesh_non.json' missing model for variant: 'immortalers_delight:ku_mesh_non#bites=12,facing=west'
[228月2026 22:28:11.648] [Worker-Main-18/WARN] [net.minecraft.client.resources.model.ModelBakery/]: Exception loading blockstate definition: 'immortalers_delight:blockstates/ku_mesh_non.json' missing model for variant: 'immortalers_delight:ku_mesh_non#bites=9,facing=north'
[228月2026 22:28:11.648] [Worker-Main-18/WARN] [net.minecraft.client.resources.model.ModelBakery/]: Exception loading blockstate definition: 'immortalers_delight:blockstates/ku_mesh_non.json' missing model for variant: 'immortalers_delight:ku_mesh_non#bites=14,facing=west'
[228月2026 22:28:11.648] [Worker-Main-18/WARN] [net.minecraft.client.resources.model.ModelBakery/]: Exception loading blockstate definition: 'immortalers_delight:blockstates/ku_mesh_non.json' missing model for variant: 'immortalers_delight:ku_mesh_non#bites=13,facing=west'
[228月2026 22:28:11.649] [Worker-Main-18/WARN] [net.minecraft.client.resources.model.ModelBakery/]: Exception loading blockstate definition: 'immortalers_delight:blockstates/ku_mesh_non.json' missing model for variant: 'immortalers_delight:ku_mesh_non#bites=15,facing=west'
[228月2026 22:28:11.649] [Worker-Main-18/WARN] [net.minecraft.client.resources.model.ModelBakery/]: Exception loading blockstate definition: 'immortalers_delight:blockstates/ku_mesh_non.json' missing model for variant: 'immortalers_delight:ku_mesh_non#bites=10,facing=south'
[228月2026 22:28:11.649] [Worker-Main-18/WARN] [net.minecraft.client.resources.model.ModelBakery/]: Exception loading blockstate definition: 'immortalers_delight:blockstates/ku_mesh_non.json' missing model for variant: 'immortalers_delight:ku_mesh_non#bites=16,facing=west'
[228月2026 22:28:11.649] [Worker-Main-18/WARN] [net.minecraft.client.resources.model.ModelBakery/]: Exception loading blockstate definition: 'immortalers_delight:blockstates/ku_mesh_non.json' missing model for variant: 'immortalers_delight:ku_mesh_non#bites=12,facing=south'
[228月2026 22:28:11.649] [Worker-Main-18/WARN] [net.minecraft.client.resources.model.ModelBakery/]: Exception loading blockstate definition: 'immortalers_delight:blockstates/ku_mesh_non.json' missing model for variant: 'immortalers_delight:ku_mesh_non#bites=11,facing=south'
[228月2026 22:28:11.649] [Worker-Main-18/WARN] [net.minecraft.client.resources.model.ModelBakery/]: Exception loading blockstate definition: 'immortalers_delight:blockstates/large_column.json' missing model for variant: 'immortalers_delight:large_column#bites=7,facing=east'
[228月2026 22:28:11.649] [Worker-Main-18/WARN] [net.minecraft.client.resources.model.ModelBakery/]: Exception loading blockstate definition: 'immortalers_delight:blockstates/large_column.json' missing model for variant: 'immortalers_delight:large_column#bites=9,facing=south'
[228月2026 22:28:11.649] [Worker-Main-18/WARN] [net.minecraft.client.resources.model.ModelBakery/]: Exception loading blockstate definition: 'immortalers_delight:blockstates/large_column.json' missing model for variant: 'immortalers_delight:large_column#bites=7,facing=north'
[228月2026 22:28:11.649] [Worker-Main-18/WARN] [net.minecraft.client.resources.model.ModelBakery/]: Exception loading blockstate definition: 'immortalers_delight:blockstates/large_column.json' missing model for variant: 'immortalers_delight:large_column#bites=13,facing=south'
[228月2026 22:28:11.649] [Worker-Main-18/WARN] [net.minecraft.client.resources.model.ModelBakery/]: Exception loading blockstate definition: 'immortalers_delight:blockstates/large_column.json' missing model for variant: 'immortalers_delight:large_column#bites=11,facing=south'
[228月2026 22:28:11.649] [Worker-Main-18/WARN] [net.minecraft.client.resources.model.ModelBakery/]: Exception loading blockstate definition: 'immortalers_delight:blockstates/large_column.json' missing model for variant: 'immortalers_delight:large_column#bites=7,facing=south'
[228月2026 22:28:11.649] [Worker-Main-18/WARN] [net.minecraft.client.resources.model.ModelBakery/]: Exception loading blockstate definition: 'immortalers_delight:blockstates/large_column.json' missing model for variant: 'immortalers_delight:large_column#bites=16,facing=west'
[228月2026 22:28:11.649] [Worker-Main-18/WARN] [net.minecraft.client.resources.model.ModelBakery/]: Exception loading blockstate definition: 'immortalers_delight:blockstates/large_column.json' missing model for variant: 'immortalers_delight:large_column#bites=15,facing=west'
[228月2026 22:28:11.649] [Worker-Main-18/WARN] [net.minecraft.client.resources.model.ModelBakery/]: Exception loading blockstate definition: 'immortalers_delight:blockstates/large_column.json' missing model for variant: 'immortalers_delight:large_column#bites=8,facing=west'
[228月2026 22:28:11.649] [Worker-Main-18/WARN] [net.minecraft.client.resources.model.ModelBakery/]: Exception loading blockstate definition: 'immortalers_delight:blockstates/large_column.json' missing model for variant: 'immortalers_delight:large_column#bites=9,facing=west'
[228月2026 22:28:11.650] [Worker-Main-18/WARN] [net.minecraft.client.resources.model.ModelBakery/]: Exception loading blockstate definition: 'immortalers_delight:blockstates/large_column.json' missing model for variant: 'immortalers_delight:large_column#bites=12,facing=west'
[228月2026 22:28:11.650] [Worker-Main-18/WARN] [net.minecraft.client.resources.model.ModelBakery/]: Exception loading blockstate definition: 'immortalers_delight:blockstates/large_column.json' missing model for variant: 'immortalers_delight:large_column#bites=13,facing=west'
[228月2026 22:28:11.650] [Worker-Main-18/WARN] [net.minecraft.client.resources.model.ModelBakery/]: Exception loading blockstate definition: 'immortalers_delight:blockstates/large_column.json' missing model for variant: 'immortalers_delight:large_column#bites=10,facing=north'
[228月2026 22:28:11.650] [Worker-Main-18/WARN] [net.minecraft.client.resources.model.ModelBakery/]: Exception loading blockstate definition: 'immortalers_delight:blockstates/large_column.json' missing model for variant: 'immortalers_delight:large_column#bites=14,facing=west'
[228月2026 22:28:11.650] [Worker-Main-18/WARN] [net.minecraft.client.resources.model.ModelBakery/]: Exception loading blockstate definition: 'immortalers_delight:blockstates/large_column.json' missing model for variant: 'immortalers_delight:large_column#bites=7,facing=west'
[228月2026 22:28:11.650] [Worker-Main-18/WARN] [net.minecraft.client.resources.model.ModelBakery/]: Exception loading blockstate definition: 'immortalers_delight:blockstates/large_column.json' missing model for variant: 'immortalers_delight:large_column#bites=14,facing=north'
[228月2026 22:28:11.650] [Worker-Main-18/WARN] [net.minecraft.client.resources.model.ModelBakery/]: Exception loading blockstate definition: 'immortalers_delight:blockstates/large_column.json' missing model for variant: 'immortalers_delight:large_column#bites=15,facing=north'
[228月2026 22:28:11.650] [Worker-Main-18/WARN] [net.minecraft.client.resources.model.ModelBakery/]: Exception loading blockstate definition: 'immortalers_delight:blockstates/large_column.json' missing model for variant: 'immortalers_delight:large_column#bites=13,facing=north'
[228月2026 22:28:11.650] [Worker-Main-18/WARN] [net.minecraft.client.resources.model.ModelBakery/]: Exception loading blockstate definition: 'immortalers_delight:blockstates/large_column.json' missing model for variant: 'immortalers_delight:large_column#bites=15,facing=south'
[228月2026 22:28:11.650] [Worker-Main-18/WARN] [net.minecraft.client.resources.model.ModelBakery/]: Exception loading blockstate definition: 'immortalers_delight:blockstates/large_column.json' missing model for variant: 'immortalers_delight:large_column#bites=16,facing=south'
[228月2026 22:28:11.650] [Worker-Main-18/WARN] [net.minecraft.client.resources.model.ModelBakery/]: Exception loading blockstate definition: 'immortalers_delight:blockstates/large_column.json' missing model for variant: 'immortalers_delight:large_column#bites=11,facing=north'
[228月2026 22:28:11.650] [Worker-Main-18/WARN] [net.minecraft.client.resources.model.ModelBakery/]: Exception loading blockstate definition: 'immortalers_delight:blockstates/large_column.json' missing model for variant: 'immortalers_delight:large_column#bites=16,facing=north'
[228月2026 22:28:11.650] [Worker-Main-18/WARN] [net.minecraft.client.resources.model.ModelBakery/]: Exception loading blockstate definition: 'immortalers_delight:blockstates/large_column.json' missing model for variant: 'immortalers_delight:large_column#bites=12,facing=north'
[228月2026 22:28:11.650] [Worker-Main-18/WARN] [net.minecraft.client.resources.model.ModelBakery/]: Exception loading blockstate definition: 'immortalers_delight:blockstates/large_column.json' missing model for variant: 'immortalers_delight:large_column#bites=9,facing=north'
[228月2026 22:28:11.650] [Worker-Main-18/WARN] [net.minecraft.client.resources.model.ModelBakery/]: Exception loading blockstate definition: 'immortalers_delight:blockstates/large_column.json' missing model for variant: 'immortalers_delight:large_column#bites=11,facing=west'
[228月2026 22:28:11.650] [Worker-Main-18/WARN] [net.minecraft.client.resources.model.ModelBakery/]: Exception loading blockstate definition: 'immortalers_delight:blockstates/large_column.json' missing model for variant: 'immortalers_delight:large_column#bites=10,facing=west'
[228月2026 22:28:11.650] [Worker-Main-18/WARN] [net.minecraft.client.resources.model.ModelBakery/]: Exception loading blockstate definition: 'immortalers_delight:blockstates/large_column.json' missing model for variant: 'immortalers_delight:large_column#bites=11,facing=east'
[228月2026 22:28:11.651] [Worker-Main-18/WARN] [net.minecraft.client.resources.model.ModelBakery/]: Exception loading blockstate definition: 'immortalers_delight:blockstates/large_column.json' missing model for variant: 'immortalers_delight:large_column#bites=8,facing=north'
[228月2026 22:28:11.651] [Worker-Main-18/WARN] [net.minecraft.client.resources.model.ModelBakery/]: Exception loading blockstate definition: 'immortalers_delight:blockstates/large_column.json' missing model for variant: 'immortalers_delight:large_column#bites=10,facing=east'
[228月2026 22:28:11.651] [Worker-Main-18/WARN] [net.minecraft.client.resources.model.ModelBakery/]: Exception loading blockstate definition: 'immortalers_delight:blockstates/large_column.json' missing model for variant: 'immortalers_delight:large_column#bites=14,facing=east'
[228月2026 22:28:11.651] [Worker-Main-18/WARN] [net.minecraft.client.resources.model.ModelBakery/]: Exception loading blockstate definition: 'immortalers_delight:blockstates/large_column.json' missing model for variant: 'immortalers_delight:large_column#bites=8,facing=south'
[228月2026 22:28:11.651] [Worker-Main-18/WARN] [net.minecraft.client.resources.model.ModelBakery/]: Exception loading blockstate definition: 'immortalers_delight:blockstates/large_column.json' missing model for variant: 'immortalers_delight:large_column#bites=13,facing=east'
[228月2026 22:28:11.651] [Worker-Main-18/WARN] [net.minecraft.client.resources.model.ModelBakery/]: Exception loading blockstate definition: 'immortalers_delight:blockstates/large_column.json' missing model for variant: 'immortalers_delight:large_column#bites=12,facing=east'
[228月2026 22:28:11.651] [Worker-Main-18/WARN] [net.minecraft.client.resources.model.ModelBakery/]: Exception loading blockstate definition: 'immortalers_delight:blockstates/large_column.json' missing model for variant: 'immortalers_delight:large_column#bites=14,facing=south'
[228月2026 22:28:11.651] [Worker-Main-18/WARN] [net.minecraft.client.resources.model.ModelBakery/]: Exception loading blockstate definition: 'immortalers_delight:blockstates/large_column.json' missing model for variant: 'immortalers_delight:large_column#bites=12,facing=south'
[228月2026 22:28:11.651] [Worker-Main-18/WARN] [net.minecraft.client.resources.model.ModelBakery/]: Exception loading blockstate definition: 'immortalers_delight:blockstates/large_column.json' missing model for variant: 'immortalers_delight:large_column#bites=10,facing=south'
[228月2026 22:28:11.651] [Worker-Main-18/WARN] [net.minecraft.client.resources.model.ModelBakery/]: Exception loading blockstate definition: 'immortalers_delight:blockstates/large_column.json' missing model for variant: 'immortalers_delight:large_column#bites=15,facing=east'
[228月2026 22:28:11.651] [Worker-Main-18/WARN] [net.minecraft.client.resources.model.ModelBakery/]: Exception loading blockstate definition: 'immortalers_delight:blockstates/large_column.json' missing model for variant: 'immortalers_delight:large_column#bites=16,facing=east'
[228月2026 22:28:11.651] [Worker-Main-18/WARN] [net.minecraft.client.resources.model.ModelBakery/]: Exception loading blockstate definition: 'immortalers_delight:blockstates/large_column.json' missing model for variant: 'immortalers_delight:large_column#bites=8,facing=east'
[228月2026 22:28:11.651] [Worker-Main-18/WARN] [net.minecraft.client.resources.model.ModelBakery/]: Exception loading blockstate definition: 'immortalers_delight:blockstates/large_column.json' missing model for variant: 'immortalers_delight:large_column#bites=9,facing=east'
[228月2026 22:28:11.652] [Worker-Main-18/WARN] [net.minecraft.client.resources.model.ModelBakery/]: Exception loading blockstate definition: 'immortalers_delight:blockstates/jeng_nanu.json' missing model for variant: 'immortalers_delight:jeng_nanu#bites=12,facing=north'
[228月2026 22:28:11.652] [Worker-Main-18/WARN] [net.minecraft.client.resources.model.ModelBakery/]: Exception loading blockstate definition: 'immortalers_delight:blockstates/jeng_nanu.json' missing model for variant: 'immortalers_delight:jeng_nanu#bites=12,facing=south'
[228月2026 22:28:11.652] [Worker-Main-18/WARN] [net.minecraft.client.resources.model.ModelBakery/]: Exception loading blockstate definition: 'immortalers_delight:blockstates/jeng_nanu.json' missing model for variant: 'immortalers_delight:jeng_nanu#bites=16,facing=north'
[228月2026 22:28:11.652] [Worker-Main-18/WARN] [net.minecraft.client.resources.model.ModelBakery/]: Exception loading blockstate definition: 'immortalers_delight:blockstates/jeng_nanu.json' missing model for variant: 'immortalers_delight:jeng_nanu#bites=9,facing=west'
[228月2026 22:28:11.652] [Worker-Main-18/WARN] [net.minecraft.client.resources.model.ModelBakery/]: Exception loading blockstate definition: 'immortalers_delight:blockstates/jeng_nanu.json' missing model for variant: 'immortalers_delight:jeng_nanu#bites=14,facing=north'
[228月2026 22:28:11.652] [Worker-Main-18/WARN] [net.minecraft.client.resources.model.ModelBakery/]: Exception loading blockstate definition: 'immortalers_delight:blockstates/jeng_nanu.json' missing model for variant: 'immortalers_delight:jeng_nanu#bites=10,facing=south'
[228月2026 22:28:11.652] [Worker-Main-18/WARN] [net.minecraft.client.resources.model.ModelBakery/]: Exception loading blockstate definition: 'immortalers_delight:blockstates/jeng_nanu.json' missing model for variant: 'immortalers_delight:jeng_nanu#bites=16,facing=east'
[228月2026 22:28:11.652] [Worker-Main-18/WARN] [net.minecraft.client.resources.model.ModelBakery/]: Exception loading blockstate definition: 'immortalers_delight:blockstates/jeng_nanu.json' missing model for variant: 'immortalers_delight:jeng_nanu#bites=14,facing=east'
[228月2026 22:28:11.652] [Worker-Main-18/WARN] [net.minecraft.client.resources.model.ModelBakery/]: Exception loading blockstate definition: 'immortalers_delight:blockstates/jeng_nanu.json' missing model for variant: 'immortalers_delight:jeng_nanu#bites=15,facing=east'
[228月2026 22:28:11.652] [Worker-Main-18/WARN] [net.minecraft.client.resources.model.ModelBakery/]: Exception loading blockstate definition: 'immortalers_delight:blockstates/jeng_nanu.json' missing model for variant: 'immortalers_delight:jeng_nanu#bites=13,facing=east'
[228月2026 22:28:11.652] [Worker-Main-18/WARN] [net.minecraft.client.resources.model.ModelBakery/]: Exception loading blockstate definition: 'immortalers_delight:blockstates/jeng_nanu.json' missing model for variant: 'immortalers_delight:jeng_nanu#bites=14,facing=south'
[228月2026 22:28:11.652] [Worker-Main-18/WARN] [net.minecraft.client.resources.model.ModelBakery/]: Exception loading blockstate definition: 'immortalers_delight:blockstates/jeng_nanu.json' missing model for variant: 'immortalers_delight:jeng_nanu#bites=10,facing=east'
[228月2026 22:28:11.652] [Worker-Main-18/WARN] [net.minecraft.client.resources.model.ModelBakery/]: Exception loading blockstate definition: 'immortalers_delight:blockstates/jeng_nanu.json' missing model for variant: 'immortalers_delight:jeng_nanu#bites=11,facing=east'
[228月2026 22:28:11.652] [Worker-Main-18/WARN] [net.minecraft.client.resources.model.ModelBakery/]: Exception loading blockstate definition: 'immortalers_delight:blockstates/jeng_nanu.json' missing model for variant: 'immortalers_delight:jeng_nanu#bites=16,facing=south'
[228月2026 22:28:11.652] [Worker-Main-18/WARN] [net.minecraft.client.resources.model.ModelBakery/]: Exception loading blockstate definition: 'immortalers_delight:blockstates/jeng_nanu.json' missing model for variant: 'immortalers_delight:jeng_nanu#bites=12,facing=east'
[228月2026 22:28:11.653] [Worker-Main-18/WARN] [net.minecraft.client.resources.model.ModelBakery/]: Exception loading blockstate definition: 'immortalers_delight:blockstates/jeng_nanu.json' missing model for variant: 'immortalers_delight:jeng_nanu#bites=10,facing=north'
[228月2026 22:28:11.653] [Worker-Main-18/WARN] [net.minecraft.client.resources.model.ModelBakery/]: Exception loading blockstate definition: 'immortalers_delight:blockstates/jeng_nanu.json' missing model for variant: 'immortalers_delight:jeng_nanu#bites=9,facing=south'
[228月2026 22:28:11.653] [Worker-Main-18/WARN] [net.minecraft.client.resources.model.ModelBakery/]: Exception loading blockstate definition: 'immortalers_delight:blockstates/jeng_nanu.json' missing model for variant: 'immortalers_delight:jeng_nanu#bites=10,facing=west'
[228月2026 22:28:11.653] [Worker-Main-18/WARN] [net.minecraft.client.resources.model.ModelBakery/]: Exception loading blockstate definition: 'immortalers_delight:blockstates/jeng_nanu.json' missing model for variant: 'immortalers_delight:jeng_nanu#bites=12,facing=west'
[228月2026 22:28:11.653] [Worker-Main-18/WARN] [net.minecraft.client.resources.model.ModelBakery/]: Exception loading blockstate definition: 'immortalers_delight:blockstates/jeng_nanu.json' missing model for variant: 'immortalers_delight:jeng_nanu#bites=13,facing=north'
[228月2026 22:28:11.653] [Worker-Main-18/WARN] [net.minecraft.client.resources.model.ModelBakery/]: Exception loading blockstate definition: 'immortalers_delight:blockstates/jeng_nanu.json' missing model for variant: 'immortalers_delight:jeng_nanu#bites=11,facing=west'
[228月2026 22:28:11.653] [Worker-Main-18/WARN] [net.minecraft.client.resources.model.ModelBakery/]: Exception loading blockstate definition: 'immortalers_delight:blockstates/jeng_nanu.json' missing model for variant: 'immortalers_delight:jeng_nanu#bites=15,facing=north'
[228月2026 22:28:11.653] [Worker-Main-18/WARN] [net.minecraft.client.resources.model.ModelBakery/]: Exception loading blockstate definition: 'immortalers_delight:blockstates/jeng_nanu.json' missing model for variant: 'immortalers_delight:jeng_nanu#bites=15,facing=west'
[228月2026 22:28:11.653] [Worker-Main-18/WARN] [net.minecraft.client.resources.model.ModelBakery/]: Exception loading blockstate definition: 'immortalers_delight:blockstates/jeng_nanu.json' missing model for variant: 'immortalers_delight:jeng_nanu#bites=16,facing=west'
[228月2026 22:28:11.653] [Worker-Main-18/WARN] [net.minecraft.client.resources.model.ModelBakery/]: Exception loading blockstate definition: 'immortalers_delight:blockstates/jeng_nanu.json' missing model for variant: 'immortalers_delight:jeng_nanu#bites=11,facing=south'
[228月2026 22:28:11.653] [Worker-Main-18/WARN] [net.minecraft.client.resources.model.ModelBakery/]: Exception loading blockstate definition: 'immortalers_delight:blockstates/jeng_nanu.json' missing model for variant: 'immortalers_delight:jeng_nanu#bites=9,facing=east'
[228月2026 22:28:11.653] [Worker-Main-18/WARN] [net.minecraft.client.resources.model.ModelBakery/]: Exception loading blockstate definition: 'immortalers_delight:blockstates/jeng_nanu.json' missing model for variant: 'immortalers_delight:jeng_nanu#bites=13,facing=south'
[228月2026 22:28:11.653] [Worker-Main-18/WARN] [net.minecraft.client.resources.model.ModelBakery/]: Exception loading blockstate definition: 'immortalers_delight:blockstates/jeng_nanu.json' missing model for variant: 'immortalers_delight:jeng_nanu#bites=14,facing=west'
[228月2026 22:28:11.653] [Worker-Main-18/WARN] [net.minecraft.client.resources.model.ModelBakery/]: Exception loading blockstate definition: 'immortalers_delight:blockstates/jeng_nanu.json' missing model for variant: 'immortalers_delight:jeng_nanu#bites=11,facing=north'
[228月2026 22:28:11.653] [Worker-Main-18/WARN] [net.minecraft.client.resources.model.ModelBakery/]: Exception loading blockstate definition: 'immortalers_delight:blockstates/jeng_nanu.json' missing model for variant: 'immortalers_delight:jeng_nanu#bites=15,facing=south'
[228月2026 22:28:11.653] [Worker-Main-18/WARN] [net.minecraft.client.resources.model.ModelBakery/]: Exception loading blockstate definition: 'immortalers_delight:blockstates/jeng_nanu.json' missing model for variant: 'immortalers_delight:jeng_nanu#bites=13,facing=west'
[228月2026 22:28:11.654] [Worker-Main-18/WARN] [net.minecraft.client.resources.model.ModelBakery/]: Exception loading blockstate definition: 'immortalers_delight:blockstates/jeng_nanu.json' missing model for variant: 'immortalers_delight:jeng_nanu#bites=9,facing=north'
[228月2026 22:28:11.654] [Worker-Main-18/WARN] [net.minecraft.client.resources.model.ModelBakery/]: Exception loading blockstate definition: 'immortalers_delight:blockstates/evolutcorn_hard_candy.json' missing model for variant: 'immortalers_delight:evolutcorn_hard_candy#bites=13,facing=north'
[228月2026 22:28:11.654] [Worker-Main-18/WARN] [net.minecraft.client.resources.model.ModelBakery/]: Exception loading blockstate definition: 'immortalers_delight:blockstates/evolutcorn_hard_candy.json' missing model for variant: 'immortalers_delight:evolutcorn_hard_candy#bites=15,facing=north'
[228月2026 22:28:11.654] [Worker-Main-18/WARN] [net.minecraft.client.resources.model.ModelBakery/]: Exception loading blockstate definition: 'immortalers_delight:blockstates/evolutcorn_hard_candy.json' missing model for variant: 'immortalers_delight:evolutcorn_hard_candy#bites=15,facing=south'
[228月2026 22:28:11.654] [Worker-Main-18/WARN] [net.minecraft.client.resources.model.ModelBakery/]: Exception loading blockstate definition: 'immortalers_delight:blockstates/evolutcorn_hard_candy.json' missing model for variant: 'immortalers_delight:evolutcorn_hard_candy#bites=11,facing=south'
[228月2026 22:28:11.654] [Worker-Main-18/WARN] [net.minecraft.client.resources.model.ModelBakery/]: Exception loading blockstate definition: 'immortalers_delight:blockstates/evolutcorn_hard_candy.json' missing model for variant: 'immortalers_delight:evolutcorn_hard_candy#bites=11,facing=north'
[228月2026 22:28:11.654] [Worker-Main-18/WARN] [net.minecraft.client.resources.model.ModelBakery/]: Exception loading blockstate definition: 'immortalers_delight:blockstates/evolutcorn_hard_candy.json' missing model for variant: 'immortalers_delight:evolutcorn_hard_candy#bites=12,facing=west'
[228月2026 22:28:11.655] [Worker-Main-18/WARN] [net.minecraft.client.resources.model.ModelBakery/]: Exception loading blockstate definition: 'immortalers_delight:blockstates/evolutcorn_hard_candy.json' missing model for variant: 'immortalers_delight:evolutcorn_hard_candy#bites=11,facing=west'
[228月2026 22:28:11.655] [Worker-Main-18/WARN] [net.minecraft.client.resources.model.ModelBakery/]: Exception loading blockstate definition: 'immortalers_delight:blockstates/evolutcorn_hard_candy.json' missing model for variant: 'immortalers_delight:evolutcorn_hard_candy#bites=9,facing=east'
[228月2026 22:28:11.655] [Worker-Main-18/WARN] [net.minecraft.client.resources.model.ModelBakery/]: Exception loading blockstate definition: 'immortalers_delight:blockstates/evolutcorn_hard_candy.json' missing model for variant: 'immortalers_delight:evolutcorn_hard_candy#bites=10,facing=west'
[228月2026 22:28:11.655] [Worker-Main-18/WARN] [net.minecraft.client.resources.model.ModelBakery/]: Exception loading blockstate definition: 'immortalers_delight:blockstates/evolutcorn_hard_candy.json' missing model for variant: 'immortalers_delight:evolutcorn_hard_candy#bites=9,facing=north'
[228月2026 22:28:11.655] [Worker-Main-18/WARN] [net.minecraft.client.resources.model.ModelBakery/]: Exception loading blockstate definition: 'immortalers_delight:blockstates/evolutcorn_hard_candy.json' missing model for variant: 'immortalers_delight:evolutcorn_hard_candy#bites=16,facing=west'
[228月2026 22:28:11.655] [Worker-Main-18/WARN] [net.minecraft.client.resources.model.ModelBakery/]: Exception loading blockstate definition: 'immortalers_delight:blockstates/evolutcorn_hard_candy.json' missing model for variant: 'immortalers_delight:evolutcorn_hard_candy#bites=15,facing=west'
[228月2026 22:28:11.655] [Worker-Main-18/WARN] [net.minecraft.client.resources.model.ModelBakery/]: Exception loading blockstate definition: 'immortalers_delight:blockstates/evolutcorn_hard_candy.json' missing model for variant: 'immortalers_delight:evolutcorn_hard_candy#bites=9,facing=south'
[228月2026 22:28:11.655] [Worker-Main-18/WARN] [net.minecraft.client.resources.model.ModelBakery/]: Exception loading blockstate definition: 'immortalers_delight:blockstates/evolutcorn_hard_candy.json' missing model for variant: 'immortalers_delight:evolutcorn_hard_candy#bites=13,facing=west'
[228月2026 22:28:11.655] [Worker-Main-18/WARN] [net.minecraft.client.resources.model.ModelBakery/]: Exception loading blockstate definition: 'immortalers_delight:blockstates/evolutcorn_hard_candy.json' missing model for variant: 'immortalers_delight:evolutcorn_hard_candy#bites=14,facing=west'
[228月2026 22:28:11.655] [Worker-Main-18/WARN] [net.minecraft.client.resources.model.ModelBakery/]: Exception loading blockstate definition: 'immortalers_delight:blockstates/evolutcorn_hard_candy.json' missing model for variant: 'immortalers_delight:evolutcorn_hard_candy#bites=13,facing=south'
[228月2026 22:28:11.655] [Worker-Main-18/WARN] [net.minecraft.client.resources.model.ModelBakery/]: Exception loading blockstate definition: 'immortalers_delight:blockstates/evolutcorn_hard_candy.json' missing model for variant: 'immortalers_delight:evolutcorn_hard_candy#bites=12,facing=south'
[228月2026 22:28:11.655] [Worker-Main-18/WARN] [net.minecraft.client.resources.model.ModelBakery/]: Exception loading blockstate definition: 'immortalers_delight:blockstates/evolutcorn_hard_candy.json' missing model for variant: 'immortalers_delight:evolutcorn_hard_candy#bites=14,facing=north'
[228月2026 22:28:11.655] [Worker-Main-18/WARN] [net.minecraft.client.resources.model.ModelBakery/]: Exception loading blockstate definition: 'immortalers_delight:blockstates/evolutcorn_hard_candy.json' missing model for variant: 'immortalers_delight:evolutcorn_hard_candy#bites=12,facing=north'
[228月2026 22:28:11.655] [Worker-Main-18/WARN] [net.minecraft.client.resources.model.ModelBakery/]: Exception loading blockstate definition: 'immortalers_delight:blockstates/evolutcorn_hard_candy.json' missing model for variant: 'immortalers_delight:evolutcorn_hard_candy#bites=14,facing=south'
[228月2026 22:28:11.655] [Worker-Main-18/WARN] [net.minecraft.client.resources.model.ModelBakery/]: Exception loading blockstate definition: 'immortalers_delight:blockstates/evolutcorn_hard_candy.json' missing model for variant: 'immortalers_delight:evolutcorn_hard_candy#bites=10,facing=north'
[228月2026 22:28:11.655] [Worker-Main-18/WARN] [net.minecraft.client.resources.model.ModelBakery/]: Exception loading blockstate definition: 'immortalers_delight:blockstates/evolutcorn_hard_candy.json' missing model for variant: 'immortalers_delight:evolutcorn_hard_candy#bites=10,facing=south'
[228月2026 22:28:11.655] [Worker-Main-18/WARN] [net.minecraft.client.resources.model.ModelBakery/]: Exception loading blockstate definition: 'immortalers_delight:blockstates/evolutcorn_hard_candy.json' missing model for variant: 'immortalers_delight:evolutcorn_hard_candy#bites=16,facing=south'
[228月2026 22:28:11.655] [Worker-Main-18/WARN] [net.minecraft.client.resources.model.ModelBakery/]: Exception loading blockstate definition: 'immortalers_delight:blockstates/evolutcorn_hard_candy.json' missing model for variant: 'immortalers_delight:evolutcorn_hard_candy#bites=16,facing=north'
[228月2026 22:28:11.655] [Worker-Main-18/WARN] [net.minecraft.client.resources.model.ModelBakery/]: Exception loading blockstate definition: 'immortalers_delight:blockstates/evolutcorn_hard_candy.json' missing model for variant: 'immortalers_delight:evolutcorn_hard_candy#bites=15,facing=east'
[228月2026 22:28:11.655] [Worker-Main-18/WARN] [net.minecraft.client.resources.model.ModelBakery/]: Exception loading blockstate definition: 'immortalers_delight:blockstates/evolutcorn_hard_candy.json' missing model for variant: 'immortalers_delight:evolutcorn_hard_candy#bites=16,facing=east'
[228月2026 22:28:11.655] [Worker-Main-18/WARN] [net.minecraft.client.resources.model.ModelBakery/]: Exception loading blockstate definition: 'immortalers_delight:blockstates/evolutcorn_hard_candy.json' missing model for variant: 'immortalers_delight:evolutcorn_hard_candy#bites=9,facing=west'
[228月2026 22:28:11.656] [Worker-Main-18/WARN] [net.minecraft.client.resources.model.ModelBakery/]: Exception loading blockstate definition: 'immortalers_delight:blockstates/evolutcorn_hard_candy.json' missing model for variant: 'immortalers_delight:evolutcorn_hard_candy#bites=11,facing=east'
[228月2026 22:28:11.656] [Worker-Main-18/WARN] [net.minecraft.client.resources.model.ModelBakery/]: Exception loading blockstate definition: 'immortalers_delight:blockstates/evolutcorn_hard_candy.json' missing model for variant: 'immortalers_delight:evolutcorn_hard_candy#bites=10,facing=east'
[228月2026 22:28:11.656] [Worker-Main-18/WARN] [net.minecraft.client.resources.model.ModelBakery/]: Exception loading blockstate definition: 'immortalers_delight:blockstates/evolutcorn_hard_candy.json' missing model for variant: 'immortalers_delight:evolutcorn_hard_candy#bites=12,facing=east'
[228月2026 22:28:11.656] [Worker-Main-18/WARN] [net.minecraft.client.resources.model.ModelBakery/]: Exception loading blockstate definition: 'immortalers_delight:blockstates/evolutcorn_hard_candy.json' missing model for variant: 'immortalers_delight:evolutcorn_hard_candy#bites=14,facing=east'
[228月2026 22:28:11.656] [Worker-Main-18/WARN] [net.minecraft.client.resources.model.ModelBakery/]: Exception loading blockstate definition: 'immortalers_delight:blockstates/evolutcorn_hard_candy.json' missing model for variant: 'immortalers_delight:evolutcorn_hard_candy#bites=13,facing=east'
[228月2026 22:28:11.659] [Worker-Main-18/WARN] [net.minecraft.client.resources.model.ModelBakery/]: Exception loading blockstate definition: 'immortalers_delight:blockstates/himekaido_jelly.json' missing model for variant: 'immortalers_delight:himekaido_jelly#facing=south,pile=4'
[228月2026 22:28:11.661] [Worker-Main-18/WARN] [net.minecraft.client.resources.model.ModelBakery/]: Exception loading blockstate definition: 'immortalers_delight:blockstates/himekaido_jelly.json' missing model for variant: 'immortalers_delight:himekaido_jelly#facing=north,pile=4'
[228月2026 22:28:11.661] [Worker-Main-18/WARN] [net.minecraft.client.resources.model.ModelBakery/]: Exception loading blockstate definition: 'immortalers_delight:blockstates/himekaido_jelly.json' missing model for variant: 'immortalers_delight:himekaido_jelly#facing=west,pile=4'
[228月2026 22:28:11.661] [Worker-Main-18/WARN] [net.minecraft.client.resources.model.ModelBakery/]: Exception loading blockstate definition: 'immortalers_delight:blockstates/himekaido_jelly.json' missing model for variant: 'immortalers_delight:himekaido_jelly#facing=east,pile=4'
[228月2026 22:28:11.661] [Worker-Main-18/WARN] [net.minecraft.client.resources.model.ModelBakery/]: Exception loading blockstate definition: 'immortalers_delight:blockstates/pickled_sextlotus_root.json' missing model for variant: 'immortalers_delight:pickled_sextlotus_root#facing=east,pile=3'
[228月2026 22:28:11.662] [Worker-Main-18/WARN] [net.minecraft.client.resources.model.ModelBakery/]: Exception loading blockstate definition: 'immortalers_delight:blockstates/pickled_sextlotus_root.json' missing model for variant: 'immortalers_delight:pickled_sextlotus_root#facing=east,pile=4'
[228月2026 22:28:11.662] [Worker-Main-18/WARN] [net.minecraft.client.resources.model.ModelBakery/]: Exception loading blockstate definition: 'immortalers_delight:blockstates/pickled_sextlotus_root.json' missing model for variant: 'immortalers_delight:pickled_sextlotus_root#facing=east,pile=2'
[228月2026 22:28:11.662] [Worker-Main-18/WARN] [net.minecraft.client.resources.model.ModelBakery/]: Exception loading blockstate definition: 'immortalers_delight:blockstates/pickled_sextlotus_root.json' missing model for variant: 'immortalers_delight:pickled_sextlotus_root#facing=north,pile=2'
[228月2026 22:28:11.662] [Worker-Main-18/WARN] [net.minecraft.client.resources.model.ModelBakery/]: Exception loading blockstate definition: 'immortalers_delight:blockstates/pickled_sextlotus_root.json' missing model for variant: 'immortalers_delight:pickled_sextlotus_root#facing=west,pile=4'
[228月2026 22:28:11.662] [Worker-Main-18/WARN] [net.minecraft.client.resources.model.ModelBakery/]: Exception loading blockstate definition: 'immortalers_delight:blockstates/pickled_sextlotus_root.json' missing model for variant: 'immortalers_delight:pickled_sextlotus_root#facing=west,pile=3'
[228月2026 22:28:11.662] [Worker-Main-18/WARN] [net.minecraft.client.resources.model.ModelBakery/]: Exception loading blockstate definition: 'immortalers_delight:blockstates/pickled_sextlotus_root.json' missing model for variant: 'immortalers_delight:pickled_sextlotus_root#facing=north,pile=4'
[228月2026 22:28:11.662] [Worker-Main-18/WARN] [net.minecraft.client.resources.model.ModelBakery/]: Exception loading blockstate definition: 'immortalers_delight:blockstates/pickled_sextlotus_root.json' missing model for variant: 'immortalers_delight:pickled_sextlotus_root#facing=west,pile=2'
[228月2026 22:28:11.662] [Worker-Main-18/WARN] [net.minecraft.client.resources.model.ModelBakery/]: Exception loading blockstate definition: 'immortalers_delight:blockstates/pickled_sextlotus_root.json' missing model for variant: 'immortalers_delight:pickled_sextlotus_root#facing=north,pile=3'
[228月2026 22:28:11.662] [Worker-Main-18/WARN] [net.minecraft.client.resources.model.ModelBakery/]: Exception loading blockstate definition: 'immortalers_delight:blockstates/pickled_sextlotus_root.json' missing model for variant: 'immortalers_delight:pickled_sextlotus_root#facing=south,pile=2'
[228月2026 22:28:11.662] [Worker-Main-18/WARN] [net.minecraft.client.resources.model.ModelBakery/]: Exception loading blockstate definition: 'immortalers_delight:blockstates/pickled_sextlotus_root.json' missing model for variant: 'immortalers_delight:pickled_sextlotus_root#facing=south,pile=4'
[228月2026 22:28:11.662] [Worker-Main-18/WARN] [net.minecraft.client.resources.model.ModelBakery/]: Exception loading blockstate definition: 'immortalers_delight:blockstates/pickled_sextlotus_root.json' missing model for variant: 'immortalers_delight:pickled_sextlotus_root#facing=south,pile=3'
[228月2026 22:28:11.662] [Worker-Main-18/WARN] [net.minecraft.client.resources.model.ModelBakery/]: Exception loading blockstate definition: 'immortalers_delight:blockstates/morning_fizz.json' missing model for variant: 'immortalers_delight:morning_fizz#facing=south,pile=4'
[228月2026 22:28:11.662] [Worker-Main-18/WARN] [net.minecraft.client.resources.model.ModelBakery/]: Exception loading blockstate definition: 'immortalers_delight:blockstates/morning_fizz.json' missing model for variant: 'immortalers_delight:morning_fizz#facing=west,pile=4'
[228月2026 22:28:11.662] [Worker-Main-18/WARN] [net.minecraft.client.resources.model.ModelBakery/]: Exception loading blockstate definition: 'immortalers_delight:blockstates/morning_fizz.json' missing model for variant: 'immortalers_delight:morning_fizz#facing=north,pile=4'
[228月2026 22:28:11.662] [Worker-Main-18/WARN] [net.minecraft.client.resources.model.ModelBakery/]: Exception loading blockstate definition: 'immortalers_delight:blockstates/morning_fizz.json' missing model for variant: 'immortalers_delight:morning_fizz#facing=east,pile=4'
[228月2026 22:28:11.662] [Worker-Main-18/WARN] [net.minecraft.client.resources.model.ModelBakery/]: Exception loading blockstate definition: 'immortalers_delight:blockstates/glistering_fizz.json' missing model for variant: 'immortalers_delight:glistering_fizz#facing=south,pile=4'
[228月2026 22:28:11.662] [Worker-Main-18/WARN] [net.minecraft.client.resources.model.ModelBakery/]: Exception loading blockstate definition: 'immortalers_delight:blockstates/glistering_fizz.json' missing model for variant: 'immortalers_delight:glistering_fizz#facing=east,pile=4'
[228月2026 22:28:11.662] [Worker-Main-18/WARN] [net.minecraft.client.resources.model.ModelBakery/]: Exception loading blockstate definition: 'immortalers_delight:blockstates/glistering_fizz.json' missing model for variant: 'immortalers_delight:glistering_fizz#facing=north,pile=4'
[228月2026 22:28:11.662] [Worker-Main-18/WARN] [net.minecraft.client.resources.model.ModelBakery/]: Exception loading blockstate definition: 'immortalers_delight:blockstates/glistering_fizz.json' missing model for variant: 'immortalers_delight:glistering_fizz#facing=west,pile=4'
[228月2026 22:28:11.663] [Worker-Main-18/WARN] [net.minecraft.client.resources.model.ModelBakery/]: Exception loading blockstate definition: 'immortalers_delight:blockstates/green_tea_fizz.json' missing model for variant: 'immortalers_delight:green_tea_fizz#facing=west,pile=4'
[228月2026 22:28:11.663] [Worker-Main-18/WARN] [net.minecraft.client.resources.model.ModelBakery/]: Exception loading blockstate definition: 'immortalers_delight:blockstates/green_tea_fizz.json' missing model for variant: 'immortalers_delight:green_tea_fizz#facing=north,pile=4'
[228月2026 22:28:11.663] [Worker-Main-18/WARN] [net.minecraft.client.resources.model.ModelBakery/]: Exception loading blockstate definition: 'immortalers_delight:blockstates/green_tea_fizz.json' missing model for variant: 'immortalers_delight:green_tea_fizz#facing=east,pile=4'
[228月2026 22:28:11.663] [Worker-Main-18/WARN] [net.minecraft.client.resources.model.ModelBakery/]: Exception loading blockstate definition: 'immortalers_delight:blockstates/green_tea_fizz.json' missing model for variant: 'immortalers_delight:green_tea_fizz#facing=south,pile=4'
[228月2026 22:28:11.663] [Worker-Main-18/WARN] [net.minecraft.client.resources.model.ModelBakery/]: Exception loading blockstate definition: 'immortalers_delight:blockstates/sextlotus_fizz.json' missing model for variant: 'immortalers_delight:sextlotus_fizz#facing=east,pile=4'
[228月2026 22:28:11.663] [Worker-Main-18/WARN] [net.minecraft.client.resources.model.ModelBakery/]: Exception loading blockstate definition: 'immortalers_delight:blockstates/sextlotus_fizz.json' missing model for variant: 'immortalers_delight:sextlotus_fizz#facing=south,pile=4'
[228月2026 22:28:11.663] [Worker-Main-18/WARN] [net.minecraft.client.resources.model.ModelBakery/]: Exception loading blockstate definition: 'immortalers_delight:blockstates/sextlotus_fizz.json' missing model for variant: 'immortalers_delight:sextlotus_fizz#facing=north,pile=4'
[228月2026 22:28:11.663] [Worker-Main-18/WARN] [net.minecraft.client.resources.model.ModelBakery/]: Exception loading blockstate definition: 'immortalers_delight:blockstates/sextlotus_fizz.json' missing model for variant: 'immortalers_delight:sextlotus_fizz#facing=west,pile=4'
[228月2026 22:28:11.663] [Worker-Main-18/WARN] [net.minecraft.client.resources.model.ModelBakery/]: Exception loading blockstate definition: 'immortalers_delight:blockstates/rainbow_fizz.json' missing model for variant: 'immortalers_delight:rainbow_fizz#facing=east,pile=4'
[228月2026 22:28:11.663] [Worker-Main-18/WARN] [net.minecraft.client.resources.model.ModelBakery/]: Exception loading blockstate definition: 'immortalers_delight:blockstates/rainbow_fizz.json' missing model for variant: 'immortalers_delight:rainbow_fizz#facing=south,pile=4'
[228月2026 22:28:11.663] [Worker-Main-18/WARN] [net.minecraft.client.resources.model.ModelBakery/]: Exception loading blockstate definition: 'immortalers_delight:blockstates/rainbow_fizz.json' missing model for variant: 'immortalers_delight:rainbow_fizz#facing=north,pile=4'
[228月2026 22:28:11.663] [Worker-Main-18/WARN] [net.minecraft.client.resources.model.ModelBakery/]: Exception loading blockstate definition: 'immortalers_delight:blockstates/rainbow_fizz.json' missing model for variant: 'immortalers_delight:rainbow_fizz#facing=west,pile=4'
[228月2026 22:28:11.663] [Worker-Main-18/WARN] [net.minecraft.client.resources.model.ModelBakery/]: Exception loading blockstate definition: 'immortalers_delight:blockstates/hot_spring_block.json' missing model for variant: 'immortalers_delight:hot_spring_block#level=13'
[228月2026 22:28:11.663] [Worker-Main-18/WARN] [net.minecraft.client.resources.model.ModelBakery/]: Exception loading blockstate definition: 'immortalers_delight:blockstates/hot_spring_block.json' missing model for variant: 'immortalers_delight:hot_spring_block#level=12'
[228月2026 22:28:11.664] [Worker-Main-18/WARN] [net.minecraft.client.resources.model.ModelBakery/]: Exception loading blockstate definition: 'immortalers_delight:blockstates/hot_spring_block.json' missing model for variant: 'immortalers_delight:hot_spring_block#level=11'
[228月2026 22:28:11.664] [Worker-Main-18/WARN] [net.minecraft.client.resources.model.ModelBakery/]: Exception loading blockstate definition: 'immortalers_delight:blockstates/hot_spring_block.json' missing model for variant: 'immortalers_delight:hot_spring_block#level=10'
[228月2026 22:28:11.664] [Worker-Main-18/WARN] [net.minecraft.client.resources.model.ModelBakery/]: Exception loading blockstate definition: 'immortalers_delight:blockstates/hot_spring_block.json' missing model for variant: 'immortalers_delight:hot_spring_block#level=15'
[228月2026 22:28:11.664] [Worker-Main-18/WARN] [net.minecraft.client.resources.model.ModelBakery/]: Exception loading blockstate definition: 'immortalers_delight:blockstates/hot_spring_block.json' missing model for variant: 'immortalers_delight:hot_spring_block#level=14'
[228月2026 22:28:11.664] [Worker-Main-18/WARN] [net.minecraft.client.resources.model.ModelBakery/]: Exception loading blockstate definition: 'immortalers_delight:blockstates/hot_spring_block.json' missing model for variant: 'immortalers_delight:hot_spring_block#level=8'
[228月2026 22:28:11.664] [Worker-Main-18/WARN] [net.minecraft.client.resources.model.ModelBakery/]: Exception loading blockstate definition: 'immortalers_delight:blockstates/hot_spring_block.json' missing model for variant: 'immortalers_delight:hot_spring_block#level=7'
[228月2026 22:28:11.664] [Worker-Main-18/WARN] [net.minecraft.client.resources.model.ModelBakery/]: Exception loading blockstate definition: 'immortalers_delight:blockstates/hot_spring_block.json' missing model for variant: 'immortalers_delight:hot_spring_block#level=6'
[228月2026 22:28:11.664] [Worker-Main-18/WARN] [net.minecraft.client.resources.model.ModelBakery/]: Exception loading blockstate definition: 'immortalers_delight:blockstates/hot_spring_block.json' missing model for variant: 'immortalers_delight:hot_spring_block#level=5'
[228月2026 22:28:11.664] [Worker-Main-18/WARN] [net.minecraft.client.resources.model.ModelBakery/]: Exception loading blockstate definition: 'immortalers_delight:blockstates/hot_spring_block.json' missing model for variant: 'immortalers_delight:hot_spring_block#level=9'
[228月2026 22:28:11.664] [Worker-Main-18/WARN] [net.minecraft.client.resources.model.ModelBakery/]: Exception loading blockstate definition: 'immortalers_delight:blockstates/hot_spring_block.json' missing model for variant: 'immortalers_delight:hot_spring_block#level=0'
[228月2026 22:28:11.664] [Worker-Main-18/WARN] [net.minecraft.client.resources.model.ModelBakery/]: Exception loading blockstate definition: 'immortalers_delight:blockstates/hot_spring_block.json' missing model for variant: 'immortalers_delight:hot_spring_block#level=4'
[228月2026 22:28:11.664] [Worker-Main-18/WARN] [net.minecraft.client.resources.model.ModelBakery/]: Exception loading blockstate definition: 'immortalers_delight:blockstates/hot_spring_block.json' missing model for variant: 'immortalers_delight:hot_spring_block#level=3'
[228月2026 22:28:11.664] [Worker-Main-18/WARN] [net.minecraft.client.resources.model.ModelBakery/]: Exception loading blockstate definition: 'immortalers_delight:blockstates/hot_spring_block.json' missing model for variant: 'immortalers_delight:hot_spring_block#level=2'
[228月2026 22:28:11.664] [Worker-Main-18/WARN] [net.minecraft.client.resources.model.ModelBakery/]: Exception loading blockstate definition: 'immortalers_delight:blockstates/hot_spring_block.json' missing model for variant: 'immortalers_delight:hot_spring_block#level=1'
[228月2026 22:28:11.664] [Worker-Main-18/WARN] [net.minecraft.client.resources.model.ModelBakery/]: Exception loading blockstate definition: 'immortalers_delight:blockstates/moonlight_light_source.json' missing model for variant: 'immortalers_delight:moonlight_light_source#'
[228月2026 22:28:11.835] [Worker-Main-18/WARN] [net.minecraft.client.resources.model.ModelBakery/]: Exception loading blockstate definition: 'ars_nouveau:blockstates/magelight_torch.json' missing model for variant: 'ars_nouveau:magelight_torch#facing=east,floor=true,level=1,roof=true'
[228月2026 22:28:11.836] [Worker-Main-18/WARN] [net.minecraft.client.resources.model.ModelBakery/]: Exception loading blockstate definition: 'ars_nouveau:blockstates/magelight_torch.json' missing model for variant: 'ars_nouveau:magelight_torch#facing=east,floor=true,level=0,roof=true'
[228月2026 22:28:11.836] [Worker-Main-18/WARN] [net.minecraft.client.resources.model.ModelBakery/]: Exception loading blockstate definition: 'ars_nouveau:blockstates/magelight_torch.json' missing model for variant: 'ars_nouveau:magelight_torch#facing=east,floor=true,level=3,roof=true'
[228月2026 22:28:11.836] [Worker-Main-18/WARN] [net.minecraft.client.resources.model.ModelBakery/]: Exception loading blockstate definition: 'ars_nouveau:blockstates/magelight_torch.json' missing model for variant: 'ars_nouveau:magelight_torch#facing=north,floor=true,level=10,roof=true'
[228月2026 22:28:11.836] [Worker-Main-18/WARN] [net.minecraft.client.resources.model.ModelBakery/]: Exception loading blockstate definition: 'ars_nouveau:blockstates/magelight_torch.json' missing model for variant: 'ars_nouveau:magelight_torch#facing=north,floor=true,level=11,roof=true'
[228月2026 22:28:11.836] [Worker-Main-18/WARN] [net.minecraft.client.resources.model.ModelBakery/]: Exception loading blockstate definition: 'ars_nouveau:blockstates/magelight_torch.json' missing model for variant: 'ars_nouveau:magelight_torch#facing=north,floor=true,level=9,roof=true'
[228月2026 22:28:11.837] [Worker-Main-18/WARN] [net.minecraft.client.resources.model.ModelBakery/]: Exception loading blockstate definition: 'ars_nouveau:blockstates/magelight_torch.json' missing model for variant: 'ars_nouveau:magelight_torch#facing=east,floor=true,level=2,roof=true'
[228月2026 22:28:11.837] [Worker-Main-18/WARN] [net.minecraft.client.resources.model.ModelBakery/]: Exception loading blockstate definition: 'ars_nouveau:blockstates/magelight_torch.json' missing model for variant: 'ars_nouveau:magelight_torch#facing=east,floor=true,level=7,roof=true'
[228月2026 22:28:11.837] [Worker-Main-18/WARN] [net.minecraft.client.resources.model.ModelBakery/]: Exception loading blockstate definition: 'ars_nouveau:blockstates/magelight_torch.json' missing model for variant: 'ars_nouveau:magelight_torch#facing=north,floor=true,level=4,roof=true'
[228月2026 22:28:11.837] [Worker-Main-18/WARN] [net.minecraft.client.resources.model.ModelBakery/]: Exception loading blockstate definition: 'ars_nouveau:blockstates/magelight_torch.json' missing model for variant: 'ars_nouveau:magelight_torch#facing=east,floor=true,level=8,roof=true'
[228月2026 22:28:11.837] [Worker-Main-18/WARN] [net.minecraft.client.resources.model.ModelBakery/]: Exception loading blockstate definition: 'ars_nouveau:blockstates/magelight_torch.json' missing model for variant: 'ars_nouveau:magelight_torch#facing=north,floor=true,level=14,roof=true'
[228月2026 22:28:11.837] [Worker-Main-18/WARN] [net.minecraft.client.resources.model.ModelBakery/]: Exception loading blockstate definition: 'ars_nouveau:blockstates/magelight_torch.json' missing model for variant: 'ars_nouveau:magelight_torch#facing=east,floor=true,level=12,roof=true'
[228月2026 22:28:11.837] [Worker-Main-18/WARN] [net.minecraft.client.resources.model.ModelBakery/]: Exception loading blockstate definition: 'ars_nouveau:blockstates/magelight_torch.json' missing model for variant: 'ars_nouveau:magelight_torch#facing=east,floor=true,level=13,roof=true'
[228月2026 22:28:11.837] [Worker-Main-18/WARN] [net.minecraft.client.resources.model.ModelBakery/]: Exception loading blockstate definition: 'ars_nouveau:blockstates/magelight_torch.json' missing model for variant: 'ars_nouveau:magelight_torch#facing=north,floor=true,level=13,roof=true'
[228月2026 22:28:11.837] [Worker-Main-18/WARN] [net.minecraft.client.resources.model.ModelBakery/]: Exception loading blockstate definition: 'ars_nouveau:blockstates/magelight_torch.json' missing model for variant: 'ars_nouveau:magelight_torch#facing=north,floor=true,level=3,roof=true'
[228月2026 22:28:11.837] [Worker-Main-18/WARN] [net.minecraft.client.resources.model.ModelBakery/]: Exception loading blockstate definition: 'ars_nouveau:blockstates/magelight_torch.json' missing model for variant: 'ars_nouveau:magelight_torch#facing=east,floor=true,level=14,roof=true'
[228月2026 22:28:11.837] [Worker-Main-18/WARN] [net.minecraft.client.resources.model.ModelBakery/]: Exception loading blockstate definition: 'ars_nouveau:blockstates/magelight_torch.json' missing model for variant: 'ars_nouveau:magelight_torch#facing=east,floor=true,level=11,roof=true'
[228月2026 22:28:11.837] [Worker-Main-18/WARN] [net.minecraft.client.resources.model.ModelBakery/]: Exception loading blockstate definition: 'ars_nouveau:blockstates/magelight_torch.json' missing model for variant: 'ars_nouveau:magelight_torch#facing=north,floor=true,level=2,roof=true'
[228月2026 22:28:11.838] [Worker-Main-18/WARN] [net.minecraft.client.resources.model.ModelBakery/]: Exception loading blockstate definition: 'ars_nouveau:blockstates/magelight_torch.json' missing model for variant: 'ars_nouveau:magelight_torch#facing=north,floor=true,level=5,roof=true'
[228月2026 22:28:11.838] [Worker-Main-18/WARN] [net.minecraft.client.resources.model.ModelBakery/]: Exception loading blockstate definition: 'ars_nouveau:blockstates/magelight_torch.json' missing model for variant: 'ars_nouveau:magelight_torch#facing=east,floor=true,level=15,roof=true'
[228月2026 22:28:11.838] [Worker-Main-18/WARN] [net.minecraft.client.resources.model.ModelBakery/]: Exception loading blockstate definition: 'ars_nouveau:blockstates/magelight_torch.json' missing model for variant: 'ars_nouveau:magelight_torch#facing=east,floor=true,level=9,roof=true'
[228月2026 22:28:11.838] [Worker-Main-18/WARN] [net.minecraft.client.resources.model.ModelBakery/]: Exception loading blockstate definition: 'ars_nouveau:blockstates/magelight_torch.json' missing model for variant: 'ars_nouveau:magelight_torch#facing=north,floor=true,level=15,roof=true'
[228月2026 22:28:11.838] [Worker-Main-18/WARN] [net.minecraft.client.resources.model.ModelBakery/]: Exception loading blockstate definition: 'ars_nouveau:blockstates/magelight_torch.json' missing model for variant: 'ars_nouveau:magelight_torch#facing=east,floor=true,level=6,roof=true'
[228月2026 22:28:11.838] [Worker-Main-18/WARN] [net.minecraft.client.resources.model.ModelBakery/]: Exception loading blockstate definition: 'ars_nouveau:blockstates/magelight_torch.json' missing model for variant: 'ars_nouveau:magelight_torch#facing=north,floor=true,level=12,roof=true'
[228月2026 22:28:11.839] [Worker-Main-18/WARN] [net.minecraft.client.resources.model.ModelBakery/]: Exception loading blockstate definition: 'ars_nouveau:blockstates/magelight_torch.json' missing model for variant: 'ars_nouveau:magelight_torch#facing=north,floor=true,level=8,roof=true'
[228月2026 22:28:11.839] [Worker-Main-18/WARN] [net.minecraft.client.resources.model.ModelBakery/]: Exception loading blockstate definition: 'ars_nouveau:blockstates/magelight_torch.json' missing model for variant: 'ars_nouveau:magelight_torch#facing=north,floor=true,level=0,roof=true'
[228月2026 22:28:11.839] [Worker-Main-18/WARN] [net.minecraft.client.resources.model.ModelBakery/]: Exception loading blockstate definition: 'ars_nouveau:blockstates/magelight_torch.json' missing model for variant: 'ars_nouveau:magelight_torch#facing=north,floor=true,level=7,roof=true'
[228月2026 22:28:11.839] [Worker-Main-18/WARN] [net.minecraft.client.resources.model.ModelBakery/]: Exception loading blockstate definition: 'ars_nouveau:blockstates/magelight_torch.json' missing model for variant: 'ars_nouveau:magelight_torch#facing=east,floor=true,level=4,roof=true'
[228月2026 22:28:11.839] [Worker-Main-18/WARN] [net.minecraft.client.resources.model.ModelBakery/]: Exception loading blockstate definition: 'ars_nouveau:blockstates/magelight_torch.json' missing model for variant: 'ars_nouveau:magelight_torch#facing=east,floor=true,level=5,roof=true'
[228月2026 22:28:11.839] [Worker-Main-18/WARN] [net.minecraft.client.resources.model.ModelBakery/]: Exception loading blockstate definition: 'ars_nouveau:blockstates/magelight_torch.json' missing model for variant: 'ars_nouveau:magelight_torch#facing=north,floor=true,level=6,roof=true'
[228月2026 22:28:11.839] [Worker-Main-18/WARN] [net.minecraft.client.resources.model.ModelBakery/]: Exception loading blockstate definition: 'ars_nouveau:blockstates/magelight_torch.json' missing model for variant: 'ars_nouveau:magelight_torch#facing=east,floor=true,level=10,roof=true'
[228月2026 22:28:11.839] [Worker-Main-18/WARN] [net.minecraft.client.resources.model.ModelBakery/]: Exception loading blockstate definition: 'ars_nouveau:blockstates/magelight_torch.json' missing model for variant: 'ars_nouveau:magelight_torch#facing=north,floor=true,level=1,roof=true'
[228月2026 22:28:13.253] [Worker-Main-18/WARN] [net.minecraft.client.resources.model.ModelBakery/]: Unable to load model: 'immortalers_delight:skelverfish_ambusher_spawn_egg#inventory' referenced from: immortalers_delight:skelverfish_ambusher_spawn_egg#inventory: java.io.FileNotFoundException: immortalers_delight:models/item/skelverfish_ambusher_spawn_egg.json
[228月2026 22:28:13.254] [Worker-Main-18/WARN] [net.minecraft.client.resources.model.ModelBakery/]: Unable to load model: 'immortalers_delight:skelverfish_bomber_spawn_egg#inventory' referenced from: immortalers_delight:skelverfish_bomber_spawn_egg#inventory: java.io.FileNotFoundException: immortalers_delight:models/item/skelverfish_bomber_spawn_egg.json
[228月2026 22:28:13.254] [Worker-Main-18/WARN] [net.minecraft.client.resources.model.ModelBakery/]: Unable to load model: 'immortalers_delight:skelverfish_thrasher_spawn_egg#inventory' referenced from: immortalers_delight:skelverfish_thrasher_spawn_egg#inventory: java.io.FileNotFoundException: immortalers_delight:models/item/skelverfish_thrasher_spawn_egg.json
[228月2026 22:28:13.254] [Worker-Main-18/WARN] [net.minecraft.client.resources.model.ModelBakery/]: Unable to load model: 'immortalers_delight:strange_armour_stand_spawn_egg#inventory' referenced from: immortalers_delight:strange_armour_stand_spawn_egg#inventory: java.io.FileNotFoundException: immortalers_delight:models/item/strange_armour_stand_spawn_egg.json
[228月2026 22:28:15.981] [Worker-Main-18/WARN] [net.minecraft.client.resources.model.ModelManager/]: Missing textures in model apotheosis:ancient_material#inventory:
    minecraft:textures/atlas/blocks.png:apotheosis:items/ancient_material
[228月2026 22:28:15.981] [Worker-Main-18/WARN] [net.minecraft.client.resources.model.ModelManager/]: Missing textures in model aether_redux:purple_glacia_leaves#distance=7,double_drops=true,persistent=false,snowy=true,waterlogged=false:
    minecraft:textures/atlas/blocks.png:minecraft:blocks/snow
[228月2026 22:28:15.981] [Worker-Main-18/WARN] [net.minecraft.client.resources.model.ModelManager/]: Missing textures in model immortalers_delight:chicken_crate#:
    minecraft:textures/atlas/blocks.png:immortalers_delight:block/empty_crate_bottom
[228月2026 22:28:15.981] [Worker-Main-18/WARN] [net.minecraft.client.resources.model.ModelManager/]: Missing textures in model aether_redux:glacia_leaves#distance=5,double_drops=false,persistent=true,snowy=true,waterlogged=true:
    minecraft:textures/atlas/blocks.png:minecraft:blocks/snow
[228月2026 22:28:15.981] [Worker-Main-18/WARN] [net.minecraft.client.resources.model.ModelManager/]: Missing textures in model immortalers_delight:cooked_beef_crate#:
    minecraft:textures/atlas/blocks.png:immortalers_delight:block/empty_crate_bottom
[228月2026 22:28:15.981] [Worker-Main-18/WARN] [net.minecraft.client.resources.model.ModelManager/]: Missing textures in model ars_nouveau:redstone_relay#facing=east,power=10:
    minecraft:textures/atlas/blocks.png:ars_nouveau:blocks/agronomic_sourcelink
[228月2026 22:28:15.981] [Worker-Main-18/WARN] [net.minecraft.client.resources.model.ModelManager/]: Missing textures in model immortalers_delight:beef_crate#:
    minecraft:textures/atlas/blocks.png:immortalers_delight:block/empty_crate_bottom
[228月2026 22:28:15.981] [Worker-Main-18/WARN] [net.minecraft.client.resources.model.ModelManager/]: Missing textures in model immortalers_delight:spider_eye_crate#:
    minecraft:textures/atlas/blocks.png:immortalers_delight:block/empty_crate_bottom
[228月2026 22:28:15.981] [Worker-Main-18/WARN] [net.minecraft.client.resources.model.ModelManager/]: Missing textures in model aether_redux:spear_of_the_blight#inventory:
    minecraft:textures/atlas/blocks.png:aether_redux:item/weapon/spear_of_the_blight
[228月2026 22:28:16.268] [Worker-Main-5/INFO] [Jade/]: Start loading plugin at snownee.jade.addon.vanilla.VanillaPlugin
[228月2026 22:28:16.302] [Worker-Main-5/INFO] [Jade/]: Start loading plugin at snownee.jade.addon.universal.UniversalPlugin
[228月2026 22:28:16.305] [Worker-Main-5/INFO] [Jade/]: Start loading plugin at snownee.jade.addon.core.CorePlugin
[228月2026 22:28:16.313] [Worker-Main-5/INFO] [Jade/]: Start loading plugin at com.aetherteam.aether.integration.jade.AetherJadePlugin
[228月2026 22:28:16.313] [Worker-Main-5/INFO] [Jade/]: Start loading plugin at com.renyigesai.immortalers_delight.integration.jade.JadePlugin
[228月2026 22:28:16.314] [Worker-Main-5/INFO] [Jade/]: Start loading plugin at dev.shadowsoffire.apotheosis.spawn.compat.SpawnerHwylaPlugin
[228月2026 22:28:16.315] [Worker-Main-5/INFO] [Jade/]: Start loading plugin at dev.shadowsoffire.apotheosis.ench.compat.EnchHwylaPlugin
[228月2026 22:28:16.315] [Worker-Main-5/INFO] [Jade/]: Start loading plugin at dev.shadowsoffire.apotheosis.adventure.compat.AdventureHwylaPlugin
[228月2026 22:28:16.316] [Worker-Main-5/INFO] [Jade/]: Start loading plugin at com.hollingsworth.arsnouveau.client.waila.WailaArsNouveauPlugin
[228月2026 22:28:18.139] [Render thread/WARN] [net.minecraft.client.sounds.SoundEngine/]: Missing sound for event: minecraft:item.goat_horn.play
[228月2026 22:28:18.139] [Render thread/WARN] [net.minecraft.client.sounds.SoundEngine/]: Missing sound for event: minecraft:entity.goat.screaming.horn_break
[228月2026 22:28:18.266] [Render thread/INFO] [com.mojang.blaze3d.audio.Library/]: OpenAL initialized on device OpenAL Soft on 扬声器 (C-Media(R) Audio)
[228月2026 22:28:18.266] [Render thread/INFO] [net.minecraft.client.sounds.SoundEngine/SOUNDS]: Sound engine started
[228月2026 22:28:18.359] [Render thread/INFO] [net.minecraft.client.renderer.texture.TextureAtlas/]: Created: 2048x2048x3 minecraft:textures/atlas/blocks.png-atlas
[228月2026 22:28:18.374] [Render thread/INFO] [net.minecraft.client.renderer.texture.TextureAtlas/]: Created: 512x512x3 minecraft:textures/atlas/signs.png-atlas
[228月2026 22:28:18.383] [Render thread/INFO] [net.minecraft.client.renderer.texture.TextureAtlas/]: Created: 512x512x3 minecraft:textures/atlas/banner_patterns.png-atlas
[228月2026 22:28:18.383] [Render thread/INFO] [net.minecraft.client.renderer.texture.TextureAtlas/]: Created: 512x512x3 minecraft:textures/atlas/shield_patterns.png-atlas
[228月2026 22:28:18.384] [Render thread/INFO] [net.minecraft.client.renderer.texture.TextureAtlas/]: Created: 2048x1024x3 minecraft:textures/atlas/armor_trims.png-atlas
[228月2026 22:28:18.385] [Render thread/INFO] [net.minecraft.client.renderer.texture.TextureAtlas/]: Created: 512x256x3 minecraft:textures/atlas/chest.png-atlas
[228月2026 22:28:18.389] [Render thread/INFO] [net.minecraft.client.renderer.texture.TextureAtlas/]: Created: 128x64x3 minecraft:textures/atlas/decorated_pot.png-atlas
[228月2026 22:28:18.390] [Render thread/INFO] [net.minecraft.client.renderer.texture.TextureAtlas/]: Created: 512x256x3 minecraft:textures/atlas/beds.png-atlas
[228月2026 22:28:18.390] [Render thread/INFO] [net.minecraft.client.renderer.texture.TextureAtlas/]: Created: 512x256x3 minecraft:textures/atlas/shulker_boxes.png-atlas
[228月2026 22:28:18.540] [Render thread/WARN] [net.minecraft.client.renderer.ShaderInstance/]: Shader rendertype_entity_translucent_emissive could not find sampler named Sampler2 in the specified shader program.
[228月2026 22:28:18.578] [Render thread/WARN] [net.minecraft.client.renderer.ShaderInstance/]: Shader botania:film_grain_particle could not find sampler named Sampler2 in the specified shader program.
[228月2026 22:28:18.601] [Render thread/INFO] [net.minecraft.client.renderer.texture.TextureAtlas/]: Created: 1024x1024x0 minecraft:textures/atlas/particles.png-atlas
[228月2026 22:28:18.603] [Render thread/INFO] [net.minecraft.client.renderer.texture.TextureAtlas/]: Created: 256x256x0 minecraft:textures/atlas/paintings.png-atlas
[228月2026 22:28:18.604] [Render thread/INFO] [net.minecraft.client.renderer.texture.TextureAtlas/]: Created: 256x256x0 minecraft:textures/atlas/mob_effects.png-atlas
[228月2026 22:28:18.609] [Render thread/INFO] [net.minecraft.client.renderer.texture.TextureAtlas/]: Created: 256x256x0 jei:textures/atlas/gui.png-atlas
[228月2026 22:28:18.613] [Render thread/INFO] [patchouli/]: BookContentResourceListenerLoader preloaded 1207 jsons
[228月2026 22:28:23.863] [Render thread/INFO] [net.minecraftforge.coremod.CoreMod.apotheosis/COREMODLOG]: Replaced 2 calls to Enchantment#getMaxLevel() in net/minecraft/server/commands/EnchantCommand
[228月2026 22:28:24.098] [Worker-Main-17/ERROR] [net.minecraft.tags.TagLoader/]: Couldn't load tag aether_redux:swet_jelly as it is missing following references: aether_genesis:blue_swet_jelly (from aether-redux-2.0.17-1.20.1-neoforge.jar), 
	aether_genesis:golden_swet_jelly (from aether-redux-2.0.17-1.20.1-neoforge.jar), 
	aether_genesis:dark_swet_jelly (from aether-redux-2.0.17-1.20.1-neoforge.jar)
[228月2026 22:28:24.101] [Worker-Main-17/ERROR] [net.minecraft.tags.TagLoader/]: Couldn't load tag ltc2:cannot_flavour_with_salt as it is missing following references: immortalers_delight:kwat_wheat_latiao (from immortalers_delight-1.20.1-forge-1.2.3.jar), 
	immortalers_delight:rare_kwat_wheat_latiao (from immortalers_delight-1.20.1-forge-1.2.3.jar), 
	immortalers_delight:superior_kwat_wheat_latiao (from immortalers_delight-1.20.1-forge-1.2.3.jar), 
	immortalers_delight:delicacy_kwat_wheat_latiao (from immortalers_delight-1.20.1-forge-1.2.3.jar), 
	immortalers_delight:treasure_kwat_wheat_latiao (from immortalers_delight-1.20.1-forge-1.2.3.jar), 
	immortalers_delight:mashed_poisonous_potato_with_jam_latiao (from immortalers_delight-1.20.1-forge-1.2.3.jar), 
	immortalers_delight:rare_mashed_poisonous_potato_with_jam_latiao (from immortalers_delight-1.20.1-forge-1.2.3.jar), 
	immortalers_delight:superior_mashed_poisonous_potato_with_jam_latiao (from immortalers_delight-1.20.1-forge-1.2.3.jar), 
	immortalers_delight:delicacy_mashed_poisonous_potato_with_jam_latiao (from immortalers_delight-1.20.1-forge-1.2.3.jar), 
	immortalers_delight:treasure_mashed_poisonous_potato_with_jam_latiao (from immortalers_delight-1.20.1-forge-1.2.3.jar)
[228月2026 22:28:24.102] [Worker-Main-17/ERROR] [net.minecraft.tags.TagLoader/]: Couldn't load tag ltc2:flavourable_latiao as it is missing following references: immortalers_delight:evolutcorn_latiao (from immortalers_delight-1.20.1-forge-1.2.3.jar), 
	immortalers_delight:rare_evolutcorn_latiao (from immortalers_delight-1.20.1-forge-1.2.3.jar), 
	immortalers_delight:superior_evolutcorn_latiao (from immortalers_delight-1.20.1-forge-1.2.3.jar), 
	immortalers_delight:delicacy_evolutcorn_latiao (from immortalers_delight-1.20.1-forge-1.2.3.jar), 
	immortalers_delight:treasure_evolutcorn_latiao (from immortalers_delight-1.20.1-forge-1.2.3.jar), 
	immortalers_delight:kwat_wheat_latiao (from immortalers_delight-1.20.1-forge-1.2.3.jar), 
	immortalers_delight:rare_kwat_wheat_latiao (from immortalers_delight-1.20.1-forge-1.2.3.jar), 
	immortalers_delight:superior_kwat_wheat_latiao (from immortalers_delight-1.20.1-forge-1.2.3.jar), 
	immortalers_delight:delicacy_kwat_wheat_latiao (from immortalers_delight-1.20.1-forge-1.2.3.jar), 
	immortalers_delight:treasure_kwat_wheat_latiao (from immortalers_delight-1.20.1-forge-1.2.3.jar), 
	immortalers_delight:mashed_poisonous_potato_with_jam_latiao (from immortalers_delight-1.20.1-forge-1.2.3.jar), 
	immortalers_delight:rare_mashed_poisonous_potato_with_jam_latiao (from immortalers_delight-1.20.1-forge-1.2.3.jar), 
	immortalers_delight:superior_mashed_poisonous_potato_with_jam_latiao (from immortalers_delight-1.20.1-forge-1.2.3.jar), 
	immortalers_delight:delicacy_mashed_poisonous_potato_with_jam_latiao (from immortalers_delight-1.20.1-forge-1.2.3.jar), 
	immortalers_delight:treasure_mashed_poisonous_potato_with_jam_latiao (from immortalers_delight-1.20.1-forge-1.2.3.jar)
[228月2026 22:28:24.103] [Worker-Main-17/ERROR] [net.minecraft.tags.TagLoader/]: Couldn't load tag ltc2:latiao as it is missing following references: immortalers_delight:evolutcorn_latiao (from immortalers_delight-1.20.1-forge-1.2.3.jar), 
	immortalers_delight:rare_evolutcorn_latiao (from immortalers_delight-1.20.1-forge-1.2.3.jar), 
	immortalers_delight:superior_evolutcorn_latiao (from immortalers_delight-1.20.1-forge-1.2.3.jar), 
	immortalers_delight:delicacy_evolutcorn_latiao (from immortalers_delight-1.20.1-forge-1.2.3.jar), 
	immortalers_delight:treasure_evolutcorn_latiao (from immortalers_delight-1.20.1-forge-1.2.3.jar), 
	immortalers_delight:kwat_wheat_latiao (from immortalers_delight-1.20.1-forge-1.2.3.jar), 
	immortalers_delight:rare_kwat_wheat_latiao (from immortalers_delight-1.20.1-forge-1.2.3.jar), 
	immortalers_delight:superior_kwat_wheat_latiao (from immortalers_delight-1.20.1-forge-1.2.3.jar), 
	immortalers_delight:delicacy_kwat_wheat_latiao (from immortalers_delight-1.20.1-forge-1.2.3.jar), 
	immortalers_delight:treasure_kwat_wheat_latiao (from immortalers_delight-1.20.1-forge-1.2.3.jar), 
	immortalers_delight:mashed_poisonous_potato_with_jam_latiao (from immortalers_delight-1.20.1-forge-1.2.3.jar), 
	immortalers_delight:rare_mashed_poisonous_potato_with_jam_latiao (from immortalers_delight-1.20.1-forge-1.2.3.jar), 
	immortalers_delight:superior_mashed_poisonous_potato_with_jam_latiao (from immortalers_delight-1.20.1-forge-1.2.3.jar), 
	immortalers_delight:delicacy_mashed_poisonous_potato_with_jam_latiao (from immortalers_delight-1.20.1-forge-1.2.3.jar), 
	immortalers_delight:treasure_mashed_poisonous_potato_with_jam_latiao (from immortalers_delight-1.20.1-forge-1.2.3.jar), 
	immortalers_delight:hako_latiao (from immortalers_delight-1.20.1-forge-1.2.3.jar), 
	immortalers_delight:windy_narrator_latiao (from immortalers_delight-1.20.1-forge-1.2.3.jar), 
	immortalers_delight:moaswies_latiao (from immortalers_delight-1.20.1-forge-1.2.3.jar), 
	immortalers_delight:renyigesai_latiao (from immortalers_delight-1.20.1-forge-1.2.3.jar), 
	immortalers_delight:lyz_delight_latiao (from immortalers_delight-1.20.1-forge-1.2.3.jar), 
	immortalers_delight:xiaosuhuaji_latiao (from immortalers_delight-1.20.1-forge-1.2.3.jar), 
	immortalers_delight:tellurium_latiao (from immortalers_delight-1.20.1-forge-1.2.3.jar), 
	immortalers_delight:ka_qko_latiao (from immortalers_delight-1.20.1-forge-1.2.3.jar), 
	immortalers_delight:bei_dou_latiao (from immortalers_delight-1.20.1-forge-1.2.3.jar), 
	immortalers_delight:douger_latiao (from immortalers_delight-1.20.1-forge-1.2.3.jar)
[228月2026 22:28:24.103] [Worker-Main-17/ERROR] [net.minecraft.tags.TagLoader/]: Couldn't load tag ltc2:cannot_flavour_with_sugar as it is missing following references: immortalers_delight:kwat_wheat_latiao (from immortalers_delight-1.20.1-forge-1.2.3.jar), 
	immortalers_delight:rare_kwat_wheat_latiao (from immortalers_delight-1.20.1-forge-1.2.3.jar), 
	immortalers_delight:superior_kwat_wheat_latiao (from immortalers_delight-1.20.1-forge-1.2.3.jar), 
	immortalers_delight:delicacy_kwat_wheat_latiao (from immortalers_delight-1.20.1-forge-1.2.3.jar), 
	immortalers_delight:treasure_kwat_wheat_latiao (from immortalers_delight-1.20.1-forge-1.2.3.jar), 
	immortalers_delight:mashed_poisonous_potato_with_jam_latiao (from immortalers_delight-1.20.1-forge-1.2.3.jar), 
	immortalers_delight:rare_mashed_poisonous_potato_with_jam_latiao (from immortalers_delight-1.20.1-forge-1.2.3.jar), 
	immortalers_delight:superior_mashed_poisonous_potato_with_jam_latiao (from immortalers_delight-1.20.1-forge-1.2.3.jar), 
	immortalers_delight:delicacy_mashed_poisonous_potato_with_jam_latiao (from immortalers_delight-1.20.1-forge-1.2.3.jar), 
	immortalers_delight:treasure_mashed_poisonous_potato_with_jam_latiao (from immortalers_delight-1.20.1-forge-1.2.3.jar)
[228月2026 22:28:24.303] [Worker-Main-4/ERROR] [net.minecraftforge.common.ForgeHooks/]: Couldn't parse element loot_tables:immortalers_delight:chests/id_immortalers_latiao_lucky_bag
com.google.gson.JsonSyntaxException: Expected name to be an item, was unknown string 'immortalers_delight:immortalers_latiao_lucky_bag'
	at net.minecraft.util.GsonHelper.m_13866_(GsonHelper.java:145) ~[client-1.20.1-20230612.114412-srg.jar%23206!/:?]
	at java.util.Optional.orElseThrow(Optional.java:403) ~[?:?]
	at net.minecraft.util.GsonHelper.m_13874_(GsonHelper.java:145) ~[client-1.20.1-20230612.114412-srg.jar%23206!/:?]
	at net.minecraft.util.GsonHelper.m_13909_(GsonHelper.java:153) ~[client-1.20.1-20230612.114412-srg.jar%23206!/:?]
	at net.minecraft.world.level.storage.loot.entries.LootItem$Serializer.m_7267_(LootItem.java:55) ~[client-1.20.1-20230612.114412-srg.jar%23206!/:?]
	at net.minecraft.world.level.storage.loot.entries.LootItem$Serializer.m_7267_(LootItem.java:40) ~[client-1.20.1-20230612.114412-srg.jar%23206!/:?]
	at net.minecraft.world.level.storage.loot.entries.LootPoolSingletonContainer$Serializer.m_5921_(LootPoolSingletonContainer.java:151) ~[client-1.20.1-20230612.114412-srg.jar%23206!/:?]
	at net.minecraft.world.level.storage.loot.entries.LootPoolSingletonContainer$Serializer.m_5921_(LootPoolSingletonContainer.java:129) ~[client-1.20.1-20230612.114412-srg.jar%23206!/:?]
	at net.minecraft.world.level.storage.loot.entries.LootPoolEntryContainer$Serializer.m_7561_(LootPoolEntryContainer.java:86) ~[client-1.20.1-20230612.114412-srg.jar%23206!/:?]
	at net.minecraft.world.level.storage.loot.entries.LootPoolEntryContainer$Serializer.m_7561_(LootPoolEntryContainer.java:74) ~[client-1.20.1-20230612.114412-srg.jar%23206!/:?]
	at net.minecraft.world.level.storage.loot.GsonAdapterFactory$JsonAdapter.deserialize(GsonAdapterFactory.java:102) ~[client-1.20.1-20230612.114412-srg.jar%23206!/:?]
	at com.google.gson.internal.bind.TreeTypeAdapter.read(TreeTypeAdapter.java:76) ~[gson-2.10.jar%2386!/:?]
	at com.google.gson.internal.bind.TypeAdapterRuntimeTypeWrapper.read(TypeAdapterRuntimeTypeWrapper.java:40) ~[gson-2.10.jar%2386!/:?]
	at com.google.gson.internal.bind.ArrayTypeAdapter.read(ArrayTypeAdapter.java:72) ~[gson-2.10.jar%2386!/:?]
	at com.google.gson.Gson.fromJson(Gson.java:1214) ~[gson-2.10.jar%2386!/:?]
	at com.google.gson.Gson.fromJson(Gson.java:1319) ~[gson-2.10.jar%2386!/:?]
	at com.google.gson.Gson.fromJson(Gson.java:1290) ~[gson-2.10.jar%2386!/:?]
	at com.google.gson.internal.bind.TreeTypeAdapter$GsonContextImpl.deserialize(TreeTypeAdapter.java:179) ~[gson-2.10.jar%2386!/:?]
	at net.minecraft.util.GsonHelper.m_13808_(GsonHelper.java:463) ~[client-1.20.1-20230612.114412-srg.jar%23206!/:?]
	at net.minecraft.util.GsonHelper.m_13836_(GsonHelper.java:471) ~[client-1.20.1-20230612.114412-srg.jar%23206!/:?]
	at net.minecraft.world.level.storage.loot.LootPool$Serializer.deserialize(LootPool.java:192) ~[client-1.20.1-20230612.114412-srg.jar%23206!/:?]
	at net.minecraft.world.level.storage.loot.LootPool$Serializer.deserialize(LootPool.java:189) ~[client-1.20.1-20230612.114412-srg.jar%23206!/:?]
	at com.google.gson.internal.bind.TreeTypeAdapter.read(TreeTypeAdapter.java:76) ~[gson-2.10.jar%2386!/:?]
	at com.google.gson.internal.bind.TypeAdapterRuntimeTypeWrapper.read(TypeAdapterRuntimeTypeWrapper.java:40) ~[gson-2.10.jar%2386!/:?]
	at com.google.gson.internal.bind.ArrayTypeAdapter.read(ArrayTypeAdapter.java:72) ~[gson-2.10.jar%2386!/:?]
	at com.google.gson.Gson.fromJson(Gson.java:1214) ~[gson-2.10.jar%2386!/:?]
	at com.google.gson.Gson.fromJson(Gson.java:1319) ~[gson-2.10.jar%2386!/:?]
	at com.google.gson.Gson.fromJson(Gson.java:1290) ~[gson-2.10.jar%2386!/:?]
	at com.google.gson.internal.bind.TreeTypeAdapter$GsonContextImpl.deserialize(TreeTypeAdapter.java:179) ~[gson-2.10.jar%2386!/:?]
	at net.minecraft.util.GsonHelper.m_13808_(GsonHelper.java:463) ~[client-1.20.1-20230612.114412-srg.jar%23206!/:?]
	at net.minecraft.util.GsonHelper.m_13845_(GsonHelper.java:481) ~[client-1.20.1-20230612.114412-srg.jar%23206!/:?]
	at net.minecraft.world.level.storage.loot.LootTable$Serializer.deserialize(LootTable.java:294) ~[client-1.20.1-20230612.114412-srg.jar%23206!/:?]
	at net.minecraft.world.level.storage.loot.LootTable$Serializer.deserialize(LootTable.java:291) ~[client-1.20.1-20230612.114412-srg.jar%23206!/:?]
	at com.google.gson.internal.bind.TreeTypeAdapter.read(TreeTypeAdapter.java:76) ~[gson-2.10.jar%2386!/:?]
	at com.google.gson.Gson.fromJson(Gson.java:1214) ~[gson-2.10.jar%2386!/:?]
	at com.google.gson.Gson.fromJson(Gson.java:1319) ~[gson-2.10.jar%2386!/:?]
	at com.google.gson.Gson.fromJson(Gson.java:1261) ~[gson-2.10.jar%2386!/:?]
	at net.minecraftforge.common.ForgeHooks.loadLootTable(ForgeHooks.java:872) ~[forge-1.20.1-47.4.21-universal.jar%23211!/:?]
	at net.minecraftforge.common.ForgeHooks.lambda$getLootTableDeserializer$3(ForgeHooks.java:849) ~[forge-1.20.1-47.4.21-universal.jar%23211!/:?]
	at net.minecraft.world.level.storage.loot.LootDataType.deserialize(LootDataType.java:45) ~[client-1.20.1-20230612.114412-srg.jar%23206!/:?]
	at net.minecraft.world.level.storage.loot.LootDataManager.lambda$scheduleElementParse$4(LootDataManager.java:56) ~[client-1.20.1-20230612.114412-srg.jar%23206!/:?]
	at java.util.HashMap.forEach(HashMap.java:1429) ~[?:?]
	at net.minecraft.world.level.storage.loot.LootDataManager.m_278660_(LootDataManager.java:55) ~[client-1.20.1-20230612.114412-srg.jar%23206!/:?]
	at java.util.concurrent.CompletableFuture$AsyncRun.run(CompletableFuture.java:1804) ~[?:?]
	at java.util.concurrent.CompletableFuture$AsyncRun.exec(CompletableFuture.java:1796) ~[?:?]
	at java.util.concurrent.ForkJoinTask.doExec(ForkJoinTask.java:387) ~[?:?]
	at java.util.concurrent.ForkJoinPool$WorkQueue.topLevelExec(ForkJoinPool.java:1312) ~[?:?]
	at java.util.concurrent.ForkJoinPool.scan(ForkJoinPool.java:1843) ~[?:?]
	at java.util.concurrent.ForkJoinPool.runWorker(ForkJoinPool.java:1808) ~[?:?]
	at java.util.concurrent.ForkJoinWorkerThread.run(ForkJoinWorkerThread.java:188) ~[?:?]
[228月2026 22:28:24.335] [Worker-Main-4/ERROR] [net.minecraftforge.common.ForgeHooks/]: Couldn't parse element loot_tables:ancient_aether:selectors/aerogetic_vase_loot
com.google.gson.JsonSyntaxException: Expected name to be an item, was unknown string 'ancient_aether:grapes'
	at net.minecraft.util.GsonHelper.m_13866_(GsonHelper.java:145) ~[client-1.20.1-20230612.114412-srg.jar%23206!/:?]
	at java.util.Optional.orElseThrow(Optional.java:403) ~[?:?]
	at net.minecraft.util.GsonHelper.m_13874_(GsonHelper.java:145) ~[client-1.20.1-20230612.114412-srg.jar%23206!/:?]
	at net.minecraft.util.GsonHelper.m_13909_(GsonHelper.java:153) ~[client-1.20.1-20230612.114412-srg.jar%23206!/:?]
	at net.minecraft.world.level.storage.loot.entries.LootItem$Serializer.m_7267_(LootItem.java:55) ~[client-1.20.1-20230612.114412-srg.jar%23206!/:?]
	at net.minecraft.world.level.storage.loot.entries.LootItem$Serializer.m_7267_(LootItem.java:40) ~[client-1.20.1-20230612.114412-srg.jar%23206!/:?]
	at net.minecraft.world.level.storage.loot.entries.LootPoolSingletonContainer$Serializer.m_5921_(LootPoolSingletonContainer.java:151) ~[client-1.20.1-20230612.114412-srg.jar%23206!/:?]
	at net.minecraft.world.level.storage.loot.entries.LootPoolSingletonContainer$Serializer.m_5921_(LootPoolSingletonContainer.java:129) ~[client-1.20.1-20230612.114412-srg.jar%23206!/:?]
	at net.minecraft.world.level.storage.loot.entries.LootPoolEntryContainer$Serializer.m_7561_(LootPoolEntryContainer.java:86) ~[client-1.20.1-20230612.114412-srg.jar%23206!/:?]
	at net.minecraft.world.level.storage.loot.entries.LootPoolEntryContainer$Serializer.m_7561_(LootPoolEntryContainer.java:74) ~[client-1.20.1-20230612.114412-srg.jar%23206!/:?]
	at net.minecraft.world.level.storage.loot.GsonAdapterFactory$JsonAdapter.deserialize(GsonAdapterFactory.java:102) ~[client-1.20.1-20230612.114412-srg.jar%23206!/:?]
	at com.google.gson.internal.bind.TreeTypeAdapter.read(TreeTypeAdapter.java:76) ~[gson-2.10.jar%2386!/:?]
	at com.google.gson.internal.bind.TypeAdapterRuntimeTypeWrapper.read(TypeAdapterRuntimeTypeWrapper.java:40) ~[gson-2.10.jar%2386!/:?]
	at com.google.gson.internal.bind.ArrayTypeAdapter.read(ArrayTypeAdapter.java:72) ~[gson-2.10.jar%2386!/:?]
	at com.google.gson.Gson.fromJson(Gson.java:1214) ~[gson-2.10.jar%2386!/:?]
	at com.google.gson.Gson.fromJson(Gson.java:1319) ~[gson-2.10.jar%2386!/:?]
	at com.google.gson.Gson.fromJson(Gson.java:1290) ~[gson-2.10.jar%2386!/:?]
	at com.google.gson.internal.bind.TreeTypeAdapter$GsonContextImpl.deserialize(TreeTypeAdapter.java:179) ~[gson-2.10.jar%2386!/:?]
	at net.minecraft.util.GsonHelper.m_13808_(GsonHelper.java:463) ~[client-1.20.1-20230612.114412-srg.jar%23206!/:?]
	at net.minecraft.util.GsonHelper.m_13836_(GsonHelper.java:471) ~[client-1.20.1-20230612.114412-srg.jar%23206!/:?]
	at net.minecraft.world.level.storage.loot.LootPool$Serializer.deserialize(LootPool.java:192) ~[client-1.20.1-20230612.114412-srg.jar%23206!/:?]
	at net.minecraft.world.level.storage.loot.LootPool$Serializer.deserialize(LootPool.java:189) ~[client-1.20.1-20230612.114412-srg.jar%23206!/:?]
	at com.google.gson.internal.bind.TreeTypeAdapter.read(TreeTypeAdapter.java:76) ~[gson-2.10.jar%2386!/:?]
	at com.google.gson.internal.bind.TypeAdapterRuntimeTypeWrapper.read(TypeAdapterRuntimeTypeWrapper.java:40) ~[gson-2.10.jar%2386!/:?]
	at com.google.gson.internal.bind.ArrayTypeAdapter.read(ArrayTypeAdapter.java:72) ~[gson-2.10.jar%2386!/:?]
	at com.google.gson.Gson.fromJson(Gson.java:1214) ~[gson-2.10.jar%2386!/:?]
	at com.google.gson.Gson.fromJson(Gson.java:1319) ~[gson-2.10.jar%2386!/:?]
	at com.google.gson.Gson.fromJson(Gson.java:1290) ~[gson-2.10.jar%2386!/:?]
	at com.google.gson.internal.bind.TreeTypeAdapter$GsonContextImpl.deserialize(TreeTypeAdapter.java:179) ~[gson-2.10.jar%2386!/:?]
	at net.minecraft.util.GsonHelper.m_13808_(GsonHelper.java:463) ~[client-1.20.1-20230612.114412-srg.jar%23206!/:?]
	at net.minecraft.util.GsonHelper.m_13845_(GsonHelper.java:481) ~[client-1.20.1-20230612.114412-srg.jar%23206!/:?]
	at net.minecraft.world.level.storage.loot.LootTable$Serializer.deserialize(LootTable.java:294) ~[client-1.20.1-20230612.114412-srg.jar%23206!/:?]
	at net.minecraft.world.level.storage.loot.LootTable$Serializer.deserialize(LootTable.java:291) ~[client-1.20.1-20230612.114412-srg.jar%23206!/:?]
	at com.google.gson.internal.bind.TreeTypeAdapter.read(TreeTypeAdapter.java:76) ~[gson-2.10.jar%2386!/:?]
	at com.google.gson.Gson.fromJson(Gson.java:1214) ~[gson-2.10.jar%2386!/:?]
	at com.google.gson.Gson.fromJson(Gson.java:1319) ~[gson-2.10.jar%2386!/:?]
	at com.google.gson.Gson.fromJson(Gson.java:1261) ~[gson-2.10.jar%2386!/:?]
	at net.minecraftforge.common.ForgeHooks.loadLootTable(ForgeHooks.java:872) ~[forge-1.20.1-47.4.21-universal.jar%23211!/:?]
	at net.minecraftforge.common.ForgeHooks.lambda$getLootTableDeserializer$3(ForgeHooks.java:849) ~[forge-1.20.1-47.4.21-universal.jar%23211!/:?]
	at net.minecraft.world.level.storage.loot.LootDataType.deserialize(LootDataType.java:45) ~[client-1.20.1-20230612.114412-srg.jar%23206!/:?]
	at net.minecraft.world.level.storage.loot.LootDataManager.lambda$scheduleElementParse$4(LootDataManager.java:56) ~[client-1.20.1-20230612.114412-srg.jar%23206!/:?]
	at java.util.HashMap.forEach(HashMap.java:1429) ~[?:?]
	at net.minecraft.world.level.storage.loot.LootDataManager.m_278660_(LootDataManager.java:55) ~[client-1.20.1-20230612.114412-srg.jar%23206!/:?]
	at java.util.concurrent.CompletableFuture$AsyncRun.run(CompletableFuture.java:1804) ~[?:?]
	at java.util.concurrent.CompletableFuture$AsyncRun.exec(CompletableFuture.java:1796) ~[?:?]
	at java.util.concurrent.ForkJoinTask.doExec(ForkJoinTask.java:387) ~[?:?]
	at java.util.concurrent.ForkJoinPool$WorkQueue.topLevelExec(ForkJoinPool.java:1312) ~[?:?]
	at java.util.concurrent.ForkJoinPool.scan(ForkJoinPool.java:1843) ~[?:?]
	at java.util.concurrent.ForkJoinPool.runWorker(ForkJoinPool.java:1808) ~[?:?]
	at java.util.concurrent.ForkJoinWorkerThread.run(ForkJoinWorkerThread.java:188) ~[?:?]
[228月2026 22:28:24.368] [Worker-Main-4/ERROR] [net.minecraftforge.common.ForgeHooks/]: Couldn't parse element loot_tables:immortalers_delight:gameplay/latiao_lucky_bag
com.google.gson.JsonSyntaxException: Expected name to be an item, was unknown string 'immortalers_delight:hako_latiao'
	at net.minecraft.util.GsonHelper.m_13866_(GsonHelper.java:145) ~[client-1.20.1-20230612.114412-srg.jar%23206!/:?]
	at java.util.Optional.orElseThrow(Optional.java:403) ~[?:?]
	at net.minecraft.util.GsonHelper.m_13874_(GsonHelper.java:145) ~[client-1.20.1-20230612.114412-srg.jar%23206!/:?]
	at net.minecraft.util.GsonHelper.m_13909_(GsonHelper.java:153) ~[client-1.20.1-20230612.114412-srg.jar%23206!/:?]
	at net.minecraft.world.level.storage.loot.entries.LootItem$Serializer.m_7267_(LootItem.java:55) ~[client-1.20.1-20230612.114412-srg.jar%23206!/:?]
	at net.minecraft.world.level.storage.loot.entries.LootItem$Serializer.m_7267_(LootItem.java:40) ~[client-1.20.1-20230612.114412-srg.jar%23206!/:?]
	at net.minecraft.world.level.storage.loot.entries.LootPoolSingletonContainer$Serializer.m_5921_(LootPoolSingletonContainer.java:151) ~[client-1.20.1-20230612.114412-srg.jar%23206!/:?]
	at net.minecraft.world.level.storage.loot.entries.LootPoolSingletonContainer$Serializer.m_5921_(LootPoolSingletonContainer.java:129) ~[client-1.20.1-20230612.114412-srg.jar%23206!/:?]
	at net.minecraft.world.level.storage.loot.entries.LootPoolEntryContainer$Serializer.m_7561_(LootPoolEntryContainer.java:86) ~[client-1.20.1-20230612.114412-srg.jar%23206!/:?]
	at net.minecraft.world.level.storage.loot.entries.LootPoolEntryContainer$Serializer.m_7561_(LootPoolEntryContainer.java:74) ~[client-1.20.1-20230612.114412-srg.jar%23206!/:?]
	at net.minecraft.world.level.storage.loot.GsonAdapterFactory$JsonAdapter.deserialize(GsonAdapterFactory.java:102) ~[client-1.20.1-20230612.114412-srg.jar%23206!/:?]
	at com.google.gson.internal.bind.TreeTypeAdapter.read(TreeTypeAdapter.java:76) ~[gson-2.10.jar%2386!/:?]
	at com.google.gson.internal.bind.TypeAdapterRuntimeTypeWrapper.read(TypeAdapterRuntimeTypeWrapper.java:40) ~[gson-2.10.jar%2386!/:?]
	at com.google.gson.internal.bind.ArrayTypeAdapter.read(ArrayTypeAdapter.java:72) ~[gson-2.10.jar%2386!/:?]
	at com.google.gson.Gson.fromJson(Gson.java:1214) ~[gson-2.10.jar%2386!/:?]
	at com.google.gson.Gson.fromJson(Gson.java:1319) ~[gson-2.10.jar%2386!/:?]
	at com.google.gson.Gson.fromJson(Gson.java:1290) ~[gson-2.10.jar%2386!/:?]
	at com.google.gson.internal.bind.TreeTypeAdapter$GsonContextImpl.deserialize(TreeTypeAdapter.java:179) ~[gson-2.10.jar%2386!/:?]
	at net.minecraft.util.GsonHelper.m_13808_(GsonHelper.java:463) ~[client-1.20.1-20230612.114412-srg.jar%23206!/:?]
	at net.minecraft.util.GsonHelper.m_13836_(GsonHelper.java:471) ~[client-1.20.1-20230612.114412-srg.jar%23206!/:?]
	at net.minecraft.world.level.storage.loot.LootPool$Serializer.deserialize(LootPool.java:192) ~[client-1.20.1-20230612.114412-srg.jar%23206!/:?]
	at net.minecraft.world.level.storage.loot.LootPool$Serializer.deserialize(LootPool.java:189) ~[client-1.20.1-20230612.114412-srg.jar%23206!/:?]
	at com.google.gson.internal.bind.TreeTypeAdapter.read(TreeTypeAdapter.java:76) ~[gson-2.10.jar%2386!/:?]
	at com.google.gson.internal.bind.TypeAdapterRuntimeTypeWrapper.read(TypeAdapterRuntimeTypeWrapper.java:40) ~[gson-2.10.jar%2386!/:?]
	at com.google.gson.internal.bind.ArrayTypeAdapter.read(ArrayTypeAdapter.java:72) ~[gson-2.10.jar%2386!/:?]
	at com.google.gson.Gson.fromJson(Gson.java:1214) ~[gson-2.10.jar%2386!/:?]
	at com.google.gson.Gson.fromJson(Gson.java:1319) ~[gson-2.10.jar%2386!/:?]
	at com.google.gson.Gson.fromJson(Gson.java:1290) ~[gson-2.10.jar%2386!/:?]
	at com.google.gson.internal.bind.TreeTypeAdapter$GsonContextImpl.deserialize(TreeTypeAdapter.java:179) ~[gson-2.10.jar%2386!/:?]
	at net.minecraft.util.GsonHelper.m_13808_(GsonHelper.java:463) ~[client-1.20.1-20230612.114412-srg.jar%23206!/:?]
	at net.minecraft.util.GsonHelper.m_13845_(GsonHelper.java:481) ~[client-1.20.1-20230612.114412-srg.jar%23206!/:?]
	at net.minecraft.world.level.storage.loot.LootTable$Serializer.deserialize(LootTable.java:294) ~[client-1.20.1-20230612.114412-srg.jar%23206!/:?]
	at net.minecraft.world.level.storage.loot.LootTable$Serializer.deserialize(LootTable.java:291) ~[client-1.20.1-20230612.114412-srg.jar%23206!/:?]
	at com.google.gson.internal.bind.TreeTypeAdapter.read(TreeTypeAdapter.java:76) ~[gson-2.10.jar%2386!/:?]
	at com.google.gson.Gson.fromJson(Gson.java:1214) ~[gson-2.10.jar%2386!/:?]
	at com.google.gson.Gson.fromJson(Gson.java:1319) ~[gson-2.10.jar%2386!/:?]
	at com.google.gson.Gson.fromJson(Gson.java:1261) ~[gson-2.10.jar%2386!/:?]
	at net.minecraftforge.common.ForgeHooks.loadLootTable(ForgeHooks.java:872) ~[forge-1.20.1-47.4.21-universal.jar%23211!/:?]
	at net.minecraftforge.common.ForgeHooks.lambda$getLootTableDeserializer$3(ForgeHooks.java:849) ~[forge-1.20.1-47.4.21-universal.jar%23211!/:?]
	at net.minecraft.world.level.storage.loot.LootDataType.deserialize(LootDataType.java:45) ~[client-1.20.1-20230612.114412-srg.jar%23206!/:?]
	at net.minecraft.world.level.storage.loot.LootDataManager.lambda$scheduleElementParse$4(LootDataManager.java:56) ~[client-1.20.1-20230612.114412-srg.jar%23206!/:?]
	at java.util.HashMap.forEach(HashMap.java:1429) ~[?:?]
	at net.minecraft.world.level.storage.loot.LootDataManager.m_278660_(LootDataManager.java:55) ~[client-1.20.1-20230612.114412-srg.jar%23206!/:?]
	at java.util.concurrent.CompletableFuture$AsyncRun.run(CompletableFuture.java:1804) ~[?:?]
	at java.util.concurrent.CompletableFuture$AsyncRun.exec(CompletableFuture.java:1796) ~[?:?]
	at java.util.concurrent.ForkJoinTask.doExec(ForkJoinTask.java:387) ~[?:?]
	at java.util.concurrent.ForkJoinPool$WorkQueue.topLevelExec(ForkJoinPool.java:1312) ~[?:?]
	at java.util.concurrent.ForkJoinPool.scan(ForkJoinPool.java:1843) ~[?:?]
	at java.util.concurrent.ForkJoinPool.runWorker(ForkJoinPool.java:1808) ~[?:?]
	at java.util.concurrent.ForkJoinWorkerThread.run(ForkJoinWorkerThread.java:188) ~[?:?]
[228月2026 22:28:24.397] [Worker-Main-4/ERROR] [net.minecraftforge.common.ForgeHooks/]: Couldn't parse element loot_tables:lost_aether_content:chests/platinum_treasure_loot
com.google.gson.JsonSyntaxException: Expected name to be an item, was unknown string 'lost_aether_content:shield_of_emile'
	at net.minecraft.util.GsonHelper.m_13866_(GsonHelper.java:145) ~[client-1.20.1-20230612.114412-srg.jar%23206!/:?]
	at java.util.Optional.orElseThrow(Optional.java:403) ~[?:?]
	at net.minecraft.util.GsonHelper.m_13874_(GsonHelper.java:145) ~[client-1.20.1-20230612.114412-srg.jar%23206!/:?]
	at net.minecraft.util.GsonHelper.m_13909_(GsonHelper.java:153) ~[client-1.20.1-20230612.114412-srg.jar%23206!/:?]
	at net.minecraft.world.level.storage.loot.entries.LootItem$Serializer.m_7267_(LootItem.java:55) ~[client-1.20.1-20230612.114412-srg.jar%23206!/:?]
	at net.minecraft.world.level.storage.loot.entries.LootItem$Serializer.m_7267_(LootItem.java:40) ~[client-1.20.1-20230612.114412-srg.jar%23206!/:?]
	at net.minecraft.world.level.storage.loot.entries.LootPoolSingletonContainer$Serializer.m_5921_(LootPoolSingletonContainer.java:151) ~[client-1.20.1-20230612.114412-srg.jar%23206!/:?]
	at net.minecraft.world.level.storage.loot.entries.LootPoolSingletonContainer$Serializer.m_5921_(LootPoolSingletonContainer.java:129) ~[client-1.20.1-20230612.114412-srg.jar%23206!/:?]
	at net.minecraft.world.level.storage.loot.entries.LootPoolEntryContainer$Serializer.m_7561_(LootPoolEntryContainer.java:86) ~[client-1.20.1-20230612.114412-srg.jar%23206!/:?]
	at net.minecraft.world.level.storage.loot.entries.LootPoolEntryContainer$Serializer.m_7561_(LootPoolEntryContainer.java:74) ~[client-1.20.1-20230612.114412-srg.jar%23206!/:?]
	at net.minecraft.world.level.storage.loot.GsonAdapterFactory$JsonAdapter.deserialize(GsonAdapterFactory.java:102) ~[client-1.20.1-20230612.114412-srg.jar%23206!/:?]
	at com.google.gson.internal.bind.TreeTypeAdapter.read(TreeTypeAdapter.java:76) ~[gson-2.10.jar%2386!/:?]
	at com.google.gson.internal.bind.TypeAdapterRuntimeTypeWrapper.read(TypeAdapterRuntimeTypeWrapper.java:40) ~[gson-2.10.jar%2386!/:?]
	at com.google.gson.internal.bind.ArrayTypeAdapter.read(ArrayTypeAdapter.java:72) ~[gson-2.10.jar%2386!/:?]
	at com.google.gson.Gson.fromJson(Gson.java:1214) ~[gson-2.10.jar%2386!/:?]
	at com.google.gson.Gson.fromJson(Gson.java:1319) ~[gson-2.10.jar%2386!/:?]
	at com.google.gson.Gson.fromJson(Gson.java:1290) ~[gson-2.10.jar%2386!/:?]
	at com.google.gson.internal.bind.TreeTypeAdapter$GsonContextImpl.deserialize(TreeTypeAdapter.java:179) ~[gson-2.10.jar%2386!/:?]
	at net.minecraft.util.GsonHelper.m_13808_(GsonHelper.java:463) ~[client-1.20.1-20230612.114412-srg.jar%23206!/:?]
	at net.minecraft.util.GsonHelper.m_13836_(GsonHelper.java:471) ~[client-1.20.1-20230612.114412-srg.jar%23206!/:?]
	at net.minecraft.world.level.storage.loot.LootPool$Serializer.deserialize(LootPool.java:192) ~[client-1.20.1-20230612.114412-srg.jar%23206!/:?]
	at net.minecraft.world.level.storage.loot.LootPool$Serializer.deserialize(LootPool.java:189) ~[client-1.20.1-20230612.114412-srg.jar%23206!/:?]
	at com.google.gson.internal.bind.TreeTypeAdapter.read(TreeTypeAdapter.java:76) ~[gson-2.10.jar%2386!/:?]
	at com.google.gson.internal.bind.TypeAdapterRuntimeTypeWrapper.read(TypeAdapterRuntimeTypeWrapper.java:40) ~[gson-2.10.jar%2386!/:?]
	at com.google.gson.internal.bind.ArrayTypeAdapter.read(ArrayTypeAdapter.java:72) ~[gson-2.10.jar%2386!/:?]
	at com.google.gson.Gson.fromJson(Gson.java:1214) ~[gson-2.10.jar%2386!/:?]
	at com.google.gson.Gson.fromJson(Gson.java:1319) ~[gson-2.10.jar%2386!/:?]
	at com.google.gson.Gson.fromJson(Gson.java:1290) ~[gson-2.10.jar%2386!/:?]
	at com.google.gson.internal.bind.TreeTypeAdapter$GsonContextImpl.deserialize(TreeTypeAdapter.java:179) ~[gson-2.10.jar%2386!/:?]
	at net.minecraft.util.GsonHelper.m_13808_(GsonHelper.java:463) ~[client-1.20.1-20230612.114412-srg.jar%23206!/:?]
	at net.minecraft.util.GsonHelper.m_13845_(GsonHelper.java:481) ~[client-1.20.1-20230612.114412-srg.jar%23206!/:?]
	at net.minecraft.world.level.storage.loot.LootTable$Serializer.deserialize(LootTable.java:294) ~[client-1.20.1-20230612.114412-srg.jar%23206!/:?]
	at net.minecraft.world.level.storage.loot.LootTable$Serializer.deserialize(LootTable.java:291) ~[client-1.20.1-20230612.114412-srg.jar%23206!/:?]
	at com.google.gson.internal.bind.TreeTypeAdapter.read(TreeTypeAdapter.java:76) ~[gson-2.10.jar%2386!/:?]
	at com.google.gson.Gson.fromJson(Gson.java:1214) ~[gson-2.10.jar%2386!/:?]
	at com.google.gson.Gson.fromJson(Gson.java:1319) ~[gson-2.10.jar%2386!/:?]
	at com.google.gson.Gson.fromJson(Gson.java:1261) ~[gson-2.10.jar%2386!/:?]
	at net.minecraftforge.common.ForgeHooks.loadLootTable(ForgeHooks.java:872) ~[forge-1.20.1-47.4.21-universal.jar%23211!/:?]
	at net.minecraftforge.common.ForgeHooks.lambda$getLootTableDeserializer$3(ForgeHooks.java:849) ~[forge-1.20.1-47.4.21-universal.jar%23211!/:?]
	at net.minecraft.world.level.storage.loot.LootDataType.deserialize(LootDataType.java:45) ~[client-1.20.1-20230612.114412-srg.jar%23206!/:?]
	at net.minecraft.world.level.storage.loot.LootDataManager.lambda$scheduleElementParse$4(LootDataManager.java:56) ~[client-1.20.1-20230612.114412-srg.jar%23206!/:?]
	at java.util.HashMap.forEach(HashMap.java:1429) ~[?:?]
	at net.minecraft.world.level.storage.loot.LootDataManager.m_278660_(LootDataManager.java:55) ~[client-1.20.1-20230612.114412-srg.jar%23206!/:?]
	at java.util.concurrent.CompletableFuture$AsyncRun.run(CompletableFuture.java:1804) ~[?:?]
	at java.util.concurrent.CompletableFuture$AsyncRun.exec(CompletableFuture.java:1796) ~[?:?]
	at java.util.concurrent.ForkJoinTask.doExec(ForkJoinTask.java:387) ~[?:?]
	at java.util.concurrent.ForkJoinPool$WorkQueue.topLevelExec(ForkJoinPool.java:1312) ~[?:?]
	at java.util.concurrent.ForkJoinPool.scan(ForkJoinPool.java:1843) ~[?:?]
	at java.util.concurrent.ForkJoinPool.runWorker(ForkJoinPool.java:1808) ~[?:?]
	at java.util.concurrent.ForkJoinWorkerThread.run(ForkJoinWorkerThread.java:188) ~[?:?]
[228月2026 22:28:24.480] [Render thread/INFO] [placebo/]: Registered 34 additional loot tables.
[228月2026 22:28:24.539] [Render thread/INFO] [net.minecraft.world.item.crafting.RecipeManager/]: Skipping loading recipe aether_redux:stripped_glacia_log_wall as it's serializer returned null
[228月2026 22:28:24.542] [Render thread/ERROR] [net.minecraft.world.item.crafting.RecipeManager/]: Parsing error loading recipe aether_treasure_reforging:valkyrie_upgrade_smithing_template
com.google.gson.JsonSyntaxException: Unknown item 'aether_treasure_reforging:valkyrie_upgrade_smithing_template'
	at net.minecraft.world.item.crafting.ShapedRecipe.m_151280_(ShapedRecipe.java:292) ~[client-1.20.1-20230612.114412-srg.jar%23206!/:?]
	at java.util.Optional.orElseThrow(Optional.java:403) ~[?:?]
	at net.minecraft.world.item.crafting.ShapedRecipe.m_151278_(ShapedRecipe.java:291) ~[client-1.20.1-20230612.114412-srg.jar%23206!/:?]
	at net.minecraft.world.item.crafting.Ingredient.m_43919_(Ingredient.java:219) ~[client-1.20.1-20230612.114412-srg.jar%23206!/:?]
	at net.minecraftforge.common.crafting.VanillaIngredientSerializer.parse(VanillaIngredientSerializer.java:27) ~[forge-1.20.1-47.4.21-universal.jar%23211!/:?]
	at net.minecraftforge.common.crafting.CraftingHelper.getIngredient(CraftingHelper.java:148) ~[forge-1.20.1-47.4.21-universal.jar%23211!/:?]
	at net.minecraft.world.item.crafting.Ingredient.m_288218_(Ingredient.java:194) ~[client-1.20.1-20230612.114412-srg.jar%23206!/:?]
	at net.minecraft.world.item.crafting.ShapedRecipe.m_44210_(ShapedRecipe.java:278) ~[client-1.20.1-20230612.114412-srg.jar%23206!/:?]
	at net.minecraft.world.item.crafting.ShapedRecipe$Serializer.m_6729_(ShapedRecipe.java:306) ~[client-1.20.1-20230612.114412-srg.jar%23206!/:?]
	at net.minecraft.world.item.crafting.ShapedRecipe$Serializer.m_6729_(ShapedRecipe.java:301) ~[client-1.20.1-20230612.114412-srg.jar%23206!/:?]
	at net.minecraftforge.common.extensions.IForgeRecipeSerializer.fromJson(IForgeRecipeSerializer.java:23) ~[forge-1.20.1-47.4.21-universal.jar%23211!/:?]
	at net.minecraft.world.item.crafting.RecipeManager.fromJson(RecipeManager.java:171) ~[client-1.20.1-20230612.114412-srg.jar%23206!/:?]
	at net.minecraft.world.item.crafting.RecipeManager.m_5787_(RecipeManager.java:67) ~[client-1.20.1-20230612.114412-srg.jar%23206!/:?]
	at net.minecraft.world.item.crafting.RecipeManager.m_5787_(RecipeManager.java:34) ~[client-1.20.1-20230612.114412-srg.jar%23206!/:?]
	at net.minecraft.server.packs.resources.SimplePreparableReloadListener.m_10789_(SimplePreparableReloadListener.java:13) ~[client-1.20.1-20230612.114412-srg.jar%23206!/:?]
	at java.util.concurrent.CompletableFuture$UniAccept.tryFire(CompletableFuture.java:718) ~[?:?]
	at java.util.concurrent.CompletableFuture$Completion.run(CompletableFuture.java:482) ~[?:?]
	at net.minecraft.server.packs.resources.SimpleReloadInstance.m_143940_(SimpleReloadInstance.java:69) ~[client-1.20.1-20230612.114412-srg.jar%23206!/:?]
	at net.minecraft.util.thread.BlockableEventLoop.m_6367_(BlockableEventLoop.java:156) ~[client-1.20.1-20230612.114412-srg.jar%23206!/:?]
	at net.minecraft.util.thread.ReentrantBlockableEventLoop.m_6367_(ReentrantBlockableEventLoop.java:23) ~[client-1.20.1-20230612.114412-srg.jar%23206!/:?]
	at net.minecraft.util.thread.BlockableEventLoop.m_7245_(BlockableEventLoop.java:130) ~[client-1.20.1-20230612.114412-srg.jar%23206!/:?]
	at net.minecraft.util.thread.BlockableEventLoop.m_18701_(BlockableEventLoop.java:139) ~[client-1.20.1-20230612.114412-srg.jar%23206!/:?]
	at net.minecraft.client.gui.screens.worldselection.WorldOpenFlows.m_246486_(WorldOpenFlows.java:163) ~[client-1.20.1-20230612.114412-srg.jar%23206!/:?]
	at net.minecraft.client.gui.screens.worldselection.WorldOpenFlows.m_233122_(WorldOpenFlows.java:113) ~[client-1.20.1-20230612.114412-srg.jar%23206!/:?]
	at net.minecraft.client.gui.screens.worldselection.WorldOpenFlows.doLoadLevel(WorldOpenFlows.java:181) ~[client-1.20.1-20230612.114412-srg.jar%23206!/:?]
	at net.minecraft.client.gui.screens.worldselection.WorldOpenFlows.m_233145_(WorldOpenFlows.java:169) ~[client-1.20.1-20230612.114412-srg.jar%23206!/:?]
	at net.minecraft.client.gui.screens.worldselection.WorldOpenFlows.m_233133_(WorldOpenFlows.java:65) ~[client-1.20.1-20230612.114412-srg.jar%23206!/:?]
	at net.minecraft.client.gui.screens.worldselection.WorldSelectionList$WorldListEntry.m_101744_(WorldSelectionList.java:575) ~[client-1.20.1-20230612.114412-srg.jar%23206!/:?]
	at net.minecraft.client.gui.screens.worldselection.WorldSelectionList$WorldListEntry.m_101704_(WorldSelectionList.java:474) ~[client-1.20.1-20230612.114412-srg.jar%23206!/:?]
	at net.minecraft.client.gui.screens.worldselection.WorldSelectionList$WorldListEntry.m_6375_(WorldSelectionList.java:413) ~[client-1.20.1-20230612.114412-srg.jar%23206!/:?]
	at net.minecraft.client.gui.components.AbstractSelectionList.m_6375_(AbstractSelectionList.java:298) ~[client-1.20.1-20230612.114412-srg.jar%23206!/:?]
	at net.minecraft.client.gui.components.events.ContainerEventHandler.m_6375_(ContainerEventHandler.java:38) ~[client-1.20.1-20230612.114412-srg.jar%23206!/:?]
	at net.minecraft.client.MouseHandler.m_168084_(MouseHandler.java:92) ~[client-1.20.1-20230612.114412-srg.jar%23206!/:?]
	at net.minecraft.client.gui.screens.Screen.m_96579_(Screen.java:437) ~[client-1.20.1-20230612.114412-srg.jar%23206!/:?]
	at net.minecraft.client.MouseHandler.m_91530_(MouseHandler.java:89) ~[client-1.20.1-20230612.114412-srg.jar%23206!/:?]
	at net.minecraft.client.MouseHandler.m_168091_(MouseHandler.java:189) ~[client-1.20.1-20230612.114412-srg.jar%23206!/:?]
	at net.minecraft.util.thread.BlockableEventLoop.execute(BlockableEventLoop.java:102) ~[client-1.20.1-20230612.114412-srg.jar%23206!/:?]
	at net.minecraft.client.MouseHandler.m_91565_(MouseHandler.java:188) ~[client-1.20.1-20230612.114412-srg.jar%23206!/:?]
	at org.lwjgl.glfw.GLFWMouseButtonCallbackI.callback(GLFWMouseButtonCallbackI.java:43) ~[lwjgl-glfw-3.3.1.jar%23120!/:build 7]
	at org.lwjgl.system.JNI.invokeV(Native Method) ~[lwjgl-3.3.1.jar%23132!/:build 7]
	at org.lwjgl.glfw.GLFW.glfwWaitEventsTimeout(GLFW.java:3474) ~[lwjgl-glfw-3.3.1.jar%23120!/:build 7]
	at com.mojang.blaze3d.systems.RenderSystem.limitDisplayFPS(RenderSystem.java:237) ~[client-1.20.1-20230612.114412-srg.jar%23206!/:?]
	at net.minecraft.client.Minecraft.m_91383_(Minecraft.java:1173) ~[client-1.20.1-20230612.114412-srg.jar%23206!/:?]
	at net.minecraft.client.Minecraft.m_91374_(Minecraft.java:718) ~[client-1.20.1-20230612.114412-srg.jar%23206!/:?]
	at net.minecraft.client.main.Main.main(Main.java:218) ~[%e6%a4%8d%e7%89%a9%e7%a7%91%e6%8a%80.jar:?]
	at jdk.internal.reflect.DirectMethodHandleAccessor.invoke(DirectMethodHandleAccessor.java:103) ~[?:?]
	at java.lang.reflect.Method.invoke(Method.java:580) ~[?:?]
	at net.minecraftforge.fml.loading.targets.CommonLaunchHandler.runTarget(CommonLaunchHandler.java:111) ~[fmlloader-1.20.1-47.4.21.jar:?]
	at net.minecraftforge.fml.loading.targets.CommonLaunchHandler.clientService(CommonLaunchHandler.java:99) ~[fmlloader-1.20.1-47.4.21.jar:?]
	at net.minecraftforge.fml.loading.targets.CommonClientLaunchHandler.lambda$makeService$0(CommonClientLaunchHandler.java:25) ~[fmlloader-1.20.1-47.4.21.jar:?]
	at cpw.mods.modlauncher.LaunchServiceHandlerDecorator.launch(LaunchServiceHandlerDecorator.java:30) ~[modlauncher-10.0.9.jar:?]
	at cpw.mods.modlauncher.LaunchServiceHandler.launch(LaunchServiceHandler.java:53) ~[modlauncher-10.0.9.jar:?]
	at cpw.mods.modlauncher.LaunchServiceHandler.launch(LaunchServiceHandler.java:71) ~[modlauncher-10.0.9.jar:?]
	at cpw.mods.modlauncher.Launcher.run(Launcher.java:108) ~[modlauncher-10.0.9.jar:?]
	at cpw.mods.modlauncher.Launcher.main(Launcher.java:78) ~[modlauncher-10.0.9.jar:?]
	at cpw.mods.modlauncher.BootstrapLaunchConsumer.accept(BootstrapLaunchConsumer.java:26) ~[modlauncher-10.0.9.jar:?]
	at cpw.mods.modlauncher.BootstrapLaunchConsumer.accept(BootstrapLaunchConsumer.java:23) ~[modlauncher-10.0.9.jar:?]
	at cpw.mods.bootstraplauncher.BootstrapLauncher.main(BootstrapLauncher.java:141) ~[bootstraplauncher-1.1.2.jar:?]
[228月2026 22:28:24.578] [Render thread/INFO] [net.minecraft.world.item.crafting.RecipeManager/]: Skipping loading recipe aether_redux:glacia_wood_wall as it's serializer returned null
[228月2026 22:28:24.586] [Render thread/INFO] [net.minecraft.world.item.crafting.RecipeManager/]: Skipping loading recipe aether_redux:crystal_log_wall as it's serializer returned null
[228月2026 22:28:24.587] [Render thread/ERROR] [net.minecraft.world.item.crafting.RecipeManager/]: Parsing error loading recipe rs_integration:resonance_storage_disk
com.google.gson.JsonSyntaxException: Missing type, expected to find a string
	at net.minecraft.util.GsonHelper.m_13906_(GsonHelper.java:127) ~[client-1.20.1-20230612.114412-srg.jar%23206!/:?]
	at net.minecraftforge.common.crafting.CraftingHelper.getCondition(CraftingHelper.java:228) ~[forge-1.20.1-47.4.21-universal.jar%23211!/:?]
	at net.minecraftforge.common.crafting.CraftingHelper.processConditions(CraftingHelper.java:220) ~[forge-1.20.1-47.4.21-universal.jar%23211!/:?]
	at net.minecraftforge.common.crafting.CraftingHelper.processConditions(CraftingHelper.java:209) ~[forge-1.20.1-47.4.21-universal.jar%23211!/:?]
	at net.minecraft.world.item.crafting.RecipeManager.m_5787_(RecipeManager.java:63) ~[client-1.20.1-20230612.114412-srg.jar%23206!/:?]
	at net.minecraft.world.item.crafting.RecipeManager.m_5787_(RecipeManager.java:34) ~[client-1.20.1-20230612.114412-srg.jar%23206!/:?]
	at net.minecraft.server.packs.resources.SimplePreparableReloadListener.m_10789_(SimplePreparableReloadListener.java:13) ~[client-1.20.1-20230612.114412-srg.jar%23206!/:?]
	at java.util.concurrent.CompletableFuture$UniAccept.tryFire(CompletableFuture.java:718) ~[?:?]
	at java.util.concurrent.CompletableFuture$Completion.run(CompletableFuture.java:482) ~[?:?]
	at net.minecraft.server.packs.resources.SimpleReloadInstance.m_143940_(SimpleReloadInstance.java:69) ~[client-1.20.1-20230612.114412-srg.jar%23206!/:?]
	at net.minecraft.util.thread.BlockableEventLoop.m_6367_(BlockableEventLoop.java:156) ~[client-1.20.1-20230612.114412-srg.jar%23206!/:?]
	at net.minecraft.util.thread.ReentrantBlockableEventLoop.m_6367_(ReentrantBlockableEventLoop.java:23) ~[client-1.20.1-20230612.114412-srg.jar%23206!/:?]
	at net.minecraft.util.thread.BlockableEventLoop.m_7245_(BlockableEventLoop.java:130) ~[client-1.20.1-20230612.114412-srg.jar%23206!/:?]
	at net.minecraft.util.thread.BlockableEventLoop.m_18701_(BlockableEventLoop.java:139) ~[client-1.20.1-20230612.114412-srg.jar%23206!/:?]
	at net.minecraft.client.gui.screens.worldselection.WorldOpenFlows.m_246486_(WorldOpenFlows.java:163) ~[client-1.20.1-20230612.114412-srg.jar%23206!/:?]
	at net.minecraft.client.gui.screens.worldselection.WorldOpenFlows.m_233122_(WorldOpenFlows.java:113) ~[client-1.20.1-20230612.114412-srg.jar%23206!/:?]
	at net.minecraft.client.gui.screens.worldselection.WorldOpenFlows.doLoadLevel(WorldOpenFlows.java:181) ~[client-1.20.1-20230612.114412-srg.jar%23206!/:?]
	at net.minecraft.client.gui.screens.worldselection.WorldOpenFlows.m_233145_(WorldOpenFlows.java:169) ~[client-1.20.1-20230612.114412-srg.jar%23206!/:?]
	at net.minecraft.client.gui.screens.worldselection.WorldOpenFlows.m_233133_(WorldOpenFlows.java:65) ~[client-1.20.1-20230612.114412-srg.jar%23206!/:?]
	at net.minecraft.client.gui.screens.worldselection.WorldSelectionList$WorldListEntry.m_101744_(WorldSelectionList.java:575) ~[client-1.20.1-20230612.114412-srg.jar%23206!/:?]
	at net.minecraft.client.gui.screens.worldselection.WorldSelectionList$WorldListEntry.m_101704_(WorldSelectionList.java:474) ~[client-1.20.1-20230612.114412-srg.jar%23206!/:?]
	at net.minecraft.client.gui.screens.worldselection.WorldSelectionList$WorldListEntry.m_6375_(WorldSelectionList.java:413) ~[client-1.20.1-20230612.114412-srg.jar%23206!/:?]
	at net.minecraft.client.gui.components.AbstractSelectionList.m_6375_(AbstractSelectionList.java:298) ~[client-1.20.1-20230612.114412-srg.jar%23206!/:?]
	at net.minecraft.client.gui.components.events.ContainerEventHandler.m_6375_(ContainerEventHandler.java:38) ~[client-1.20.1-20230612.114412-srg.jar%23206!/:?]
	at net.minecraft.client.MouseHandler.m_168084_(MouseHandler.java:92) ~[client-1.20.1-20230612.114412-srg.jar%23206!/:?]
	at net.minecraft.client.gui.screens.Screen.m_96579_(Screen.java:437) ~[client-1.20.1-20230612.114412-srg.jar%23206!/:?]
	at net.minecraft.client.MouseHandler.m_91530_(MouseHandler.java:89) ~[client-1.20.1-20230612.114412-srg.jar%23206!/:?]
	at net.minecraft.client.MouseHandler.m_168091_(MouseHandler.java:189) ~[client-1.20.1-20230612.114412-srg.jar%23206!/:?]
	at net.minecraft.util.thread.BlockableEventLoop.execute(BlockableEventLoop.java:102) ~[client-1.20.1-20230612.114412-srg.jar%23206!/:?]
	at net.minecraft.client.MouseHandler.m_91565_(MouseHandler.java:188) ~[client-1.20.1-20230612.114412-srg.jar%23206!/:?]
	at org.lwjgl.glfw.GLFWMouseButtonCallbackI.callback(GLFWMouseButtonCallbackI.java:43) ~[lwjgl-glfw-3.3.1.jar%23120!/:build 7]
	at org.lwjgl.system.JNI.invokeV(Native Method) ~[lwjgl-3.3.1.jar%23132!/:build 7]
	at org.lwjgl.glfw.GLFW.glfwWaitEventsTimeout(GLFW.java:3474) ~[lwjgl-glfw-3.3.1.jar%23120!/:build 7]
	at com.mojang.blaze3d.systems.RenderSystem.limitDisplayFPS(RenderSystem.java:237) ~[client-1.20.1-20230612.114412-srg.jar%23206!/:?]
	at net.minecraft.client.Minecraft.m_91383_(Minecraft.java:1173) ~[client-1.20.1-20230612.114412-srg.jar%23206!/:?]
	at net.minecraft.client.Minecraft.m_91374_(Minecraft.java:718) ~[client-1.20.1-20230612.114412-srg.jar%23206!/:?]
	at net.minecraft.client.main.Main.main(Main.java:218) ~[%e6%a4%8d%e7%89%a9%e7%a7%91%e6%8a%80.jar:?]
	at jdk.internal.reflect.DirectMethodHandleAccessor.invoke(DirectMethodHandleAccessor.java:103) ~[?:?]
	at java.lang.reflect.Method.invoke(Method.java:580) ~[?:?]
	at net.minecraftforge.fml.loading.targets.CommonLaunchHandler.runTarget(CommonLaunchHandler.java:111) ~[fmlloader-1.20.1-47.4.21.jar:?]
	at net.minecraftforge.fml.loading.targets.CommonLaunchHandler.clientService(CommonLaunchHandler.java:99) ~[fmlloader-1.20.1-47.4.21.jar:?]
	at net.minecraftforge.fml.loading.targets.CommonClientLaunchHandler.lambda$makeService$0(CommonClientLaunchHandler.java:25) ~[fmlloader-1.20.1-47.4.21.jar:?]
	at cpw.mods.modlauncher.LaunchServiceHandlerDecorator.launch(LaunchServiceHandlerDecorator.java:30) ~[modlauncher-10.0.9.jar:?]
	at cpw.mods.modlauncher.LaunchServiceHandler.launch(LaunchServiceHandler.java:53) ~[modlauncher-10.0.9.jar:?]
	at cpw.mods.modlauncher.LaunchServiceHandler.launch(LaunchServiceHandler.java:71) ~[modlauncher-10.0.9.jar:?]
	at cpw.mods.modlauncher.Launcher.run(Launcher.java:108) ~[modlauncher-10.0.9.jar:?]
	at cpw.mods.modlauncher.Launcher.main(Launcher.java:78) ~[modlauncher-10.0.9.jar:?]
	at cpw.mods.modlauncher.BootstrapLaunchConsumer.accept(BootstrapLaunchConsumer.java:26) ~[modlauncher-10.0.9.jar:?]
	at cpw.mods.modlauncher.BootstrapLaunchConsumer.accept(BootstrapLaunchConsumer.java:23) ~[modlauncher-10.0.9.jar:?]
	at cpw.mods.bootstraplauncher.BootstrapLauncher.main(BootstrapLauncher.java:141) ~[bootstraplauncher-1.1.2.jar:?]
[228月2026 22:28:24.603] [Render thread/ERROR] [net.minecraft.world.item.crafting.RecipeManager/]: Parsing error loading recipe aether_redux:spore_blight_deep_aether_aether_moss_carpet_to_blightmoss_carpet
com.google.gson.JsonSyntaxException: Invalid block: deep_aether:aether_moss_carpet
	at com.aetherteam.nitrogen.recipe.BlockStateRecipeUtil.blockFromJson(BlockStateRecipeUtil.java:239) ~[nitrogen_internals-1.20.1-1.0.7-neoforge.jar%23233!/:1.20.1-1.0.7-neoforge]
	at com.aetherteam.nitrogen.recipe.BlockStateIngredient.valueFromJson(BlockStateIngredient.java:144) ~[nitrogen_internals-1.20.1-1.0.7-neoforge.jar%23233!/:1.20.1-1.0.7-neoforge]
	at com.aetherteam.nitrogen.recipe.BlockStateIngredient.fromJson(BlockStateIngredient.java:124) ~[nitrogen_internals-1.20.1-1.0.7-neoforge.jar%23233!/:1.20.1-1.0.7-neoforge]
	at com.aetherteam.nitrogen.recipe.serializer.BlockStateRecipeSerializer.fromJson(BlockStateRecipeSerializer.java:29) ~[nitrogen_internals-1.20.1-1.0.7-neoforge.jar%23233!/:1.20.1-1.0.7-neoforge]
	at com.aetherteam.nitrogen.recipe.serializer.BlockStateRecipeSerializer.m_6729_(BlockStateRecipeSerializer.java:18) ~[nitrogen_internals-1.20.1-1.0.7-neoforge.jar%23233!/:1.20.1-1.0.7-neoforge]
	at net.minecraftforge.common.extensions.IForgeRecipeSerializer.fromJson(IForgeRecipeSerializer.java:23) ~[forge-1.20.1-47.4.21-universal.jar%23211!/:?]
	at net.minecraft.world.item.crafting.RecipeManager.fromJson(RecipeManager.java:171) ~[client-1.20.1-20230612.114412-srg.jar%23206!/:?]
	at net.minecraft.world.item.crafting.RecipeManager.m_5787_(RecipeManager.java:67) ~[client-1.20.1-20230612.114412-srg.jar%23206!/:?]
	at net.minecraft.world.item.crafting.RecipeManager.m_5787_(RecipeManager.java:34) ~[client-1.20.1-20230612.114412-srg.jar%23206!/:?]
	at net.minecraft.server.packs.resources.SimplePreparableReloadListener.m_10789_(SimplePreparableReloadListener.java:13) ~[client-1.20.1-20230612.114412-srg.jar%23206!/:?]
	at java.util.concurrent.CompletableFuture$UniAccept.tryFire(CompletableFuture.java:718) ~[?:?]
	at java.util.concurrent.CompletableFuture$Completion.run(CompletableFuture.java:482) ~[?:?]
	at net.minecraft.server.packs.resources.SimpleReloadInstance.m_143940_(SimpleReloadInstance.java:69) ~[client-1.20.1-20230612.114412-srg.jar%23206!/:?]
	at net.minecraft.util.thread.BlockableEventLoop.m_6367_(BlockableEventLoop.java:156) ~[client-1.20.1-20230612.114412-srg.jar%23206!/:?]
	at net.minecraft.util.thread.ReentrantBlockableEventLoop.m_6367_(ReentrantBlockableEventLoop.java:23) ~[client-1.20.1-20230612.114412-srg.jar%23206!/:?]
	at net.minecraft.util.thread.BlockableEventLoop.m_7245_(BlockableEventLoop.java:130) ~[client-1.20.1-20230612.114412-srg.jar%23206!/:?]
	at net.minecraft.util.thread.BlockableEventLoop.m_18701_(BlockableEventLoop.java:139) ~[client-1.20.1-20230612.114412-srg.jar%23206!/:?]
	at net.minecraft.client.gui.screens.worldselection.WorldOpenFlows.m_246486_(WorldOpenFlows.java:163) ~[client-1.20.1-20230612.114412-srg.jar%23206!/:?]
	at net.minecraft.client.gui.screens.worldselection.WorldOpenFlows.m_233122_(WorldOpenFlows.java:113) ~[client-1.20.1-20230612.114412-srg.jar%23206!/:?]
	at net.minecraft.client.gui.screens.worldselection.WorldOpenFlows.doLoadLevel(WorldOpenFlows.java:181) ~[client-1.20.1-20230612.114412-srg.jar%23206!/:?]
	at net.minecraft.client.gui.screens.worldselection.WorldOpenFlows.m_233145_(WorldOpenFlows.java:169) ~[client-1.20.1-20230612.114412-srg.jar%23206!/:?]
	at net.minecraft.client.gui.screens.worldselection.WorldOpenFlows.m_233133_(WorldOpenFlows.java:65) ~[client-1.20.1-20230612.114412-srg.jar%23206!/:?]
	at net.minecraft.client.gui.screens.worldselection.WorldSelectionList$WorldListEntry.m_101744_(WorldSelectionList.java:575) ~[client-1.20.1-20230612.114412-srg.jar%23206!/:?]
	at net.minecraft.client.gui.screens.worldselection.WorldSelectionList$WorldListEntry.m_101704_(WorldSelectionList.java:474) ~[client-1.20.1-20230612.114412-srg.jar%23206!/:?]
	at net.minecraft.client.gui.screens.worldselection.WorldSelectionList$WorldListEntry.m_6375_(WorldSelectionList.java:413) ~[client-1.20.1-20230612.114412-srg.jar%23206!/:?]
	at net.minecraft.client.gui.components.AbstractSelectionList.m_6375_(AbstractSelectionList.java:298) ~[client-1.20.1-20230612.114412-srg.jar%23206!/:?]
	at net.minecraft.client.gui.components.events.ContainerEventHandler.m_6375_(ContainerEventHandler.java:38) ~[client-1.20.1-20230612.114412-srg.jar%23206!/:?]
	at net.minecraft.client.MouseHandler.m_168084_(MouseHandler.java:92) ~[client-1.20.1-20230612.114412-srg.jar%23206!/:?]
	at net.minecraft.client.gui.screens.Screen.m_96579_(Screen.java:437) ~[client-1.20.1-20230612.114412-srg.jar%23206!/:?]
	at net.minecraft.client.MouseHandler.m_91530_(MouseHandler.java:89) ~[client-1.20.1-20230612.114412-srg.jar%23206!/:?]
	at net.minecraft.client.MouseHandler.m_168091_(MouseHandler.java:189) ~[client-1.20.1-20230612.114412-srg.jar%23206!/:?]
	at net.minecraft.util.thread.BlockableEventLoop.execute(BlockableEventLoop.java:102) ~[client-1.20.1-20230612.114412-srg.jar%23206!/:?]
	at net.minecraft.client.MouseHandler.m_91565_(MouseHandler.java:188) ~[client-1.20.1-20230612.114412-srg.jar%23206!/:?]
	at org.lwjgl.glfw.GLFWMouseButtonCallbackI.callback(GLFWMouseButtonCallbackI.java:43) ~[lwjgl-glfw-3.3.1.jar%23120!/:build 7]
	at org.lwjgl.system.JNI.invokeV(Native Method) ~[lwjgl-3.3.1.jar%23132!/:build 7]
	at org.lwjgl.glfw.GLFW.glfwWaitEventsTimeout(GLFW.java:3474) ~[lwjgl-glfw-3.3.1.jar%23120!/:build 7]
	at com.mojang.blaze3d.systems.RenderSystem.limitDisplayFPS(RenderSystem.java:237) ~[client-1.20.1-20230612.114412-srg.jar%23206!/:?]
	at net.minecraft.client.Minecraft.m_91383_(Minecraft.java:1173) ~[client-1.20.1-20230612.114412-srg.jar%23206!/:?]
	at net.minecraft.client.Minecraft.m_91374_(Minecraft.java:718) ~[client-1.20.1-20230612.114412-srg.jar%23206!/:?]
	at net.minecraft.client.main.Main.main(Main.java:218) ~[%e6%a4%8d%e7%89%a9%e7%a7%91%e6%8a%80.jar:?]
	at jdk.internal.reflect.DirectMethodHandleAccessor.invoke(DirectMethodHandleAccessor.java:103) ~[?:?]
	at java.lang.reflect.Method.invoke(Method.java:580) ~[?:?]
	at net.minecraftforge.fml.loading.targets.CommonLaunchHandler.runTarget(CommonLaunchHandler.java:111) ~[fmlloader-1.20.1-47.4.21.jar:?]
	at net.minecraftforge.fml.loading.targets.CommonLaunchHandler.clientService(CommonLaunchHandler.java:99) ~[fmlloader-1.20.1-47.4.21.jar:?]
	at net.minecraftforge.fml.loading.targets.CommonClientLaunchHandler.lambda$makeService$0(CommonClientLaunchHandler.java:25) ~[fmlloader-1.20.1-47.4.21.jar:?]
	at cpw.mods.modlauncher.LaunchServiceHandlerDecorator.launch(LaunchServiceHandlerDecorator.java:30) ~[modlauncher-10.0.9.jar:?]
	at cpw.mods.modlauncher.LaunchServiceHandler.launch(LaunchServiceHandler.java:53) ~[modlauncher-10.0.9.jar:?]
	at cpw.mods.modlauncher.LaunchServiceHandler.launch(LaunchServiceHandler.java:71) ~[modlauncher-10.0.9.jar:?]
	at cpw.mods.modlauncher.Launcher.run(Launcher.java:108) ~[modlauncher-10.0.9.jar:?]
	at cpw.mods.modlauncher.Launcher.main(Launcher.java:78) ~[modlauncher-10.0.9.jar:?]
	at cpw.mods.modlauncher.BootstrapLaunchConsumer.accept(BootstrapLaunchConsumer.java:26) ~[modlauncher-10.0.9.jar:?]
	at cpw.mods.modlauncher.BootstrapLaunchConsumer.accept(BootstrapLaunchConsumer.java:23) ~[modlauncher-10.0.9.jar:?]
	at cpw.mods.bootstraplauncher.BootstrapLauncher.main(BootstrapLauncher.java:141) ~[bootstraplauncher-1.1.2.jar:?]
[228月2026 22:28:24.606] [Render thread/INFO] [net.minecraft.world.item.crafting.RecipeManager/]: Skipping loading recipe aether_redux:stripped_glacia_wood_wall as it's serializer returned null
[228月2026 22:28:24.610] [Render thread/ERROR] [net.minecraft.world.item.crafting.RecipeManager/]: Parsing error loading recipe deep_aether:gravitite_ring
com.google.gson.JsonSyntaxException: Unknown item 'deep_aether:gravitite_ring'
	at net.minecraftforge.common.crafting.CraftingHelper.getItem(CraftingHelper.java:160) ~[forge-1.20.1-47.4.21-universal.jar%23211!/:?]
	at net.minecraftforge.common.crafting.CraftingHelper.getItemStack(CraftingHelper.java:186) ~[forge-1.20.1-47.4.21-universal.jar%23211!/:?]
	at net.minecraft.world.item.crafting.ShapedRecipe.m_151274_(ShapedRecipe.java:286) ~[client-1.20.1-20230612.114412-srg.jar%23206!/:?]
	at net.minecraft.world.item.crafting.ShapedRecipe$Serializer.m_6729_(ShapedRecipe.java:311) ~[client-1.20.1-20230612.114412-srg.jar%23206!/:?]
	at net.minecraft.world.item.crafting.ShapedRecipe$Serializer.m_6729_(ShapedRecipe.java:301) ~[client-1.20.1-20230612.114412-srg.jar%23206!/:?]
	at net.minecraftforge.common.extensions.IForgeRecipeSerializer.fromJson(IForgeRecipeSerializer.java:23) ~[forge-1.20.1-47.4.21-universal.jar%23211!/:?]
	at net.minecraft.world.item.crafting.RecipeManager.fromJson(RecipeManager.java:171) ~[client-1.20.1-20230612.114412-srg.jar%23206!/:?]
	at net.minecraft.world.item.crafting.RecipeManager.m_5787_(RecipeManager.java:67) ~[client-1.20.1-20230612.114412-srg.jar%23206!/:?]
	at net.minecraft.world.item.crafting.RecipeManager.m_5787_(RecipeManager.java:34) ~[client-1.20.1-20230612.114412-srg.jar%23206!/:?]
	at net.minecraft.server.packs.resources.SimplePreparableReloadListener.m_10789_(SimplePreparableReloadListener.java:13) ~[client-1.20.1-20230612.114412-srg.jar%23206!/:?]
	at java.util.concurrent.CompletableFuture$UniAccept.tryFire(CompletableFuture.java:718) ~[?:?]
	at java.util.concurrent.CompletableFuture$Completion.run(CompletableFuture.java:482) ~[?:?]
	at net.minecraft.server.packs.resources.SimpleReloadInstance.m_143940_(SimpleReloadInstance.java:69) ~[client-1.20.1-20230612.114412-srg.jar%23206!/:?]
	at net.minecraft.util.thread.BlockableEventLoop.m_6367_(BlockableEventLoop.java:156) ~[client-1.20.1-20230612.114412-srg.jar%23206!/:?]
	at net.minecraft.util.thread.ReentrantBlockableEventLoop.m_6367_(ReentrantBlockableEventLoop.java:23) ~[client-1.20.1-20230612.114412-srg.jar%23206!/:?]
	at net.minecraft.util.thread.BlockableEventLoop.m_7245_(BlockableEventLoop.java:130) ~[client-1.20.1-20230612.114412-srg.jar%23206!/:?]
	at net.minecraft.util.thread.BlockableEventLoop.m_18701_(BlockableEventLoop.java:139) ~[client-1.20.1-20230612.114412-srg.jar%23206!/:?]
	at net.minecraft.client.gui.screens.worldselection.WorldOpenFlows.m_246486_(WorldOpenFlows.java:163) ~[client-1.20.1-20230612.114412-srg.jar%23206!/:?]
	at net.minecraft.client.gui.screens.worldselection.WorldOpenFlows.m_233122_(WorldOpenFlows.java:113) ~[client-1.20.1-20230612.114412-srg.jar%23206!/:?]
	at net.minecraft.client.gui.screens.worldselection.WorldOpenFlows.doLoadLevel(WorldOpenFlows.java:181) ~[client-1.20.1-20230612.114412-srg.jar%23206!/:?]
	at net.minecraft.client.gui.screens.worldselection.WorldOpenFlows.m_233145_(WorldOpenFlows.java:169) ~[client-1.20.1-20230612.114412-srg.jar%23206!/:?]
	at net.minecraft.client.gui.screens.worldselection.WorldOpenFlows.m_233133_(WorldOpenFlows.java:65) ~[client-1.20.1-20230612.114412-srg.jar%23206!/:?]
	at net.minecraft.client.gui.screens.worldselection.WorldSelectionList$WorldListEntry.m_101744_(WorldSelectionList.java:575) ~[client-1.20.1-20230612.114412-srg.jar%23206!/:?]
	at net.minecraft.client.gui.screens.worldselection.WorldSelectionList$WorldListEntry.m_101704_(WorldSelectionList.java:474) ~[client-1.20.1-20230612.114412-srg.jar%23206!/:?]
	at net.minecraft.client.gui.screens.worldselection.WorldSelectionList$WorldListEntry.m_6375_(WorldSelectionList.java:413) ~[client-1.20.1-20230612.114412-srg.jar%23206!/:?]
	at net.minecraft.client.gui.components.AbstractSelectionList.m_6375_(AbstractSelectionList.java:298) ~[client-1.20.1-20230612.114412-srg.jar%23206!/:?]
	at net.minecraft.client.gui.components.events.ContainerEventHandler.m_6375_(ContainerEventHandler.java:38) ~[client-1.20.1-20230612.114412-srg.jar%23206!/:?]
	at net.minecraft.client.MouseHandler.m_168084_(MouseHandler.java:92) ~[client-1.20.1-20230612.114412-srg.jar%23206!/:?]
	at net.minecraft.client.gui.screens.Screen.m_96579_(Screen.java:437) ~[client-1.20.1-20230612.114412-srg.jar%23206!/:?]
	at net.minecraft.client.MouseHandler.m_91530_(MouseHandler.java:89) ~[client-1.20.1-20230612.114412-srg.jar%23206!/:?]
	at net.minecraft.client.MouseHandler.m_168091_(MouseHandler.java:189) ~[client-1.20.1-20230612.114412-srg.jar%23206!/:?]
	at net.minecraft.util.thread.BlockableEventLoop.execute(BlockableEventLoop.java:102) ~[client-1.20.1-20230612.114412-srg.jar%23206!/:?]
	at net.minecraft.client.MouseHandler.m_91565_(MouseHandler.java:188) ~[client-1.20.1-20230612.114412-srg.jar%23206!/:?]
	at org.lwjgl.glfw.GLFWMouseButtonCallbackI.callback(GLFWMouseButtonCallbackI.java:43) ~[lwjgl-glfw-3.3.1.jar%23120!/:build 7]
	at org.lwjgl.system.JNI.invokeV(Native Method) ~[lwjgl-3.3.1.jar%23132!/:build 7]
	at org.lwjgl.glfw.GLFW.glfwWaitEventsTimeout(GLFW.java:3474) ~[lwjgl-glfw-3.3.1.jar%23120!/:build 7]
	at com.mojang.blaze3d.systems.RenderSystem.limitDisplayFPS(RenderSystem.java:237) ~[client-1.20.1-20230612.114412-srg.jar%23206!/:?]
	at net.minecraft.client.Minecraft.m_91383_(Minecraft.java:1173) ~[client-1.20.1-20230612.114412-srg.jar%23206!/:?]
	at net.minecraft.client.Minecraft.m_91374_(Minecraft.java:718) ~[client-1.20.1-20230612.114412-srg.jar%23206!/:?]
	at net.minecraft.client.main.Main.main(Main.java:218) ~[%e6%a4%8d%e7%89%a9%e7%a7%91%e6%8a%80.jar:?]
	at jdk.internal.reflect.DirectMethodHandleAccessor.invoke(DirectMethodHandleAccessor.java:103) ~[?:?]
	at java.lang.reflect.Method.invoke(Method.java:580) ~[?:?]
	at net.minecraftforge.fml.loading.targets.CommonLaunchHandler.runTarget(CommonLaunchHandler.java:111) ~[fmlloader-1.20.1-47.4.21.jar:?]
	at net.minecraftforge.fml.loading.targets.CommonLaunchHandler.clientService(CommonLaunchHandler.java:99) ~[fmlloader-1.20.1-47.4.21.jar:?]
	at net.minecraftforge.fml.loading.targets.CommonClientLaunchHandler.lambda$makeService$0(CommonClientLaunchHandler.java:25) ~[fmlloader-1.20.1-47.4.21.jar:?]
	at cpw.mods.modlauncher.LaunchServiceHandlerDecorator.launch(LaunchServiceHandlerDecorator.java:30) ~[modlauncher-10.0.9.jar:?]
	at cpw.mods.modlauncher.LaunchServiceHandler.launch(LaunchServiceHandler.java:53) ~[modlauncher-10.0.9.jar:?]
	at cpw.mods.modlauncher.LaunchServiceHandler.launch(LaunchServiceHandler.java:71) ~[modlauncher-10.0.9.jar:?]
	at cpw.mods.modlauncher.Launcher.run(Launcher.java:108) ~[modlauncher-10.0.9.jar:?]
	at cpw.mods.modlauncher.Launcher.main(Launcher.java:78) ~[modlauncher-10.0.9.jar:?]
	at cpw.mods.modlauncher.BootstrapLaunchConsumer.accept(BootstrapLaunchConsumer.java:26) ~[modlauncher-10.0.9.jar:?]
	at cpw.mods.modlauncher.BootstrapLaunchConsumer.accept(BootstrapLaunchConsumer.java:23) ~[modlauncher-10.0.9.jar:?]
	at cpw.mods.bootstraplauncher.BootstrapLauncher.main(BootstrapLauncher.java:141) ~[bootstraplauncher-1.1.2.jar:?]
[228月2026 22:28:24.625] [Render thread/ERROR] [net.minecraft.world.item.crafting.RecipeManager/]: Parsing error loading recipe deep_aether:stratus_smithing_template_from_gravitite
com.google.gson.JsonSyntaxException: Unknown item 'deep_aether:stratus_smithing_template'
	at net.minecraft.world.item.crafting.ShapedRecipe.m_151280_(ShapedRecipe.java:292) ~[client-1.20.1-20230612.114412-srg.jar%23206!/:?]
	at java.util.Optional.orElseThrow(Optional.java:403) ~[?:?]
	at net.minecraft.world.item.crafting.ShapedRecipe.m_151278_(ShapedRecipe.java:291) ~[client-1.20.1-20230612.114412-srg.jar%23206!/:?]
	at net.minecraft.world.item.crafting.Ingredient.m_43919_(Ingredient.java:219) ~[client-1.20.1-20230612.114412-srg.jar%23206!/:?]
	at net.minecraftforge.common.crafting.VanillaIngredientSerializer.parse(VanillaIngredientSerializer.java:27) ~[forge-1.20.1-47.4.21-universal.jar%23211!/:?]
	at net.minecraftforge.common.crafting.CraftingHelper.getIngredient(CraftingHelper.java:148) ~[forge-1.20.1-47.4.21-universal.jar%23211!/:?]
	at net.minecraft.world.item.crafting.Ingredient.m_288218_(Ingredient.java:194) ~[client-1.20.1-20230612.114412-srg.jar%23206!/:?]
	at net.minecraft.world.item.crafting.ShapedRecipe.m_44210_(ShapedRecipe.java:278) ~[client-1.20.1-20230612.114412-srg.jar%23206!/:?]
	at net.minecraft.world.item.crafting.ShapedRecipe$Serializer.m_6729_(ShapedRecipe.java:306) ~[client-1.20.1-20230612.114412-srg.jar%23206!/:?]
	at net.minecraft.world.item.crafting.ShapedRecipe$Serializer.m_6729_(ShapedRecipe.java:301) ~[client-1.20.1-20230612.114412-srg.jar%23206!/:?]
	at net.minecraftforge.common.extensions.IForgeRecipeSerializer.fromJson(IForgeRecipeSerializer.java:23) ~[forge-1.20.1-47.4.21-universal.jar%23211!/:?]
	at net.minecraft.world.item.crafting.RecipeManager.fromJson(RecipeManager.java:171) ~[client-1.20.1-20230612.114412-srg.jar%23206!/:?]
	at net.minecraft.world.item.crafting.RecipeManager.m_5787_(RecipeManager.java:67) ~[client-1.20.1-20230612.114412-srg.jar%23206!/:?]
	at net.minecraft.world.item.crafting.RecipeManager.m_5787_(RecipeManager.java:34) ~[client-1.20.1-20230612.114412-srg.jar%23206!/:?]
	at net.minecraft.server.packs.resources.SimplePreparableReloadListener.m_10789_(SimplePreparableReloadListener.java:13) ~[client-1.20.1-20230612.114412-srg.jar%23206!/:?]
	at java.util.concurrent.CompletableFuture$UniAccept.tryFire(CompletableFuture.java:718) ~[?:?]
	at java.util.concurrent.CompletableFuture$Completion.run(CompletableFuture.java:482) ~[?:?]
	at net.minecraft.server.packs.resources.SimpleReloadInstance.m_143940_(SimpleReloadInstance.java:69) ~[client-1.20.1-20230612.114412-srg.jar%23206!/:?]
	at net.minecraft.util.thread.BlockableEventLoop.m_6367_(BlockableEventLoop.java:156) ~[client-1.20.1-20230612.114412-srg.jar%23206!/:?]
	at net.minecraft.util.thread.ReentrantBlockableEventLoop.m_6367_(ReentrantBlockableEventLoop.java:23) ~[client-1.20.1-20230612.114412-srg.jar%23206!/:?]
	at net.minecraft.util.thread.BlockableEventLoop.m_7245_(BlockableEventLoop.java:130) ~[client-1.20.1-20230612.114412-srg.jar%23206!/:?]
	at net.minecraft.util.thread.BlockableEventLoop.m_18701_(BlockableEventLoop.java:139) ~[client-1.20.1-20230612.114412-srg.jar%23206!/:?]
	at net.minecraft.client.gui.screens.worldselection.WorldOpenFlows.m_246486_(WorldOpenFlows.java:163) ~[client-1.20.1-20230612.114412-srg.jar%23206!/:?]
	at net.minecraft.client.gui.screens.worldselection.WorldOpenFlows.m_233122_(WorldOpenFlows.java:113) ~[client-1.20.1-20230612.114412-srg.jar%23206!/:?]
	at net.minecraft.client.gui.screens.worldselection.WorldOpenFlows.doLoadLevel(WorldOpenFlows.java:181) ~[client-1.20.1-20230612.114412-srg.jar%23206!/:?]
	at net.minecraft.client.gui.screens.worldselection.WorldOpenFlows.m_233145_(WorldOpenFlows.java:169) ~[client-1.20.1-20230612.114412-srg.jar%23206!/:?]
	at net.minecraft.client.gui.screens.worldselection.WorldOpenFlows.m_233133_(WorldOpenFlows.java:65) ~[client-1.20.1-20230612.114412-srg.jar%23206!/:?]
	at net.minecraft.client.gui.screens.worldselection.WorldSelectionList$WorldListEntry.m_101744_(WorldSelectionList.java:575) ~[client-1.20.1-20230612.114412-srg.jar%23206!/:?]
	at net.minecraft.client.gui.screens.worldselection.WorldSelectionList$WorldListEntry.m_101704_(WorldSelectionList.java:474) ~[client-1.20.1-20230612.114412-srg.jar%23206!/:?]
	at net.minecraft.client.gui.screens.worldselection.WorldSelectionList$WorldListEntry.m_6375_(WorldSelectionList.java:413) ~[client-1.20.1-20230612.114412-srg.jar%23206!/:?]
	at net.minecraft.client.gui.components.AbstractSelectionList.m_6375_(AbstractSelectionList.java:298) ~[client-1.20.1-20230612.114412-srg.jar%23206!/:?]
	at net.minecraft.client.gui.components.events.ContainerEventHandler.m_6375_(ContainerEventHandler.java:38) ~[client-1.20.1-20230612.114412-srg.jar%23206!/:?]
	at net.minecraft.client.MouseHandler.m_168084_(MouseHandler.java:92) ~[client-1.20.1-20230612.114412-srg.jar%23206!/:?]
	at net.minecraft.client.gui.screens.Screen.m_96579_(Screen.java:437) ~[client-1.20.1-20230612.114412-srg.jar%23206!/:?]
	at net.minecraft.client.MouseHandler.m_91530_(MouseHandler.java:89) ~[client-1.20.1-20230612.114412-srg.jar%23206!/:?]
	at net.minecraft.client.MouseHandler.m_168091_(MouseHandler.java:189) ~[client-1.20.1-20230612.114412-srg.jar%23206!/:?]
	at net.minecraft.util.thread.BlockableEventLoop.execute(BlockableEventLoop.java:102) ~[client-1.20.1-20230612.114412-srg.jar%23206!/:?]
	at net.minecraft.client.MouseHandler.m_91565_(MouseHandler.java:188) ~[client-1.20.1-20230612.114412-srg.jar%23206!/:?]
	at org.lwjgl.glfw.GLFWMouseButtonCallbackI.callback(GLFWMouseButtonCallbackI.java:43) ~[lwjgl-glfw-3.3.1.jar%23120!/:build 7]
	at org.lwjgl.system.JNI.invokeV(Native Method) ~[lwjgl-3.3.1.jar%23132!/:build 7]
	at org.lwjgl.glfw.GLFW.glfwWaitEventsTimeout(GLFW.java:3474) ~[lwjgl-glfw-3.3.1.jar%23120!/:build 7]
	at com.mojang.blaze3d.systems.RenderSystem.limitDisplayFPS(RenderSystem.java:237) ~[client-1.20.1-20230612.114412-srg.jar%23206!/:?]
	at net.minecraft.client.Minecraft.m_91383_(Minecraft.java:1173) ~[client-1.20.1-20230612.114412-srg.jar%23206!/:?]
	at net.minecraft.client.Minecraft.m_91374_(Minecraft.java:718) ~[client-1.20.1-20230612.114412-srg.jar%23206!/:?]
	at net.minecraft.client.main.Main.main(Main.java:218) ~[%e6%a4%8d%e7%89%a9%e7%a7%91%e6%8a%80.jar:?]
	at jdk.internal.reflect.DirectMethodHandleAccessor.invoke(DirectMethodHandleAccessor.java:103) ~[?:?]
	at java.lang.reflect.Method.invoke(Method.java:580) ~[?:?]
	at net.minecraftforge.fml.loading.targets.CommonLaunchHandler.runTarget(CommonLaunchHandler.java:111) ~[fmlloader-1.20.1-47.4.21.jar:?]
	at net.minecraftforge.fml.loading.targets.CommonLaunchHandler.clientService(CommonLaunchHandler.java:99) ~[fmlloader-1.20.1-47.4.21.jar:?]
	at net.minecraftforge.fml.loading.targets.CommonClientLaunchHandler.lambda$makeService$0(CommonClientLaunchHandler.java:25) ~[fmlloader-1.20.1-47.4.21.jar:?]
	at cpw.mods.modlauncher.LaunchServiceHandlerDecorator.launch(LaunchServiceHandlerDecorator.java:30) ~[modlauncher-10.0.9.jar:?]
	at cpw.mods.modlauncher.LaunchServiceHandler.launch(LaunchServiceHandler.java:53) ~[modlauncher-10.0.9.jar:?]
	at cpw.mods.modlauncher.LaunchServiceHandler.launch(LaunchServiceHandler.java:71) ~[modlauncher-10.0.9.jar:?]
	at cpw.mods.modlauncher.Launcher.run(Launcher.java:108) ~[modlauncher-10.0.9.jar:?]
	at cpw.mods.modlauncher.Launcher.main(Launcher.java:78) ~[modlauncher-10.0.9.jar:?]
	at cpw.mods.modlauncher.BootstrapLaunchConsumer.accept(BootstrapLaunchConsumer.java:26) ~[modlauncher-10.0.9.jar:?]
	at cpw.mods.modlauncher.BootstrapLaunchConsumer.accept(BootstrapLaunchConsumer.java:23) ~[modlauncher-10.0.9.jar:?]
	at cpw.mods.bootstraplauncher.BootstrapLauncher.main(BootstrapLauncher.java:141) ~[bootstraplauncher-1.1.2.jar:?]
[228月2026 22:28:24.628] [Render thread/ERROR] [net.minecraft.world.item.crafting.RecipeManager/]: Parsing error loading recipe immortalers_delight:test
com.google.gson.JsonSyntaxException: Missing output, expected to find a JsonObject
	at net.minecraft.util.GsonHelper.m_13930_(GsonHelper.java:421) ~[client-1.20.1-20230612.114412-srg.jar%23206!/:?]
	at com.renyigesai.immortalers_delight.recipe.PillagerKnifeAddPotionRecipe$Serializer.fromJson(PillagerKnifeAddPotionRecipe.java:100) ~[immortalers_delight-1.20.1-forge-1.2.3.jar%23198!/:1.20.1-forge-1.2.3]
	at com.renyigesai.immortalers_delight.recipe.PillagerKnifeAddPotionRecipe$Serializer.m_6729_(PillagerKnifeAddPotionRecipe.java:94) ~[immortalers_delight-1.20.1-forge-1.2.3.jar%23198!/:1.20.1-forge-1.2.3]
	at net.minecraftforge.common.extensions.IForgeRecipeSerializer.fromJson(IForgeRecipeSerializer.java:23) ~[forge-1.20.1-47.4.21-universal.jar%23211!/:?]
	at net.minecraft.world.item.crafting.RecipeManager.fromJson(RecipeManager.java:171) ~[client-1.20.1-20230612.114412-srg.jar%23206!/:?]
	at net.minecraft.world.item.crafting.RecipeManager.m_5787_(RecipeManager.java:67) ~[client-1.20.1-20230612.114412-srg.jar%23206!/:?]
	at net.minecraft.world.item.crafting.RecipeManager.m_5787_(RecipeManager.java:34) ~[client-1.20.1-20230612.114412-srg.jar%23206!/:?]
	at net.minecraft.server.packs.resources.SimplePreparableReloadListener.m_10789_(SimplePreparableReloadListener.java:13) ~[client-1.20.1-20230612.114412-srg.jar%23206!/:?]
	at java.util.concurrent.CompletableFuture$UniAccept.tryFire(CompletableFuture.java:718) ~[?:?]
	at java.util.concurrent.CompletableFuture$Completion.run(CompletableFuture.java:482) ~[?:?]
	at net.minecraft.server.packs.resources.SimpleReloadInstance.m_143940_(SimpleReloadInstance.java:69) ~[client-1.20.1-20230612.114412-srg.jar%23206!/:?]
	at net.minecraft.util.thread.BlockableEventLoop.m_6367_(BlockableEventLoop.java:156) ~[client-1.20.1-20230612.114412-srg.jar%23206!/:?]
	at net.minecraft.util.thread.ReentrantBlockableEventLoop.m_6367_(ReentrantBlockableEventLoop.java:23) ~[client-1.20.1-20230612.114412-srg.jar%23206!/:?]
	at net.minecraft.util.thread.BlockableEventLoop.m_7245_(BlockableEventLoop.java:130) ~[client-1.20.1-20230612.114412-srg.jar%23206!/:?]
	at net.minecraft.util.thread.BlockableEventLoop.m_18701_(BlockableEventLoop.java:139) ~[client-1.20.1-20230612.114412-srg.jar%23206!/:?]
	at net.minecraft.client.gui.screens.worldselection.WorldOpenFlows.m_246486_(WorldOpenFlows.java:163) ~[client-1.20.1-20230612.114412-srg.jar%23206!/:?]
	at net.minecraft.client.gui.screens.worldselection.WorldOpenFlows.m_233122_(WorldOpenFlows.java:113) ~[client-1.20.1-20230612.114412-srg.jar%23206!/:?]
	at net.minecraft.client.gui.screens.worldselection.WorldOpenFlows.doLoadLevel(WorldOpenFlows.java:181) ~[client-1.20.1-20230612.114412-srg.jar%23206!/:?]
	at net.minecraft.client.gui.screens.worldselection.WorldOpenFlows.m_233145_(WorldOpenFlows.java:169) ~[client-1.20.1-20230612.114412-srg.jar%23206!/:?]
	at net.minecraft.client.gui.screens.worldselection.WorldOpenFlows.m_233133_(WorldOpenFlows.java:65) ~[client-1.20.1-20230612.114412-srg.jar%23206!/:?]
	at net.minecraft.client.gui.screens.worldselection.WorldSelectionList$WorldListEntry.m_101744_(WorldSelectionList.java:575) ~[client-1.20.1-20230612.114412-srg.jar%23206!/:?]
	at net.minecraft.client.gui.screens.worldselection.WorldSelectionList$WorldListEntry.m_101704_(WorldSelectionList.java:474) ~[client-1.20.1-20230612.114412-srg.jar%23206!/:?]
	at net.minecraft.client.gui.screens.worldselection.WorldSelectionList$WorldListEntry.m_6375_(WorldSelectionList.java:413) ~[client-1.20.1-20230612.114412-srg.jar%23206!/:?]
	at net.minecraft.client.gui.components.AbstractSelectionList.m_6375_(AbstractSelectionList.java:298) ~[client-1.20.1-20230612.114412-srg.jar%23206!/:?]
	at net.minecraft.client.gui.components.events.ContainerEventHandler.m_6375_(ContainerEventHandler.java:38) ~[client-1.20.1-20230612.114412-srg.jar%23206!/:?]
	at net.minecraft.client.MouseHandler.m_168084_(MouseHandler.java:92) ~[client-1.20.1-20230612.114412-srg.jar%23206!/:?]
	at net.minecraft.client.gui.screens.Screen.m_96579_(Screen.java:437) ~[client-1.20.1-20230612.114412-srg.jar%23206!/:?]
	at net.minecraft.client.MouseHandler.m_91530_(MouseHandler.java:89) ~[client-1.20.1-20230612.114412-srg.jar%23206!/:?]
	at net.minecraft.client.MouseHandler.m_168091_(MouseHandler.java:189) ~[client-1.20.1-20230612.114412-srg.jar%23206!/:?]
	at net.minecraft.util.thread.BlockableEventLoop.execute(BlockableEventLoop.java:102) ~[client-1.20.1-20230612.114412-srg.jar%23206!/:?]
	at net.minecraft.client.MouseHandler.m_91565_(MouseHandler.java:188) ~[client-1.20.1-20230612.114412-srg.jar%23206!/:?]
	at org.lwjgl.glfw.GLFWMouseButtonCallbackI.callback(GLFWMouseButtonCallbackI.java:43) ~[lwjgl-glfw-3.3.1.jar%23120!/:build 7]
	at org.lwjgl.system.JNI.invokeV(Native Method) ~[lwjgl-3.3.1.jar%23132!/:build 7]
	at org.lwjgl.glfw.GLFW.glfwWaitEventsTimeout(GLFW.java:3474) ~[lwjgl-glfw-3.3.1.jar%23120!/:build 7]
	at com.mojang.blaze3d.systems.RenderSystem.limitDisplayFPS(RenderSystem.java:237) ~[client-1.20.1-20230612.114412-srg.jar%23206!/:?]
	at net.minecraft.client.Minecraft.m_91383_(Minecraft.java:1173) ~[client-1.20.1-20230612.114412-srg.jar%23206!/:?]
	at net.minecraft.client.Minecraft.m_91374_(Minecraft.java:718) ~[client-1.20.1-20230612.114412-srg.jar%23206!/:?]
	at net.minecraft.client.main.Main.main(Main.java:218) ~[%e6%a4%8d%e7%89%a9%e7%a7%91%e6%8a%80.jar:?]
	at jdk.internal.reflect.DirectMethodHandleAccessor.invoke(DirectMethodHandleAccessor.java:103) ~[?:?]
	at java.lang.reflect.Method.invoke(Method.java:580) ~[?:?]
	at net.minecraftforge.fml.loading.targets.CommonLaunchHandler.runTarget(CommonLaunchHandler.java:111) ~[fmlloader-1.20.1-47.4.21.jar:?]
	at net.minecraftforge.fml.loading.targets.CommonLaunchHandler.clientService(CommonLaunchHandler.java:99) ~[fmlloader-1.20.1-47.4.21.jar:?]
	at net.minecraftforge.fml.loading.targets.CommonClientLaunchHandler.lambda$makeService$0(CommonClientLaunchHandler.java:25) ~[fmlloader-1.20.1-47.4.21.jar:?]
	at cpw.mods.modlauncher.LaunchServiceHandlerDecorator.launch(LaunchServiceHandlerDecorator.java:30) ~[modlauncher-10.0.9.jar:?]
	at cpw.mods.modlauncher.LaunchServiceHandler.launch(LaunchServiceHandler.java:53) ~[modlauncher-10.0.9.jar:?]
	at cpw.mods.modlauncher.LaunchServiceHandler.launch(LaunchServiceHandler.java:71) ~[modlauncher-10.0.9.jar:?]
	at cpw.mods.modlauncher.Launcher.run(Launcher.java:108) ~[modlauncher-10.0.9.jar:?]
	at cpw.mods.modlauncher.Launcher.main(Launcher.java:78) ~[modlauncher-10.0.9.jar:?]
	at cpw.mods.modlauncher.BootstrapLaunchConsumer.accept(BootstrapLaunchConsumer.java:26) ~[modlauncher-10.0.9.jar:?]
	at cpw.mods.modlauncher.BootstrapLaunchConsumer.accept(BootstrapLaunchConsumer.java:23) ~[modlauncher-10.0.9.jar:?]
	at cpw.mods.bootstraplauncher.BootstrapLauncher.main(BootstrapLauncher.java:141) ~[bootstraplauncher-1.1.2.jar:?]
[228月2026 22:28:24.646] [Render thread/ERROR] [net.minecraft.world.item.crafting.RecipeManager/]: Parsing error loading recipe lost_aether_content:gravitite_shield
com.google.gson.JsonSyntaxException: Unknown item 'lost_aether_content:gravitite_shield'
	at net.minecraftforge.common.crafting.CraftingHelper.getItem(CraftingHelper.java:160) ~[forge-1.20.1-47.4.21-universal.jar%23211!/:?]
	at net.minecraftforge.common.crafting.CraftingHelper.getItemStack(CraftingHelper.java:186) ~[forge-1.20.1-47.4.21-universal.jar%23211!/:?]
	at net.minecraft.world.item.crafting.ShapedRecipe.m_151274_(ShapedRecipe.java:286) ~[client-1.20.1-20230612.114412-srg.jar%23206!/:?]
	at net.minecraft.world.item.crafting.ShapedRecipe$Serializer.m_6729_(ShapedRecipe.java:311) ~[client-1.20.1-20230612.114412-srg.jar%23206!/:?]
	at net.minecraft.world.item.crafting.ShapedRecipe$Serializer.m_6729_(ShapedRecipe.java:301) ~[client-1.20.1-20230612.114412-srg.jar%23206!/:?]
	at net.minecraftforge.common.extensions.IForgeRecipeSerializer.fromJson(IForgeRecipeSerializer.java:23) ~[forge-1.20.1-47.4.21-universal.jar%23211!/:?]
	at net.minecraft.world.item.crafting.RecipeManager.fromJson(RecipeManager.java:171) ~[client-1.20.1-20230612.114412-srg.jar%23206!/:?]
	at net.minecraft.world.item.crafting.RecipeManager.m_5787_(RecipeManager.java:67) ~[client-1.20.1-20230612.114412-srg.jar%23206!/:?]
	at net.minecraft.world.item.crafting.RecipeManager.m_5787_(RecipeManager.java:34) ~[client-1.20.1-20230612.114412-srg.jar%23206!/:?]
	at net.minecraft.server.packs.resources.SimplePreparableReloadListener.m_10789_(SimplePreparableReloadListener.java:13) ~[client-1.20.1-20230612.114412-srg.jar%23206!/:?]
	at java.util.concurrent.CompletableFuture$UniAccept.tryFire(CompletableFuture.java:718) ~[?:?]
	at java.util.concurrent.CompletableFuture$Completion.run(CompletableFuture.java:482) ~[?:?]
	at net.minecraft.server.packs.resources.SimpleReloadInstance.m_143940_(SimpleReloadInstance.java:69) ~[client-1.20.1-20230612.114412-srg.jar%23206!/:?]
	at net.minecraft.util.thread.BlockableEventLoop.m_6367_(BlockableEventLoop.java:156) ~[client-1.20.1-20230612.114412-srg.jar%23206!/:?]
	at net.minecraft.util.thread.ReentrantBlockableEventLoop.m_6367_(ReentrantBlockableEventLoop.java:23) ~[client-1.20.1-20230612.114412-srg.jar%23206!/:?]
	at net.minecraft.util.thread.BlockableEventLoop.m_7245_(BlockableEventLoop.java:130) ~[client-1.20.1-20230612.114412-srg.jar%23206!/:?]
	at net.minecraft.util.thread.BlockableEventLoop.m_18701_(BlockableEventLoop.java:139) ~[client-1.20.1-20230612.114412-srg.jar%23206!/:?]
	at net.minecraft.client.gui.screens.worldselection.WorldOpenFlows.m_246486_(WorldOpenFlows.java:163) ~[client-1.20.1-20230612.114412-srg.jar%23206!/:?]
	at net.minecraft.client.gui.screens.worldselection.WorldOpenFlows.m_233122_(WorldOpenFlows.java:113) ~[client-1.20.1-20230612.114412-srg.jar%23206!/:?]
	at net.minecraft.client.gui.screens.worldselection.WorldOpenFlows.doLoadLevel(WorldOpenFlows.java:181) ~[client-1.20.1-20230612.114412-srg.jar%23206!/:?]
	at net.minecraft.client.gui.screens.worldselection.WorldOpenFlows.m_233145_(WorldOpenFlows.java:169) ~[client-1.20.1-20230612.114412-srg.jar%23206!/:?]
	at net.minecraft.client.gui.screens.worldselection.WorldOpenFlows.m_233133_(WorldOpenFlows.java:65) ~[client-1.20.1-20230612.114412-srg.jar%23206!/:?]
	at net.minecraft.client.gui.screens.worldselection.WorldSelectionList$WorldListEntry.m_101744_(WorldSelectionList.java:575) ~[client-1.20.1-20230612.114412-srg.jar%23206!/:?]
	at net.minecraft.client.gui.screens.worldselection.WorldSelectionList$WorldListEntry.m_101704_(WorldSelectionList.java:474) ~[client-1.20.1-20230612.114412-srg.jar%23206!/:?]
	at net.minecraft.client.gui.screens.worldselection.WorldSelectionList$WorldListEntry.m_6375_(WorldSelectionList.java:413) ~[client-1.20.1-20230612.114412-srg.jar%23206!/:?]
	at net.minecraft.client.gui.components.AbstractSelectionList.m_6375_(AbstractSelectionList.java:298) ~[client-1.20.1-20230612.114412-srg.jar%23206!/:?]
	at net.minecraft.client.gui.components.events.ContainerEventHandler.m_6375_(ContainerEventHandler.java:38) ~[client-1.20.1-20230612.114412-srg.jar%23206!/:?]
	at net.minecraft.client.MouseHandler.m_168084_(MouseHandler.java:92) ~[client-1.20.1-20230612.114412-srg.jar%23206!/:?]
	at net.minecraft.client.gui.screens.Screen.m_96579_(Screen.java:437) ~[client-1.20.1-20230612.114412-srg.jar%23206!/:?]
	at net.minecraft.client.MouseHandler.m_91530_(MouseHandler.java:89) ~[client-1.20.1-20230612.114412-srg.jar%23206!/:?]
	at net.minecraft.client.MouseHandler.m_168091_(MouseHandler.java:189) ~[client-1.20.1-20230612.114412-srg.jar%23206!/:?]
	at net.minecraft.util.thread.BlockableEventLoop.execute(BlockableEventLoop.java:102) ~[client-1.20.1-20230612.114412-srg.jar%23206!/:?]
	at net.minecraft.client.MouseHandler.m_91565_(MouseHandler.java:188) ~[client-1.20.1-20230612.114412-srg.jar%23206!/:?]
	at org.lwjgl.glfw.GLFWMouseButtonCallbackI.callback(GLFWMouseButtonCallbackI.java:43) ~[lwjgl-glfw-3.3.1.jar%23120!/:build 7]
	at org.lwjgl.system.JNI.invokeV(Native Method) ~[lwjgl-3.3.1.jar%23132!/:build 7]
	at org.lwjgl.glfw.GLFW.glfwWaitEventsTimeout(GLFW.java:3474) ~[lwjgl-glfw-3.3.1.jar%23120!/:build 7]
	at com.mojang.blaze3d.systems.RenderSystem.limitDisplayFPS(RenderSystem.java:237) ~[client-1.20.1-20230612.114412-srg.jar%23206!/:?]
	at net.minecraft.client.Minecraft.m_91383_(Minecraft.java:1173) ~[client-1.20.1-20230612.114412-srg.jar%23206!/:?]
	at net.minecraft.client.Minecraft.m_91374_(Minecraft.java:718) ~[client-1.20.1-20230612.114412-srg.jar%23206!/:?]
	at net.minecraft.client.main.Main.main(Main.java:218) ~[%e6%a4%8d%e7%89%a9%e7%a7%91%e6%8a%80.jar:?]
	at jdk.internal.reflect.DirectMethodHandleAccessor.invoke(DirectMethodHandleAccessor.java:103) ~[?:?]
	at java.lang.reflect.Method.invoke(Method.java:580) ~[?:?]
	at net.minecraftforge.fml.loading.targets.CommonLaunchHandler.runTarget(CommonLaunchHandler.java:111) ~[fmlloader-1.20.1-47.4.21.jar:?]
	at net.minecraftforge.fml.loading.targets.CommonLaunchHandler.clientService(CommonLaunchHandler.java:99) ~[fmlloader-1.20.1-47.4.21.jar:?]
	at net.minecraftforge.fml.loading.targets.CommonClientLaunchHandler.lambda$makeService$0(CommonClientLaunchHandler.java:25) ~[fmlloader-1.20.1-47.4.21.jar:?]
	at cpw.mods.modlauncher.LaunchServiceHandlerDecorator.launch(LaunchServiceHandlerDecorator.java:30) ~[modlauncher-10.0.9.jar:?]
	at cpw.mods.modlauncher.LaunchServiceHandler.launch(LaunchServiceHandler.java:53) ~[modlauncher-10.0.9.jar:?]
	at cpw.mods.modlauncher.LaunchServiceHandler.launch(LaunchServiceHandler.java:71) ~[modlauncher-10.0.9.jar:?]
	at cpw.mods.modlauncher.Launcher.run(Launcher.java:108) ~[modlauncher-10.0.9.jar:?]
	at cpw.mods.modlauncher.Launcher.main(Launcher.java:78) ~[modlauncher-10.0.9.jar:?]
	at cpw.mods.modlauncher.BootstrapLaunchConsumer.accept(BootstrapLaunchConsumer.java:26) ~[modlauncher-10.0.9.jar:?]
	at cpw.mods.modlauncher.BootstrapLaunchConsumer.accept(BootstrapLaunchConsumer.java:23) ~[modlauncher-10.0.9.jar:?]
	at cpw.mods.bootstraplauncher.BootstrapLauncher.main(BootstrapLauncher.java:141) ~[bootstraplauncher-1.1.2.jar:?]
[228月2026 22:28:24.687] [Render thread/INFO] [net.minecraft.world.item.crafting.RecipeManager/]: Skipping loading recipe aether_redux:mouse_ear_soup as it's serializer returned null
[228月2026 22:28:24.695] [Render thread/ERROR] [net.minecraft.world.item.crafting.RecipeManager/]: Parsing error loading recipe aether_redux:genesis_dark_gummy_swet
com.google.gson.JsonSyntaxException: Unknown item 'aether_genesis:dark_swet_ball'
	at net.minecraft.world.item.crafting.ShapedRecipe.m_151280_(ShapedRecipe.java:292) ~[client-1.20.1-20230612.114412-srg.jar%23206!/:?]
	at java.util.Optional.orElseThrow(Optional.java:403) ~[?:?]
	at net.minecraft.world.item.crafting.ShapedRecipe.m_151278_(ShapedRecipe.java:291) ~[client-1.20.1-20230612.114412-srg.jar%23206!/:?]
	at net.minecraft.world.item.crafting.Ingredient.m_43919_(Ingredient.java:219) ~[client-1.20.1-20230612.114412-srg.jar%23206!/:?]
	at net.minecraftforge.common.crafting.VanillaIngredientSerializer.parse(VanillaIngredientSerializer.java:27) ~[forge-1.20.1-47.4.21-universal.jar%23211!/:?]
	at net.minecraftforge.common.crafting.CraftingHelper.getIngredient(CraftingHelper.java:148) ~[forge-1.20.1-47.4.21-universal.jar%23211!/:?]
	at net.minecraft.world.item.crafting.Ingredient.m_288218_(Ingredient.java:194) ~[client-1.20.1-20230612.114412-srg.jar%23206!/:?]
	at net.minecraft.world.item.crafting.ShapelessRecipe$Serializer.m_44275_(ShapelessRecipe.java:104) ~[client-1.20.1-20230612.114412-srg.jar%23206!/:?]
	at net.minecraft.world.item.crafting.ShapelessRecipe$Serializer.m_6729_(ShapelessRecipe.java:89) ~[client-1.20.1-20230612.114412-srg.jar%23206!/:?]
	at net.minecraft.world.item.crafting.ShapelessRecipe$Serializer.m_6729_(ShapelessRecipe.java:84) ~[client-1.20.1-20230612.114412-srg.jar%23206!/:?]
	at net.minecraftforge.common.extensions.IForgeRecipeSerializer.fromJson(IForgeRecipeSerializer.java:23) ~[forge-1.20.1-47.4.21-universal.jar%23211!/:?]
	at net.minecraft.world.item.crafting.RecipeManager.fromJson(RecipeManager.java:171) ~[client-1.20.1-20230612.114412-srg.jar%23206!/:?]
	at net.minecraft.world.item.crafting.RecipeManager.m_44045_(RecipeManager.java:164) ~[client-1.20.1-20230612.114412-srg.jar%23206!/:?]
	at net.minecraftforge.common.crafting.ConditionalRecipe$Serializer.fromJson(ConditionalRecipe.java:57) ~[forge-1.20.1-47.4.21-universal.jar%23211!/:?]
	at net.minecraft.world.item.crafting.RecipeManager.fromJson(RecipeManager.java:171) ~[client-1.20.1-20230612.114412-srg.jar%23206!/:?]
	at net.minecraft.world.item.crafting.RecipeManager.m_5787_(RecipeManager.java:67) ~[client-1.20.1-20230612.114412-srg.jar%23206!/:?]
	at net.minecraft.world.item.crafting.RecipeManager.m_5787_(RecipeManager.java:34) ~[client-1.20.1-20230612.114412-srg.jar%23206!/:?]
	at net.minecraft.server.packs.resources.SimplePreparableReloadListener.m_10789_(SimplePreparableReloadListener.java:13) ~[client-1.20.1-20230612.114412-srg.jar%23206!/:?]
	at java.util.concurrent.CompletableFuture$UniAccept.tryFire(CompletableFuture.java:718) ~[?:?]
	at java.util.concurrent.CompletableFuture$Completion.run(CompletableFuture.java:482) ~[?:?]
	at net.minecraft.server.packs.resources.SimpleReloadInstance.m_143940_(SimpleReloadInstance.java:69) ~[client-1.20.1-20230612.114412-srg.jar%23206!/:?]
	at net.minecraft.util.thread.BlockableEventLoop.m_6367_(BlockableEventLoop.java:156) ~[client-1.20.1-20230612.114412-srg.jar%23206!/:?]
	at net.minecraft.util.thread.ReentrantBlockableEventLoop.m_6367_(ReentrantBlockableEventLoop.java:23) ~[client-1.20.1-20230612.114412-srg.jar%23206!/:?]
	at net.minecraft.util.thread.BlockableEventLoop.m_7245_(BlockableEventLoop.java:130) ~[client-1.20.1-20230612.114412-srg.jar%23206!/:?]
	at net.minecraft.util.thread.BlockableEventLoop.m_18701_(BlockableEventLoop.java:139) ~[client-1.20.1-20230612.114412-srg.jar%23206!/:?]
	at net.minecraft.client.gui.screens.worldselection.WorldOpenFlows.m_246486_(WorldOpenFlows.java:163) ~[client-1.20.1-20230612.114412-srg.jar%23206!/:?]
	at net.minecraft.client.gui.screens.worldselection.WorldOpenFlows.m_233122_(WorldOpenFlows.java:113) ~[client-1.20.1-20230612.114412-srg.jar%23206!/:?]
	at net.minecraft.client.gui.screens.worldselection.WorldOpenFlows.doLoadLevel(WorldOpenFlows.java:181) ~[client-1.20.1-20230612.114412-srg.jar%23206!/:?]
	at net.minecraft.client.gui.screens.worldselection.WorldOpenFlows.m_233145_(WorldOpenFlows.java:169) ~[client-1.20.1-20230612.114412-srg.jar%23206!/:?]
	at net.minecraft.client.gui.screens.worldselection.WorldOpenFlows.m_233133_(WorldOpenFlows.java:65) ~[client-1.20.1-20230612.114412-srg.jar%23206!/:?]
	at net.minecraft.client.gui.screens.worldselection.WorldSelectionList$WorldListEntry.m_101744_(WorldSelectionList.java:575) ~[client-1.20.1-20230612.114412-srg.jar%23206!/:?]
	at net.minecraft.client.gui.screens.worldselection.WorldSelectionList$WorldListEntry.m_101704_(WorldSelectionList.java:474) ~[client-1.20.1-20230612.114412-srg.jar%23206!/:?]
	at net.minecraft.client.gui.screens.worldselection.WorldSelectionList$WorldListEntry.m_6375_(WorldSelectionList.java:413) ~[client-1.20.1-20230612.114412-srg.jar%23206!/:?]
	at net.minecraft.client.gui.components.AbstractSelectionList.m_6375_(AbstractSelectionList.java:298) ~[client-1.20.1-20230612.114412-srg.jar%23206!/:?]
	at net.minecraft.client.gui.components.events.ContainerEventHandler.m_6375_(ContainerEventHandler.java:38) ~[client-1.20.1-20230612.114412-srg.jar%23206!/:?]
	at net.minecraft.client.MouseHandler.m_168084_(MouseHandler.java:92) ~[client-1.20.1-20230612.114412-srg.jar%23206!/:?]
	at net.minecraft.client.gui.screens.Screen.m_96579_(Screen.java:437) ~[client-1.20.1-20230612.114412-srg.jar%23206!/:?]
	at net.minecraft.client.MouseHandler.m_91530_(MouseHandler.java:89) ~[client-1.20.1-20230612.114412-srg.jar%23206!/:?]
	at net.minecraft.client.MouseHandler.m_168091_(MouseHandler.java:189) ~[client-1.20.1-20230612.114412-srg.jar%23206!/:?]
	at net.minecraft.util.thread.BlockableEventLoop.execute(BlockableEventLoop.java:102) ~[client-1.20.1-20230612.114412-srg.jar%23206!/:?]
	at net.minecraft.client.MouseHandler.m_91565_(MouseHandler.java:188) ~[client-1.20.1-20230612.114412-srg.jar%23206!/:?]
	at org.lwjgl.glfw.GLFWMouseButtonCallbackI.callback(GLFWMouseButtonCallbackI.java:43) ~[lwjgl-glfw-3.3.1.jar%23120!/:build 7]
	at org.lwjgl.system.JNI.invokeV(Native Method) ~[lwjgl-3.3.1.jar%23132!/:build 7]
	at org.lwjgl.glfw.GLFW.glfwWaitEventsTimeout(GLFW.java:3474) ~[lwjgl-glfw-3.3.1.jar%23120!/:build 7]
	at com.mojang.blaze3d.systems.RenderSystem.limitDisplayFPS(RenderSystem.java:237) ~[client-1.20.1-20230612.114412-srg.jar%23206!/:?]
	at net.minecraft.client.Minecraft.m_91383_(Minecraft.java:1173) ~[client-1.20.1-20230612.114412-srg.jar%23206!/:?]
	at net.minecraft.client.Minecraft.m_91374_(Minecraft.java:718) ~[client-1.20.1-20230612.114412-srg.jar%23206!/:?]
	at net.minecraft.client.main.Main.main(Main.java:218) ~[%e6%a4%8d%e7%89%a9%e7%a7%91%e6%8a%80.jar:?]
	at jdk.internal.reflect.DirectMethodHandleAccessor.invoke(DirectMethodHandleAccessor.java:103) ~[?:?]
	at java.lang.reflect.Method.invoke(Method.java:580) ~[?:?]
	at net.minecraftforge.fml.loading.targets.CommonLaunchHandler.runTarget(CommonLaunchHandler.java:111) ~[fmlloader-1.20.1-47.4.21.jar:?]
	at net.minecraftforge.fml.loading.targets.CommonLaunchHandler.clientService(CommonLaunchHandler.java:99) ~[fmlloader-1.20.1-47.4.21.jar:?]
	at net.minecraftforge.fml.loading.targets.CommonClientLaunchHandler.lambda$makeService$0(CommonClientLaunchHandler.java:25) ~[fmlloader-1.20.1-47.4.21.jar:?]
	at cpw.mods.modlauncher.LaunchServiceHandlerDecorator.launch(LaunchServiceHandlerDecorator.java:30) ~[modlauncher-10.0.9.jar:?]
	at cpw.mods.modlauncher.LaunchServiceHandler.launch(LaunchServiceHandler.java:53) ~[modlauncher-10.0.9.jar:?]
	at cpw.mods.modlauncher.LaunchServiceHandler.launch(LaunchServiceHandler.java:71) ~[modlauncher-10.0.9.jar:?]
	at cpw.mods.modlauncher.Launcher.run(Launcher.java:108) ~[modlauncher-10.0.9.jar:?]
	at cpw.mods.modlauncher.Launcher.main(Launcher.java:78) ~[modlauncher-10.0.9.jar:?]
	at cpw.mods.modlauncher.BootstrapLaunchConsumer.accept(BootstrapLaunchConsumer.java:26) ~[modlauncher-10.0.9.jar:?]
	at cpw.mods.modlauncher.BootstrapLaunchConsumer.accept(BootstrapLaunchConsumer.java:23) ~[modlauncher-10.0.9.jar:?]
	at cpw.mods.bootstraplauncher.BootstrapLauncher.main(BootstrapLauncher.java:141) ~[bootstraplauncher-1.1.2.jar:?]
[228月2026 22:28:24.704] [Render thread/ERROR] [net.minecraft.world.item.crafting.RecipeManager/]: Parsing error loading recipe ancient_aether:ancient_rune
com.google.gson.JsonSyntaxException: Unknown item 'ancient_aether:ancient_rune'
	at net.minecraft.world.item.crafting.ShapedRecipe.m_151280_(ShapedRecipe.java:292) ~[client-1.20.1-20230612.114412-srg.jar%23206!/:?]
	at java.util.Optional.orElseThrow(Optional.java:403) ~[?:?]
	at net.minecraft.world.item.crafting.ShapedRecipe.m_151278_(ShapedRecipe.java:291) ~[client-1.20.1-20230612.114412-srg.jar%23206!/:?]
	at net.minecraft.world.item.crafting.Ingredient.m_43919_(Ingredient.java:219) ~[client-1.20.1-20230612.114412-srg.jar%23206!/:?]
	at net.minecraftforge.common.crafting.VanillaIngredientSerializer.parse(VanillaIngredientSerializer.java:27) ~[forge-1.20.1-47.4.21-universal.jar%23211!/:?]
	at net.minecraftforge.common.crafting.CraftingHelper.getIngredient(CraftingHelper.java:148) ~[forge-1.20.1-47.4.21-universal.jar%23211!/:?]
	at net.minecraft.world.item.crafting.Ingredient.m_288218_(Ingredient.java:194) ~[client-1.20.1-20230612.114412-srg.jar%23206!/:?]
	at net.minecraft.world.item.crafting.ShapedRecipe.m_44210_(ShapedRecipe.java:278) ~[client-1.20.1-20230612.114412-srg.jar%23206!/:?]
	at net.minecraft.world.item.crafting.ShapedRecipe$Serializer.m_6729_(ShapedRecipe.java:306) ~[client-1.20.1-20230612.114412-srg.jar%23206!/:?]
	at net.minecraft.world.item.crafting.ShapedRecipe$Serializer.m_6729_(ShapedRecipe.java:301) ~[client-1.20.1-20230612.114412-srg.jar%23206!/:?]
	at net.minecraftforge.common.extensions.IForgeRecipeSerializer.fromJson(IForgeRecipeSerializer.java:23) ~[forge-1.20.1-47.4.21-universal.jar%23211!/:?]
	at net.minecraft.world.item.crafting.RecipeManager.fromJson(RecipeManager.java:171) ~[client-1.20.1-20230612.114412-srg.jar%23206!/:?]
	at net.minecraft.world.item.crafting.RecipeManager.m_5787_(RecipeManager.java:67) ~[client-1.20.1-20230612.114412-srg.jar%23206!/:?]
	at net.minecraft.world.item.crafting.RecipeManager.m_5787_(RecipeManager.java:34) ~[client-1.20.1-20230612.114412-srg.jar%23206!/:?]
	at net.minecraft.server.packs.resources.SimplePreparableReloadListener.m_10789_(SimplePreparableReloadListener.java:13) ~[client-1.20.1-20230612.114412-srg.jar%23206!/:?]
	at java.util.concurrent.CompletableFuture$UniAccept.tryFire(CompletableFuture.java:718) ~[?:?]
	at java.util.concurrent.CompletableFuture$Completion.run(CompletableFuture.java:482) ~[?:?]
	at net.minecraft.server.packs.resources.SimpleReloadInstance.m_143940_(SimpleReloadInstance.java:69) ~[client-1.20.1-20230612.114412-srg.jar%23206!/:?]
	at net.minecraft.util.thread.BlockableEventLoop.m_6367_(BlockableEventLoop.java:156) ~[client-1.20.1-20230612.114412-srg.jar%23206!/:?]
	at net.minecraft.util.thread.ReentrantBlockableEventLoop.m_6367_(ReentrantBlockableEventLoop.java:23) ~[client-1.20.1-20230612.114412-srg.jar%23206!/:?]
	at net.minecraft.util.thread.BlockableEventLoop.m_7245_(BlockableEventLoop.java:130) ~[client-1.20.1-20230612.114412-srg.jar%23206!/:?]
	at net.minecraft.util.thread.BlockableEventLoop.m_18701_(BlockableEventLoop.java:139) ~[client-1.20.1-20230612.114412-srg.jar%23206!/:?]
	at net.minecraft.client.gui.screens.worldselection.WorldOpenFlows.m_246486_(WorldOpenFlows.java:163) ~[client-1.20.1-20230612.114412-srg.jar%23206!/:?]
	at net.minecraft.client.gui.screens.worldselection.WorldOpenFlows.m_233122_(WorldOpenFlows.java:113) ~[client-1.20.1-20230612.114412-srg.jar%23206!/:?]
	at net.minecraft.client.gui.screens.worldselection.WorldOpenFlows.doLoadLevel(WorldOpenFlows.java:181) ~[client-1.20.1-20230612.114412-srg.jar%23206!/:?]
	at net.minecraft.client.gui.screens.worldselection.WorldOpenFlows.m_233145_(WorldOpenFlows.java:169) ~[client-1.20.1-20230612.114412-srg.jar%23206!/:?]
	at net.minecraft.client.gui.screens.worldselection.WorldOpenFlows.m_233133_(WorldOpenFlows.java:65) ~[client-1.20.1-20230612.114412-srg.jar%23206!/:?]
	at net.minecraft.client.gui.screens.worldselection.WorldSelectionList$WorldListEntry.m_101744_(WorldSelectionList.java:575) ~[client-1.20.1-20230612.114412-srg.jar%23206!/:?]
	at net.minecraft.client.gui.screens.worldselection.WorldSelectionList$WorldListEntry.m_101704_(WorldSelectionList.java:474) ~[client-1.20.1-20230612.114412-srg.jar%23206!/:?]
	at net.minecraft.client.gui.screens.worldselection.WorldSelectionList$WorldListEntry.m_6375_(WorldSelectionList.java:413) ~[client-1.20.1-20230612.114412-srg.jar%23206!/:?]
	at net.minecraft.client.gui.components.AbstractSelectionList.m_6375_(AbstractSelectionList.java:298) ~[client-1.20.1-20230612.114412-srg.jar%23206!/:?]
	at net.minecraft.client.gui.components.events.ContainerEventHandler.m_6375_(ContainerEventHandler.java:38) ~[client-1.20.1-20230612.114412-srg.jar%23206!/:?]
	at net.minecraft.client.MouseHandler.m_168084_(MouseHandler.java:92) ~[client-1.20.1-20230612.114412-srg.jar%23206!/:?]
	at net.minecraft.client.gui.screens.Screen.m_96579_(Screen.java:437) ~[client-1.20.1-20230612.114412-srg.jar%23206!/:?]
	at net.minecraft.client.MouseHandler.m_91530_(MouseHandler.java:89) ~[client-1.20.1-20230612.114412-srg.jar%23206!/:?]
	at net.minecraft.client.MouseHandler.m_168091_(MouseHandler.java:189) ~[client-1.20.1-20230612.114412-srg.jar%23206!/:?]
	at net.minecraft.util.thread.BlockableEventLoop.execute(BlockableEventLoop.java:102) ~[client-1.20.1-20230612.114412-srg.jar%23206!/:?]
	at net.minecraft.client.MouseHandler.m_91565_(MouseHandler.java:188) ~[client-1.20.1-20230612.114412-srg.jar%23206!/:?]
	at org.lwjgl.glfw.GLFWMouseButtonCallbackI.callback(GLFWMouseButtonCallbackI.java:43) ~[lwjgl-glfw-3.3.1.jar%23120!/:build 7]
	at org.lwjgl.system.JNI.invokeV(Native Method) ~[lwjgl-3.3.1.jar%23132!/:build 7]
	at org.lwjgl.glfw.GLFW.glfwWaitEventsTimeout(GLFW.java:3474) ~[lwjgl-glfw-3.3.1.jar%23120!/:build 7]
	at com.mojang.blaze3d.systems.RenderSystem.limitDisplayFPS(RenderSystem.java:237) ~[client-1.20.1-20230612.114412-srg.jar%23206!/:?]
	at net.minecraft.client.Minecraft.m_91383_(Minecraft.java:1173) ~[client-1.20.1-20230612.114412-srg.jar%23206!/:?]
	at net.minecraft.client.Minecraft.m_91374_(Minecraft.java:718) ~[client-1.20.1-20230612.114412-srg.jar%23206!/:?]
	at net.minecraft.client.main.Main.main(Main.java:218) ~[%e6%a4%8d%e7%89%a9%e7%a7%91%e6%8a%80.jar:?]
	at jdk.internal.reflect.DirectMethodHandleAccessor.invoke(DirectMethodHandleAccessor.java:103) ~[?:?]
	at java.lang.reflect.Method.invoke(Method.java:580) ~[?:?]
	at net.minecraftforge.fml.loading.targets.CommonLaunchHandler.runTarget(CommonLaunchHandler.java:111) ~[fmlloader-1.20.1-47.4.21.jar:?]
	at net.minecraftforge.fml.loading.targets.CommonLaunchHandler.clientService(CommonLaunchHandler.java:99) ~[fmlloader-1.20.1-47.4.21.jar:?]
	at net.minecraftforge.fml.loading.targets.CommonClientLaunchHandler.lambda$makeService$0(CommonClientLaunchHandler.java:25) ~[fmlloader-1.20.1-47.4.21.jar:?]
	at cpw.mods.modlauncher.LaunchServiceHandlerDecorator.launch(LaunchServiceHandlerDecorator.java:30) ~[modlauncher-10.0.9.jar:?]
	at cpw.mods.modlauncher.LaunchServiceHandler.launch(LaunchServiceHandler.java:53) ~[modlauncher-10.0.9.jar:?]
	at cpw.mods.modlauncher.LaunchServiceHandler.launch(LaunchServiceHandler.java:71) ~[modlauncher-10.0.9.jar:?]
	at cpw.mods.modlauncher.Launcher.run(Launcher.java:108) ~[modlauncher-10.0.9.jar:?]
	at cpw.mods.modlauncher.Launcher.main(Launcher.java:78) ~[modlauncher-10.0.9.jar:?]
	at cpw.mods.modlauncher.BootstrapLaunchConsumer.accept(BootstrapLaunchConsumer.java:26) ~[modlauncher-10.0.9.jar:?]
	at cpw.mods.modlauncher.BootstrapLaunchConsumer.accept(BootstrapLaunchConsumer.java:23) ~[modlauncher-10.0.9.jar:?]
	at cpw.mods.bootstraplauncher.BootstrapLauncher.main(BootstrapLauncher.java:141) ~[bootstraplauncher-1.1.2.jar:?]
[228月2026 22:28:24.711] [Render thread/ERROR] [net.minecraft.world.item.crafting.RecipeManager/]: Parsing error loading recipe deep_aether:gravitite_ore_from_poison
com.google.gson.JsonSyntaxException: Invalid or unsupported recipe type 'deep_aether:poison_recipe'
	at net.minecraft.world.item.crafting.RecipeManager.m_220253_(RecipeManager.java:170) ~[client-1.20.1-20230612.114412-srg.jar%23206!/:?]
	at java.util.Optional.orElseThrow(Optional.java:403) ~[?:?]
	at net.minecraft.world.item.crafting.RecipeManager.fromJson(RecipeManager.java:169) ~[client-1.20.1-20230612.114412-srg.jar%23206!/:?]
	at net.minecraft.world.item.crafting.RecipeManager.m_5787_(RecipeManager.java:67) ~[client-1.20.1-20230612.114412-srg.jar%23206!/:?]
	at net.minecraft.world.item.crafting.RecipeManager.m_5787_(RecipeManager.java:34) ~[client-1.20.1-20230612.114412-srg.jar%23206!/:?]
	at net.minecraft.server.packs.resources.SimplePreparableReloadListener.m_10789_(SimplePreparableReloadListener.java:13) ~[client-1.20.1-20230612.114412-srg.jar%23206!/:?]
	at java.util.concurrent.CompletableFuture$UniAccept.tryFire(CompletableFuture.java:718) ~[?:?]
	at java.util.concurrent.CompletableFuture$Completion.run(CompletableFuture.java:482) ~[?:?]
	at net.minecraft.server.packs.resources.SimpleReloadInstance.m_143940_(SimpleReloadInstance.java:69) ~[client-1.20.1-20230612.114412-srg.jar%23206!/:?]
	at net.minecraft.util.thread.BlockableEventLoop.m_6367_(BlockableEventLoop.java:156) ~[client-1.20.1-20230612.114412-srg.jar%23206!/:?]
	at net.minecraft.util.thread.ReentrantBlockableEventLoop.m_6367_(ReentrantBlockableEventLoop.java:23) ~[client-1.20.1-20230612.114412-srg.jar%23206!/:?]
	at net.minecraft.util.thread.BlockableEventLoop.m_7245_(BlockableEventLoop.java:130) ~[client-1.20.1-20230612.114412-srg.jar%23206!/:?]
	at net.minecraft.util.thread.BlockableEventLoop.m_18701_(BlockableEventLoop.java:139) ~[client-1.20.1-20230612.114412-srg.jar%23206!/:?]
	at net.minecraft.client.gui.screens.worldselection.WorldOpenFlows.m_246486_(WorldOpenFlows.java:163) ~[client-1.20.1-20230612.114412-srg.jar%23206!/:?]
	at net.minecraft.client.gui.screens.worldselection.WorldOpenFlows.m_233122_(WorldOpenFlows.java:113) ~[client-1.20.1-20230612.114412-srg.jar%23206!/:?]
	at net.minecraft.client.gui.screens.worldselection.WorldOpenFlows.doLoadLevel(WorldOpenFlows.java:181) ~[client-1.20.1-20230612.114412-srg.jar%23206!/:?]
	at net.minecraft.client.gui.screens.worldselection.WorldOpenFlows.m_233145_(WorldOpenFlows.java:169) ~[client-1.20.1-20230612.114412-srg.jar%23206!/:?]
	at net.minecraft.client.gui.screens.worldselection.WorldOpenFlows.m_233133_(WorldOpenFlows.java:65) ~[client-1.20.1-20230612.114412-srg.jar%23206!/:?]
	at net.minecraft.client.gui.screens.worldselection.WorldSelectionList$WorldListEntry.m_101744_(WorldSelectionList.java:575) ~[client-1.20.1-20230612.114412-srg.jar%23206!/:?]
	at net.minecraft.client.gui.screens.worldselection.WorldSelectionList$WorldListEntry.m_101704_(WorldSelectionList.java:474) ~[client-1.20.1-20230612.114412-srg.jar%23206!/:?]
	at net.minecraft.client.gui.screens.worldselection.WorldSelectionList$WorldListEntry.m_6375_(WorldSelectionList.java:413) ~[client-1.20.1-20230612.114412-srg.jar%23206!/:?]
	at net.minecraft.client.gui.components.AbstractSelectionList.m_6375_(AbstractSelectionList.java:298) ~[client-1.20.1-20230612.114412-srg.jar%23206!/:?]
	at net.minecraft.client.gui.components.events.ContainerEventHandler.m_6375_(ContainerEventHandler.java:38) ~[client-1.20.1-20230612.114412-srg.jar%23206!/:?]
	at net.minecraft.client.MouseHandler.m_168084_(MouseHandler.java:92) ~[client-1.20.1-20230612.114412-srg.jar%23206!/:?]
	at net.minecraft.client.gui.screens.Screen.m_96579_(Screen.java:437) ~[client-1.20.1-20230612.114412-srg.jar%23206!/:?]
	at net.minecraft.client.MouseHandler.m_91530_(MouseHandler.java:89) ~[client-1.20.1-20230612.114412-srg.jar%23206!/:?]
	at net.minecraft.client.MouseHandler.m_168091_(MouseHandler.java:189) ~[client-1.20.1-20230612.114412-srg.jar%23206!/:?]
	at net.minecraft.util.thread.BlockableEventLoop.execute(BlockableEventLoop.java:102) ~[client-1.20.1-20230612.114412-srg.jar%23206!/:?]
	at net.minecraft.client.MouseHandler.m_91565_(MouseHandler.java:188) ~[client-1.20.1-20230612.114412-srg.jar%23206!/:?]
	at org.lwjgl.glfw.GLFWMouseButtonCallbackI.callback(GLFWMouseButtonCallbackI.java:43) ~[lwjgl-glfw-3.3.1.jar%23120!/:build 7]
	at org.lwjgl.system.JNI.invokeV(Native Method) ~[lwjgl-3.3.1.jar%23132!/:build 7]
	at org.lwjgl.glfw.GLFW.glfwWaitEventsTimeout(GLFW.java:3474) ~[lwjgl-glfw-3.3.1.jar%23120!/:build 7]
	at com.mojang.blaze3d.systems.RenderSystem.limitDisplayFPS(RenderSystem.java:237) ~[client-1.20.1-20230612.114412-srg.jar%23206!/:?]
	at net.minecraft.client.Minecraft.m_91383_(Minecraft.java:1173) ~[client-1.20.1-20230612.114412-srg.jar%23206!/:?]
	at net.minecraft.client.Minecraft.m_91374_(Minecraft.java:718) ~[client-1.20.1-20230612.114412-srg.jar%23206!/:?]
	at net.minecraft.client.main.Main.main(Main.java:218) ~[%e6%a4%8d%e7%89%a9%e7%a7%91%e6%8a%80.jar:?]
	at jdk.internal.reflect.DirectMethodHandleAccessor.invoke(DirectMethodHandleAccessor.java:103) ~[?:?]
	at java.lang.reflect.Method.invoke(Method.java:580) ~[?:?]
	at net.minecraftforge.fml.loading.targets.CommonLaunchHandler.runTarget(CommonLaunchHandler.java:111) ~[fmlloader-1.20.1-47.4.21.jar:?]
	at net.minecraftforge.fml.loading.targets.CommonLaunchHandler.clientService(CommonLaunchHandler.java:99) ~[fmlloader-1.20.1-47.4.21.jar:?]
	at net.minecraftforge.fml.loading.targets.CommonClientLaunchHandler.lambda$makeService$0(CommonClientLaunchHandler.java:25) ~[fmlloader-1.20.1-47.4.21.jar:?]
	at cpw.mods.modlauncher.LaunchServiceHandlerDecorator.launch(LaunchServiceHandlerDecorator.java:30) ~[modlauncher-10.0.9.jar:?]
	at cpw.mods.modlauncher.LaunchServiceHandler.launch(LaunchServiceHandler.java:53) ~[modlauncher-10.0.9.jar:?]
	at cpw.mods.modlauncher.LaunchServiceHandler.launch(LaunchServiceHandler.java:71) ~[modlauncher-10.0.9.jar:?]
	at cpw.mods.modlauncher.Launcher.run(Launcher.java:108) ~[modlauncher-10.0.9.jar:?]
	at cpw.mods.modlauncher.Launcher.main(Launcher.java:78) ~[modlauncher-10.0.9.jar:?]
	at cpw.mods.modlauncher.BootstrapLaunchConsumer.accept(BootstrapLaunchConsumer.java:26) ~[modlauncher-10.0.9.jar:?]
	at cpw.mods.modlauncher.BootstrapLaunchConsumer.accept(BootstrapLaunchConsumer.java:23) ~[modlauncher-10.0.9.jar:?]
	at cpw.mods.bootstraplauncher.BootstrapLauncher.main(BootstrapLauncher.java:141) ~[bootstraplauncher-1.1.2.jar:?]
[228月2026 22:28:24.716] [Render thread/ERROR] [net.minecraft.world.item.crafting.RecipeManager/]: Parsing error loading recipe immortalers_delight:pillagers_knife_add_potion
com.google.gson.JsonSyntaxException: Missing output, expected to find a JsonObject
	at net.minecraft.util.GsonHelper.m_13930_(GsonHelper.java:421) ~[client-1.20.1-20230612.114412-srg.jar%23206!/:?]
	at com.renyigesai.immortalers_delight.recipe.PillagerKnifeAddPotionRecipe$Serializer.fromJson(PillagerKnifeAddPotionRecipe.java:100) ~[immortalers_delight-1.20.1-forge-1.2.3.jar%23198!/:1.20.1-forge-1.2.3]
	at com.renyigesai.immortalers_delight.recipe.PillagerKnifeAddPotionRecipe$Serializer.m_6729_(PillagerKnifeAddPotionRecipe.java:94) ~[immortalers_delight-1.20.1-forge-1.2.3.jar%23198!/:1.20.1-forge-1.2.3]
	at net.minecraftforge.common.extensions.IForgeRecipeSerializer.fromJson(IForgeRecipeSerializer.java:23) ~[forge-1.20.1-47.4.21-universal.jar%23211!/:?]
	at net.minecraft.world.item.crafting.RecipeManager.fromJson(RecipeManager.java:171) ~[client-1.20.1-20230612.114412-srg.jar%23206!/:?]
	at net.minecraft.world.item.crafting.RecipeManager.m_5787_(RecipeManager.java:67) ~[client-1.20.1-20230612.114412-srg.jar%23206!/:?]
	at net.minecraft.world.item.crafting.RecipeManager.m_5787_(RecipeManager.java:34) ~[client-1.20.1-20230612.114412-srg.jar%23206!/:?]
	at net.minecraft.server.packs.resources.SimplePreparableReloadListener.m_10789_(SimplePreparableReloadListener.java:13) ~[client-1.20.1-20230612.114412-srg.jar%23206!/:?]
	at java.util.concurrent.CompletableFuture$UniAccept.tryFire(CompletableFuture.java:718) ~[?:?]
	at java.util.concurrent.CompletableFuture$Completion.run(CompletableFuture.java:482) ~[?:?]
	at net.minecraft.server.packs.resources.SimpleReloadInstance.m_143940_(SimpleReloadInstance.java:69) ~[client-1.20.1-20230612.114412-srg.jar%23206!/:?]
	at net.minecraft.util.thread.BlockableEventLoop.m_6367_(BlockableEventLoop.java:156) ~[client-1.20.1-20230612.114412-srg.jar%23206!/:?]
	at net.minecraft.util.thread.ReentrantBlockableEventLoop.m_6367_(ReentrantBlockableEventLoop.java:23) ~[client-1.20.1-20230612.114412-srg.jar%23206!/:?]
	at net.minecraft.util.thread.BlockableEventLoop.m_7245_(BlockableEventLoop.java:130) ~[client-1.20.1-20230612.114412-srg.jar%23206!/:?]
	at net.minecraft.util.thread.BlockableEventLoop.m_18701_(BlockableEventLoop.java:139) ~[client-1.20.1-20230612.114412-srg.jar%23206!/:?]
	at net.minecraft.client.gui.screens.worldselection.WorldOpenFlows.m_246486_(WorldOpenFlows.java:163) ~[client-1.20.1-20230612.114412-srg.jar%23206!/:?]
	at net.minecraft.client.gui.screens.worldselection.WorldOpenFlows.m_233122_(WorldOpenFlows.java:113) ~[client-1.20.1-20230612.114412-srg.jar%23206!/:?]
	at net.minecraft.client.gui.screens.worldselection.WorldOpenFlows.doLoadLevel(WorldOpenFlows.java:181) ~[client-1.20.1-20230612.114412-srg.jar%23206!/:?]
	at net.minecraft.client.gui.screens.worldselection.WorldOpenFlows.m_233145_(WorldOpenFlows.java:169) ~[client-1.20.1-20230612.114412-srg.jar%23206!/:?]
	at net.minecraft.client.gui.screens.worldselection.WorldOpenFlows.m_233133_(WorldOpenFlows.java:65) ~[client-1.20.1-20230612.114412-srg.jar%23206!/:?]
	at net.minecraft.client.gui.screens.worldselection.WorldSelectionList$WorldListEntry.m_101744_(WorldSelectionList.java:575) ~[client-1.20.1-20230612.114412-srg.jar%23206!/:?]
	at net.minecraft.client.gui.screens.worldselection.WorldSelectionList$WorldListEntry.m_101704_(WorldSelectionList.java:474) ~[client-1.20.1-20230612.114412-srg.jar%23206!/:?]
	at net.minecraft.client.gui.screens.worldselection.WorldSelectionList$WorldListEntry.m_6375_(WorldSelectionList.java:413) ~[client-1.20.1-20230612.114412-srg.jar%23206!/:?]
	at net.minecraft.client.gui.components.AbstractSelectionList.m_6375_(AbstractSelectionList.java:298) ~[client-1.20.1-20230612.114412-srg.jar%23206!/:?]
	at net.minecraft.client.gui.components.events.ContainerEventHandler.m_6375_(ContainerEventHandler.java:38) ~[client-1.20.1-20230612.114412-srg.jar%23206!/:?]
	at net.minecraft.client.MouseHandler.m_168084_(MouseHandler.java:92) ~[client-1.20.1-20230612.114412-srg.jar%23206!/:?]
	at net.minecraft.client.gui.screens.Screen.m_96579_(Screen.java:437) ~[client-1.20.1-20230612.114412-srg.jar%23206!/:?]
	at net.minecraft.client.MouseHandler.m_91530_(MouseHandler.java:89) ~[client-1.20.1-20230612.114412-srg.jar%23206!/:?]
	at net.minecraft.client.MouseHandler.m_168091_(MouseHandler.java:189) ~[client-1.20.1-20230612.114412-srg.jar%23206!/:?]
	at net.minecraft.util.thread.BlockableEventLoop.execute(BlockableEventLoop.java:102) ~[client-1.20.1-20230612.114412-srg.jar%23206!/:?]
	at net.minecraft.client.MouseHandler.m_91565_(MouseHandler.java:188) ~[client-1.20.1-20230612.114412-srg.jar%23206!/:?]
	at org.lwjgl.glfw.GLFWMouseButtonCallbackI.callback(GLFWMouseButtonCallbackI.java:43) ~[lwjgl-glfw-3.3.1.jar%23120!/:build 7]
	at org.lwjgl.system.JNI.invokeV(Native Method) ~[lwjgl-3.3.1.jar%23132!/:build 7]
	at org.lwjgl.glfw.GLFW.glfwWaitEventsTimeout(GLFW.java:3474) ~[lwjgl-glfw-3.3.1.jar%23120!/:build 7]
	at com.mojang.blaze3d.systems.RenderSystem.limitDisplayFPS(RenderSystem.java:237) ~[client-1.20.1-20230612.114412-srg.jar%23206!/:?]
	at net.minecraft.client.Minecraft.m_91383_(Minecraft.java:1173) ~[client-1.20.1-20230612.114412-srg.jar%23206!/:?]
	at net.minecraft.client.Minecraft.m_91374_(Minecraft.java:718) ~[client-1.20.1-20230612.114412-srg.jar%23206!/:?]
	at net.minecraft.client.main.Main.main(Main.java:218) ~[%e6%a4%8d%e7%89%a9%e7%a7%91%e6%8a%80.jar:?]
	at jdk.internal.reflect.DirectMethodHandleAccessor.invoke(DirectMethodHandleAccessor.java:103) ~[?:?]
	at java.lang.reflect.Method.invoke(Method.java:580) ~[?:?]
	at net.minecraftforge.fml.loading.targets.CommonLaunchHandler.runTarget(CommonLaunchHandler.java:111) ~[fmlloader-1.20.1-47.4.21.jar:?]
	at net.minecraftforge.fml.loading.targets.CommonLaunchHandler.clientService(CommonLaunchHandler.java:99) ~[fmlloader-1.20.1-47.4.21.jar:?]
	at net.minecraftforge.fml.loading.targets.CommonClientLaunchHandler.lambda$makeService$0(CommonClientLaunchHandler.java:25) ~[fmlloader-1.20.1-47.4.21.jar:?]
	at cpw.mods.modlauncher.LaunchServiceHandlerDecorator.launch(LaunchServiceHandlerDecorator.java:30) ~[modlauncher-10.0.9.jar:?]
	at cpw.mods.modlauncher.LaunchServiceHandler.launch(LaunchServiceHandler.java:53) ~[modlauncher-10.0.9.jar:?]
	at cpw.mods.modlauncher.LaunchServiceHandler.launch(LaunchServiceHandler.java:71) ~[modlauncher-10.0.9.jar:?]
	at cpw.mods.modlauncher.Launcher.run(Launcher.java:108) ~[modlauncher-10.0.9.jar:?]
	at cpw.mods.modlauncher.Launcher.main(Launcher.java:78) ~[modlauncher-10.0.9.jar:?]
	at cpw.mods.modlauncher.BootstrapLaunchConsumer.accept(BootstrapLaunchConsumer.java:26) ~[modlauncher-10.0.9.jar:?]
	at cpw.mods.modlauncher.BootstrapLaunchConsumer.accept(BootstrapLaunchConsumer.java:23) ~[modlauncher-10.0.9.jar:?]
	at cpw.mods.bootstraplauncher.BootstrapLauncher.main(BootstrapLauncher.java:141) ~[bootstraplauncher-1.1.2.jar:?]
[228月2026 22:28:24.721] [Render thread/INFO] [net.minecraft.world.item.crafting.RecipeManager/]: Skipping loading recipe aether_redux:stripped_fieldsproot_wood_wall as it's serializer returned null
[228月2026 22:28:24.728] [Render thread/ERROR] [net.minecraft.world.item.crafting.RecipeManager/]: Parsing error loading recipe deep_aether:stratus_ingot
com.google.gson.JsonSyntaxException: Unknown item 'deep_aether:chromatic_aercloud'
	at net.minecraft.world.item.crafting.ShapedRecipe.m_151280_(ShapedRecipe.java:292) ~[client-1.20.1-20230612.114412-srg.jar%23206!/:?]
	at java.util.Optional.orElseThrow(Optional.java:403) ~[?:?]
	at net.minecraft.world.item.crafting.ShapedRecipe.m_151278_(ShapedRecipe.java:291) ~[client-1.20.1-20230612.114412-srg.jar%23206!/:?]
	at net.minecraft.world.item.crafting.Ingredient.m_43919_(Ingredient.java:219) ~[client-1.20.1-20230612.114412-srg.jar%23206!/:?]
	at net.minecraftforge.common.crafting.VanillaIngredientSerializer.parse(VanillaIngredientSerializer.java:27) ~[forge-1.20.1-47.4.21-universal.jar%23211!/:?]
	at net.minecraftforge.common.crafting.CraftingHelper.getIngredient(CraftingHelper.java:148) ~[forge-1.20.1-47.4.21-universal.jar%23211!/:?]
	at net.minecraft.world.item.crafting.Ingredient.m_288218_(Ingredient.java:194) ~[client-1.20.1-20230612.114412-srg.jar%23206!/:?]
	at net.minecraft.world.item.crafting.ShapelessRecipe$Serializer.m_44275_(ShapelessRecipe.java:104) ~[client-1.20.1-20230612.114412-srg.jar%23206!/:?]
	at net.minecraft.world.item.crafting.ShapelessRecipe$Serializer.m_6729_(ShapelessRecipe.java:89) ~[client-1.20.1-20230612.114412-srg.jar%23206!/:?]
	at net.minecraft.world.item.crafting.ShapelessRecipe$Serializer.m_6729_(ShapelessRecipe.java:84) ~[client-1.20.1-20230612.114412-srg.jar%23206!/:?]
	at net.minecraftforge.common.extensions.IForgeRecipeSerializer.fromJson(IForgeRecipeSerializer.java:23) ~[forge-1.20.1-47.4.21-universal.jar%23211!/:?]
	at net.minecraft.world.item.crafting.RecipeManager.fromJson(RecipeManager.java:171) ~[client-1.20.1-20230612.114412-srg.jar%23206!/:?]
	at net.minecraft.world.item.crafting.RecipeManager.m_5787_(RecipeManager.java:67) ~[client-1.20.1-20230612.114412-srg.jar%23206!/:?]
	at net.minecraft.world.item.crafting.RecipeManager.m_5787_(RecipeManager.java:34) ~[client-1.20.1-20230612.114412-srg.jar%23206!/:?]
	at net.minecraft.server.packs.resources.SimplePreparableReloadListener.m_10789_(SimplePreparableReloadListener.java:13) ~[client-1.20.1-20230612.114412-srg.jar%23206!/:?]
	at java.util.concurrent.CompletableFuture$UniAccept.tryFire(CompletableFuture.java:718) ~[?:?]
	at java.util.concurrent.CompletableFuture$Completion.run(CompletableFuture.java:482) ~[?:?]
	at net.minecraft.server.packs.resources.SimpleReloadInstance.m_143940_(SimpleReloadInstance.java:69) ~[client-1.20.1-20230612.114412-srg.jar%23206!/:?]
	at net.minecraft.util.thread.BlockableEventLoop.m_6367_(BlockableEventLoop.java:156) ~[client-1.20.1-20230612.114412-srg.jar%23206!/:?]
	at net.minecraft.util.thread.ReentrantBlockableEventLoop.m_6367_(ReentrantBlockableEventLoop.java:23) ~[client-1.20.1-20230612.114412-srg.jar%23206!/:?]
	at net.minecraft.util.thread.BlockableEventLoop.m_7245_(BlockableEventLoop.java:130) ~[client-1.20.1-20230612.114412-srg.jar%23206!/:?]
	at net.minecraft.util.thread.BlockableEventLoop.m_18701_(BlockableEventLoop.java:139) ~[client-1.20.1-20230612.114412-srg.jar%23206!/:?]
	at net.minecraft.client.gui.screens.worldselection.WorldOpenFlows.m_246486_(WorldOpenFlows.java:163) ~[client-1.20.1-20230612.114412-srg.jar%23206!/:?]
	at net.minecraft.client.gui.screens.worldselection.WorldOpenFlows.m_233122_(WorldOpenFlows.java:113) ~[client-1.20.1-20230612.114412-srg.jar%23206!/:?]
	at net.minecraft.client.gui.screens.worldselection.WorldOpenFlows.doLoadLevel(WorldOpenFlows.java:181) ~[client-1.20.1-20230612.114412-srg.jar%23206!/:?]
	at net.minecraft.client.gui.screens.worldselection.WorldOpenFlows.m_233145_(WorldOpenFlows.java:169) ~[client-1.20.1-20230612.114412-srg.jar%23206!/:?]
	at net.minecraft.client.gui.screens.worldselection.WorldOpenFlows.m_233133_(WorldOpenFlows.java:65) ~[client-1.20.1-20230612.114412-srg.jar%23206!/:?]
	at net.minecraft.client.gui.screens.worldselection.WorldSelectionList$WorldListEntry.m_101744_(WorldSelectionList.java:575) ~[client-1.20.1-20230612.114412-srg.jar%23206!/:?]
	at net.minecraft.client.gui.screens.worldselection.WorldSelectionList$WorldListEntry.m_101704_(WorldSelectionList.java:474) ~[client-1.20.1-20230612.114412-srg.jar%23206!/:?]
	at net.minecraft.client.gui.screens.worldselection.WorldSelectionList$WorldListEntry.m_6375_(WorldSelectionList.java:413) ~[client-1.20.1-20230612.114412-srg.jar%23206!/:?]
	at net.minecraft.client.gui.components.AbstractSelectionList.m_6375_(AbstractSelectionList.java:298) ~[client-1.20.1-20230612.114412-srg.jar%23206!/:?]
	at net.minecraft.client.gui.components.events.ContainerEventHandler.m_6375_(ContainerEventHandler.java:38) ~[client-1.20.1-20230612.114412-srg.jar%23206!/:?]
	at net.minecraft.client.MouseHandler.m_168084_(MouseHandler.java:92) ~[client-1.20.1-20230612.114412-srg.jar%23206!/:?]
	at net.minecraft.client.gui.screens.Screen.m_96579_(Screen.java:437) ~[client-1.20.1-20230612.114412-srg.jar%23206!/:?]
	at net.minecraft.client.MouseHandler.m_91530_(MouseHandler.java:89) ~[client-1.20.1-20230612.114412-srg.jar%23206!/:?]
	at net.minecraft.client.MouseHandler.m_168091_(MouseHandler.java:189) ~[client-1.20.1-20230612.114412-srg.jar%23206!/:?]
	at net.minecraft.util.thread.BlockableEventLoop.execute(BlockableEventLoop.java:102) ~[client-1.20.1-20230612.114412-srg.jar%23206!/:?]
	at net.minecraft.client.MouseHandler.m_91565_(MouseHandler.java:188) ~[client-1.20.1-20230612.114412-srg.jar%23206!/:?]
	at org.lwjgl.glfw.GLFWMouseButtonCallbackI.callback(GLFWMouseButtonCallbackI.java:43) ~[lwjgl-glfw-3.3.1.jar%23120!/:build 7]
	at org.lwjgl.system.JNI.invokeV(Native Method) ~[lwjgl-3.3.1.jar%23132!/:build 7]
	at org.lwjgl.glfw.GLFW.glfwWaitEventsTimeout(GLFW.java:3474) ~[lwjgl-glfw-3.3.1.jar%23120!/:build 7]
	at com.mojang.blaze3d.systems.RenderSystem.limitDisplayFPS(RenderSystem.java:237) ~[client-1.20.1-20230612.114412-srg.jar%23206!/:?]
	at net.minecraft.client.Minecraft.m_91383_(Minecraft.java:1173) ~[client-1.20.1-20230612.114412-srg.jar%23206!/:?]
	at net.minecraft.client.Minecraft.m_91374_(Minecraft.java:718) ~[client-1.20.1-20230612.114412-srg.jar%23206!/:?]
	at net.minecraft.client.main.Main.main(Main.java:218) ~[%e6%a4%8d%e7%89%a9%e7%a7%91%e6%8a%80.jar:?]
	at jdk.internal.reflect.DirectMethodHandleAccessor.invoke(DirectMethodHandleAccessor.java:103) ~[?:?]
	at java.lang.reflect.Method.invoke(Method.java:580) ~[?:?]
	at net.minecraftforge.fml.loading.targets.CommonLaunchHandler.runTarget(CommonLaunchHandler.java:111) ~[fmlloader-1.20.1-47.4.21.jar:?]
	at net.minecraftforge.fml.loading.targets.CommonLaunchHandler.clientService(CommonLaunchHandler.java:99) ~[fmlloader-1.20.1-47.4.21.jar:?]
	at net.minecraftforge.fml.loading.targets.CommonClientLaunchHandler.lambda$makeService$0(CommonClientLaunchHandler.java:25) ~[fmlloader-1.20.1-47.4.21.jar:?]
	at cpw.mods.modlauncher.LaunchServiceHandlerDecorator.launch(LaunchServiceHandlerDecorator.java:30) ~[modlauncher-10.0.9.jar:?]
	at cpw.mods.modlauncher.LaunchServiceHandler.launch(LaunchServiceHandler.java:53) ~[modlauncher-10.0.9.jar:?]
	at cpw.mods.modlauncher.LaunchServiceHandler.launch(LaunchServiceHandler.java:71) ~[modlauncher-10.0.9.jar:?]
	at cpw.mods.modlauncher.Launcher.run(Launcher.java:108) ~[modlauncher-10.0.9.jar:?]
	at cpw.mods.modlauncher.Launcher.main(Launcher.java:78) ~[modlauncher-10.0.9.jar:?]
	at cpw.mods.modlauncher.BootstrapLaunchConsumer.accept(BootstrapLaunchConsumer.java:26) ~[modlauncher-10.0.9.jar:?]
	at cpw.mods.modlauncher.BootstrapLaunchConsumer.accept(BootstrapLaunchConsumer.java:23) ~[modlauncher-10.0.9.jar:?]
	at cpw.mods.bootstraplauncher.BootstrapLauncher.main(BootstrapLauncher.java:141) ~[bootstraplauncher-1.1.2.jar:?]
[228月2026 22:28:24.730] [Render thread/INFO] [net.minecraft.world.item.crafting.RecipeManager/]: Skipping loading recipe aether_redux:jellyshroom_hyphae_wall as it's serializer returned null
[228月2026 22:28:24.756] [Render thread/INFO] [net.minecraft.world.item.crafting.RecipeManager/]: Skipping loading recipe aether_redux:stripped_fieldsproot_log_wall as it's serializer returned null
[228月2026 22:28:24.757] [Render thread/ERROR] [net.minecraft.world.item.crafting.RecipeManager/]: Parsing error loading recipe aether_treasure_reforging:phoenix_upgrade_smithing_template
com.google.gson.JsonSyntaxException: Unknown item 'aether_treasure_reforging:phoenix_upgrade_smithing_template'
	at net.minecraft.world.item.crafting.ShapedRecipe.m_151280_(ShapedRecipe.java:292) ~[client-1.20.1-20230612.114412-srg.jar%23206!/:?]
	at java.util.Optional.orElseThrow(Optional.java:403) ~[?:?]
	at net.minecraft.world.item.crafting.ShapedRecipe.m_151278_(ShapedRecipe.java:291) ~[client-1.20.1-20230612.114412-srg.jar%23206!/:?]
	at net.minecraft.world.item.crafting.Ingredient.m_43919_(Ingredient.java:219) ~[client-1.20.1-20230612.114412-srg.jar%23206!/:?]
	at net.minecraftforge.common.crafting.VanillaIngredientSerializer.parse(VanillaIngredientSerializer.java:27) ~[forge-1.20.1-47.4.21-universal.jar%23211!/:?]
	at net.minecraftforge.common.crafting.CraftingHelper.getIngredient(CraftingHelper.java:148) ~[forge-1.20.1-47.4.21-universal.jar%23211!/:?]
	at net.minecraft.world.item.crafting.Ingredient.m_288218_(Ingredient.java:194) ~[client-1.20.1-20230612.114412-srg.jar%23206!/:?]
	at net.minecraft.world.item.crafting.ShapedRecipe.m_44210_(ShapedRecipe.java:278) ~[client-1.20.1-20230612.114412-srg.jar%23206!/:?]
	at net.minecraft.world.item.crafting.ShapedRecipe$Serializer.m_6729_(ShapedRecipe.java:306) ~[client-1.20.1-20230612.114412-srg.jar%23206!/:?]
	at net.minecraft.world.item.crafting.ShapedRecipe$Serializer.m_6729_(ShapedRecipe.java:301) ~[client-1.20.1-20230612.114412-srg.jar%23206!/:?]
	at net.minecraftforge.common.extensions.IForgeRecipeSerializer.fromJson(IForgeRecipeSerializer.java:23) ~[forge-1.20.1-47.4.21-universal.jar%23211!/:?]
	at net.minecraft.world.item.crafting.RecipeManager.fromJson(RecipeManager.java:171) ~[client-1.20.1-20230612.114412-srg.jar%23206!/:?]
	at net.minecraft.world.item.crafting.RecipeManager.m_5787_(RecipeManager.java:67) ~[client-1.20.1-20230612.114412-srg.jar%23206!/:?]
	at net.minecraft.world.item.crafting.RecipeManager.m_5787_(RecipeManager.java:34) ~[client-1.20.1-20230612.114412-srg.jar%23206!/:?]
	at net.minecraft.server.packs.resources.SimplePreparableReloadListener.m_10789_(SimplePreparableReloadListener.java:13) ~[client-1.20.1-20230612.114412-srg.jar%23206!/:?]
	at java.util.concurrent.CompletableFuture$UniAccept.tryFire(CompletableFuture.java:718) ~[?:?]
	at java.util.concurrent.CompletableFuture$Completion.run(CompletableFuture.java:482) ~[?:?]
	at net.minecraft.server.packs.resources.SimpleReloadInstance.m_143940_(SimpleReloadInstance.java:69) ~[client-1.20.1-20230612.114412-srg.jar%23206!/:?]
	at net.minecraft.util.thread.BlockableEventLoop.m_6367_(BlockableEventLoop.java:156) ~[client-1.20.1-20230612.114412-srg.jar%23206!/:?]
	at net.minecraft.util.thread.ReentrantBlockableEventLoop.m_6367_(ReentrantBlockableEventLoop.java:23) ~[client-1.20.1-20230612.114412-srg.jar%23206!/:?]
	at net.minecraft.util.thread.BlockableEventLoop.m_7245_(BlockableEventLoop.java:130) ~[client-1.20.1-20230612.114412-srg.jar%23206!/:?]
	at net.minecraft.util.thread.BlockableEventLoop.m_18701_(BlockableEventLoop.java:139) ~[client-1.20.1-20230612.114412-srg.jar%23206!/:?]
	at net.minecraft.client.gui.screens.worldselection.WorldOpenFlows.m_246486_(WorldOpenFlows.java:163) ~[client-1.20.1-20230612.114412-srg.jar%23206!/:?]
	at net.minecraft.client.gui.screens.worldselection.WorldOpenFlows.m_233122_(WorldOpenFlows.java:113) ~[client-1.20.1-20230612.114412-srg.jar%23206!/:?]
	at net.minecraft.client.gui.screens.worldselection.WorldOpenFlows.doLoadLevel(WorldOpenFlows.java:181) ~[client-1.20.1-20230612.114412-srg.jar%23206!/:?]
	at net.minecraft.client.gui.screens.worldselection.WorldOpenFlows.m_233145_(WorldOpenFlows.java:169) ~[client-1.20.1-20230612.114412-srg.jar%23206!/:?]
	at net.minecraft.client.gui.screens.worldselection.WorldOpenFlows.m_233133_(WorldOpenFlows.java:65) ~[client-1.20.1-20230612.114412-srg.jar%23206!/:?]
	at net.minecraft.client.gui.screens.worldselection.WorldSelectionList$WorldListEntry.m_101744_(WorldSelectionList.java:575) ~[client-1.20.1-20230612.114412-srg.jar%23206!/:?]
	at net.minecraft.client.gui.screens.worldselection.WorldSelectionList$WorldListEntry.m_101704_(WorldSelectionList.java:474) ~[client-1.20.1-20230612.114412-srg.jar%23206!/:?]
	at net.minecraft.client.gui.screens.worldselection.WorldSelectionList$WorldListEntry.m_6375_(WorldSelectionList.java:413) ~[client-1.20.1-20230612.114412-srg.jar%23206!/:?]
	at net.minecraft.client.gui.components.AbstractSelectionList.m_6375_(AbstractSelectionList.java:298) ~[client-1.20.1-20230612.114412-srg.jar%23206!/:?]
	at net.minecraft.client.gui.components.events.ContainerEventHandler.m_6375_(ContainerEventHandler.java:38) ~[client-1.20.1-20230612.114412-srg.jar%23206!/:?]
	at net.minecraft.client.MouseHandler.m_168084_(MouseHandler.java:92) ~[client-1.20.1-20230612.114412-srg.jar%23206!/:?]
	at net.minecraft.client.gui.screens.Screen.m_96579_(Screen.java:437) ~[client-1.20.1-20230612.114412-srg.jar%23206!/:?]
	at net.minecraft.client.MouseHandler.m_91530_(MouseHandler.java:89) ~[client-1.20.1-20230612.114412-srg.jar%23206!/:?]
	at net.minecraft.client.MouseHandler.m_168091_(MouseHandler.java:189) ~[client-1.20.1-20230612.114412-srg.jar%23206!/:?]
	at net.minecraft.util.thread.BlockableEventLoop.execute(BlockableEventLoop.java:102) ~[client-1.20.1-20230612.114412-srg.jar%23206!/:?]
	at net.minecraft.client.MouseHandler.m_91565_(MouseHandler.java:188) ~[client-1.20.1-20230612.114412-srg.jar%23206!/:?]
	at org.lwjgl.glfw.GLFWMouseButtonCallbackI.callback(GLFWMouseButtonCallbackI.java:43) ~[lwjgl-glfw-3.3.1.jar%23120!/:build 7]
	at org.lwjgl.system.JNI.invokeV(Native Method) ~[lwjgl-3.3.1.jar%23132!/:build 7]
	at org.lwjgl.glfw.GLFW.glfwWaitEventsTimeout(GLFW.java:3474) ~[lwjgl-glfw-3.3.1.jar%23120!/:build 7]
	at com.mojang.blaze3d.systems.RenderSystem.limitDisplayFPS(RenderSystem.java:237) ~[client-1.20.1-20230612.114412-srg.jar%23206!/:?]
	at net.minecraft.client.Minecraft.m_91383_(Minecraft.java:1173) ~[client-1.20.1-20230612.114412-srg.jar%23206!/:?]
	at net.minecraft.client.Minecraft.m_91374_(Minecraft.java:718) ~[client-1.20.1-20230612.114412-srg.jar%23206!/:?]
	at net.minecraft.client.main.Main.main(Main.java:218) ~[%e6%a4%8d%e7%89%a9%e7%a7%91%e6%8a%80.jar:?]
	at jdk.internal.reflect.DirectMethodHandleAccessor.invoke(DirectMethodHandleAccessor.java:103) ~[?:?]
	at java.lang.reflect.Method.invoke(Method.java:580) ~[?:?]
	at net.minecraftforge.fml.loading.targets.CommonLaunchHandler.runTarget(CommonLaunchHandler.java:111) ~[fmlloader-1.20.1-47.4.21.jar:?]
	at net.minecraftforge.fml.loading.targets.CommonLaunchHandler.clientService(CommonLaunchHandler.java:99) ~[fmlloader-1.20.1-47.4.21.jar:?]
	at net.minecraftforge.fml.loading.targets.CommonClientLaunchHandler.lambda$makeService$0(CommonClientLaunchHandler.java:25) ~[fmlloader-1.20.1-47.4.21.jar:?]
	at cpw.mods.modlauncher.LaunchServiceHandlerDecorator.launch(LaunchServiceHandlerDecorator.java:30) ~[modlauncher-10.0.9.jar:?]
	at cpw.mods.modlauncher.LaunchServiceHandler.launch(LaunchServiceHandler.java:53) ~[modlauncher-10.0.9.jar:?]
	at cpw.mods.modlauncher.LaunchServiceHandler.launch(LaunchServiceHandler.java:71) ~[modlauncher-10.0.9.jar:?]
	at cpw.mods.modlauncher.Launcher.run(Launcher.java:108) ~[modlauncher-10.0.9.jar:?]
	at cpw.mods.modlauncher.Launcher.main(Launcher.java:78) ~[modlauncher-10.0.9.jar:?]
	at cpw.mods.modlauncher.BootstrapLaunchConsumer.accept(BootstrapLaunchConsumer.java:26) ~[modlauncher-10.0.9.jar:?]
	at cpw.mods.modlauncher.BootstrapLaunchConsumer.accept(BootstrapLaunchConsumer.java:23) ~[modlauncher-10.0.9.jar:?]
	at cpw.mods.bootstraplauncher.BootstrapLauncher.main(BootstrapLauncher.java:141) ~[bootstraplauncher-1.1.2.jar:?]
[228月2026 22:28:24.772] [Render thread/INFO] [net.minecraft.world.item.crafting.RecipeManager/]: Skipping loading recipe aether_redux:crystal_wood_wall as it's serializer returned null
[228月2026 22:28:24.773] [Render thread/INFO] [net.minecraft.world.item.crafting.RecipeManager/]: Skipping loading recipe aether_redux:stripped_crystal_log_wall as it's serializer returned null
[228月2026 22:28:24.774] [Render thread/INFO] [net.minecraft.world.item.crafting.RecipeManager/]: Skipping loading recipe aether_redux:fieldsproot_log_wall as it's serializer returned null
[228月2026 22:28:24.776] [Render thread/INFO] [net.minecraft.world.item.crafting.RecipeManager/]: Skipping loading recipe aether_redux:fieldsproot_wood_wall as it's serializer returned null
[228月2026 22:28:24.776] [Render thread/INFO] [net.minecraft.world.item.crafting.RecipeManager/]: Skipping loading recipe aether_redux:deep_aether_coarse_dirt as it's serializer returned null
[228月2026 22:28:24.793] [Render thread/ERROR] [net.minecraft.world.item.crafting.RecipeManager/]: Parsing error loading recipe aether_redux:spore_blight_deep_aether_aether_moss_block_to_blightmoss_block
com.google.gson.JsonSyntaxException: Invalid block: deep_aether:aether_moss_block
	at com.aetherteam.nitrogen.recipe.BlockStateRecipeUtil.blockFromJson(BlockStateRecipeUtil.java:239) ~[nitrogen_internals-1.20.1-1.0.7-neoforge.jar%23233!/:1.20.1-1.0.7-neoforge]
	at com.aetherteam.nitrogen.recipe.BlockStateIngredient.valueFromJson(BlockStateIngredient.java:144) ~[nitrogen_internals-1.20.1-1.0.7-neoforge.jar%23233!/:1.20.1-1.0.7-neoforge]
	at com.aetherteam.nitrogen.recipe.BlockStateIngredient.fromJson(BlockStateIngredient.java:124) ~[nitrogen_internals-1.20.1-1.0.7-neoforge.jar%23233!/:1.20.1-1.0.7-neoforge]
	at com.aetherteam.nitrogen.recipe.serializer.BlockStateRecipeSerializer.fromJson(BlockStateRecipeSerializer.java:29) ~[nitrogen_internals-1.20.1-1.0.7-neoforge.jar%23233!/:1.20.1-1.0.7-neoforge]
	at com.aetherteam.nitrogen.recipe.serializer.BlockStateRecipeSerializer.m_6729_(BlockStateRecipeSerializer.java:18) ~[nitrogen_internals-1.20.1-1.0.7-neoforge.jar%23233!/:1.20.1-1.0.7-neoforge]
	at net.minecraftforge.common.extensions.IForgeRecipeSerializer.fromJson(IForgeRecipeSerializer.java:23) ~[forge-1.20.1-47.4.21-universal.jar%23211!/:?]
	at net.minecraft.world.item.crafting.RecipeManager.fromJson(RecipeManager.java:171) ~[client-1.20.1-20230612.114412-srg.jar%23206!/:?]
	at net.minecraft.world.item.crafting.RecipeManager.m_5787_(RecipeManager.java:67) ~[client-1.20.1-20230612.114412-srg.jar%23206!/:?]
	at net.minecraft.world.item.crafting.RecipeManager.m_5787_(RecipeManager.java:34) ~[client-1.20.1-20230612.114412-srg.jar%23206!/:?]
	at net.minecraft.server.packs.resources.SimplePreparableReloadListener.m_10789_(SimplePreparableReloadListener.java:13) ~[client-1.20.1-20230612.114412-srg.jar%23206!/:?]
	at java.util.concurrent.CompletableFuture$UniAccept.tryFire(CompletableFuture.java:718) ~[?:?]
	at java.util.concurrent.CompletableFuture$Completion.run(CompletableFuture.java:482) ~[?:?]
	at net.minecraft.server.packs.resources.SimpleReloadInstance.m_143940_(SimpleReloadInstance.java:69) ~[client-1.20.1-20230612.114412-srg.jar%23206!/:?]
	at net.minecraft.util.thread.BlockableEventLoop.m_6367_(BlockableEventLoop.java:156) ~[client-1.20.1-20230612.114412-srg.jar%23206!/:?]
	at net.minecraft.util.thread.ReentrantBlockableEventLoop.m_6367_(ReentrantBlockableEventLoop.java:23) ~[client-1.20.1-20230612.114412-srg.jar%23206!/:?]
	at net.minecraft.util.thread.BlockableEventLoop.m_7245_(BlockableEventLoop.java:130) ~[client-1.20.1-20230612.114412-srg.jar%23206!/:?]
	at net.minecraft.util.thread.BlockableEventLoop.m_18701_(BlockableEventLoop.java:139) ~[client-1.20.1-20230612.114412-srg.jar%23206!/:?]
	at net.minecraft.client.gui.screens.worldselection.WorldOpenFlows.m_246486_(WorldOpenFlows.java:163) ~[client-1.20.1-20230612.114412-srg.jar%23206!/:?]
	at net.minecraft.client.gui.screens.worldselection.WorldOpenFlows.m_233122_(WorldOpenFlows.java:113) ~[client-1.20.1-20230612.114412-srg.jar%23206!/:?]
	at net.minecraft.client.gui.screens.worldselection.WorldOpenFlows.doLoadLevel(WorldOpenFlows.java:181) ~[client-1.20.1-20230612.114412-srg.jar%23206!/:?]
	at net.minecraft.client.gui.screens.worldselection.WorldOpenFlows.m_233145_(WorldOpenFlows.java:169) ~[client-1.20.1-20230612.114412-srg.jar%23206!/:?]
	at net.minecraft.client.gui.screens.worldselection.WorldOpenFlows.m_233133_(WorldOpenFlows.java:65) ~[client-1.20.1-20230612.114412-srg.jar%23206!/:?]
	at net.minecraft.client.gui.screens.worldselection.WorldSelectionList$WorldListEntry.m_101744_(WorldSelectionList.java:575) ~[client-1.20.1-20230612.114412-srg.jar%23206!/:?]
	at net.minecraft.client.gui.screens.worldselection.WorldSelectionList$WorldListEntry.m_101704_(WorldSelectionList.java:474) ~[client-1.20.1-20230612.114412-srg.jar%23206!/:?]
	at net.minecraft.client.gui.screens.worldselection.WorldSelectionList$WorldListEntry.m_6375_(WorldSelectionList.java:413) ~[client-1.20.1-20230612.114412-srg.jar%23206!/:?]
	at net.minecraft.client.gui.components.AbstractSelectionList.m_6375_(AbstractSelectionList.java:298) ~[client-1.20.1-20230612.114412-srg.jar%23206!/:?]
	at net.minecraft.client.gui.components.events.ContainerEventHandler.m_6375_(ContainerEventHandler.java:38) ~[client-1.20.1-20230612.114412-srg.jar%23206!/:?]
	at net.minecraft.client.MouseHandler.m_168084_(MouseHandler.java:92) ~[client-1.20.1-20230612.114412-srg.jar%23206!/:?]
	at net.minecraft.client.gui.screens.Screen.m_96579_(Screen.java:437) ~[client-1.20.1-20230612.114412-srg.jar%23206!/:?]
	at net.minecraft.client.MouseHandler.m_91530_(MouseHandler.java:89) ~[client-1.20.1-20230612.114412-srg.jar%23206!/:?]
	at net.minecraft.client.MouseHandler.m_168091_(MouseHandler.java:189) ~[client-1.20.1-20230612.114412-srg.jar%23206!/:?]
	at net.minecraft.util.thread.BlockableEventLoop.execute(BlockableEventLoop.java:102) ~[client-1.20.1-20230612.114412-srg.jar%23206!/:?]
	at net.minecraft.client.MouseHandler.m_91565_(MouseHandler.java:188) ~[client-1.20.1-20230612.114412-srg.jar%23206!/:?]
	at org.lwjgl.glfw.GLFWMouseButtonCallbackI.callback(GLFWMouseButtonCallbackI.java:43) ~[lwjgl-glfw-3.3.1.jar%23120!/:build 7]
	at org.lwjgl.system.JNI.invokeV(Native Method) ~[lwjgl-3.3.1.jar%23132!/:build 7]
	at org.lwjgl.glfw.GLFW.glfwWaitEventsTimeout(GLFW.java:3474) ~[lwjgl-glfw-3.3.1.jar%23120!/:build 7]
	at com.mojang.blaze3d.systems.RenderSystem.limitDisplayFPS(RenderSystem.java:237) ~[client-1.20.1-20230612.114412-srg.jar%23206!/:?]
	at net.minecraft.client.Minecraft.m_91383_(Minecraft.java:1173) ~[client-1.20.1-20230612.114412-srg.jar%23206!/:?]
	at net.minecraft.client.Minecraft.m_91374_(Minecraft.java:718) ~[client-1.20.1-20230612.114412-srg.jar%23206!/:?]
	at net.minecraft.client.main.Main.main(Main.java:218) ~[%e6%a4%8d%e7%89%a9%e7%a7%91%e6%8a%80.jar:?]
	at jdk.internal.reflect.DirectMethodHandleAccessor.invoke(DirectMethodHandleAccessor.java:103) ~[?:?]
	at java.lang.reflect.Method.invoke(Method.java:580) ~[?:?]
	at net.minecraftforge.fml.loading.targets.CommonLaunchHandler.runTarget(CommonLaunchHandler.java:111) ~[fmlloader-1.20.1-47.4.21.jar:?]
	at net.minecraftforge.fml.loading.targets.CommonLaunchHandler.clientService(CommonLaunchHandler.java:99) ~[fmlloader-1.20.1-47.4.21.jar:?]
	at net.minecraftforge.fml.loading.targets.CommonClientLaunchHandler.lambda$makeService$0(CommonClientLaunchHandler.java:25) ~[fmlloader-1.20.1-47.4.21.jar:?]
	at cpw.mods.modlauncher.LaunchServiceHandlerDecorator.launch(LaunchServiceHandlerDecorator.java:30) ~[modlauncher-10.0.9.jar:?]
	at cpw.mods.modlauncher.LaunchServiceHandler.launch(LaunchServiceHandler.java:53) ~[modlauncher-10.0.9.jar:?]
	at cpw.mods.modlauncher.LaunchServiceHandler.launch(LaunchServiceHandler.java:71) ~[modlauncher-10.0.9.jar:?]
	at cpw.mods.modlauncher.Launcher.run(Launcher.java:108) ~[modlauncher-10.0.9.jar:?]
	at cpw.mods.modlauncher.Launcher.main(Launcher.java:78) ~[modlauncher-10.0.9.jar:?]
	at cpw.mods.modlauncher.BootstrapLaunchConsumer.accept(BootstrapLaunchConsumer.java:26) ~[modlauncher-10.0.9.jar:?]
	at cpw.mods.modlauncher.BootstrapLaunchConsumer.accept(BootstrapLaunchConsumer.java:23) ~[modlauncher-10.0.9.jar:?]
	at cpw.mods.bootstraplauncher.BootstrapLauncher.main(BootstrapLauncher.java:141) ~[bootstraplauncher-1.1.2.jar:?]
[228月2026 22:28:24.808] [Render thread/ERROR] [net.minecraft.world.item.crafting.RecipeManager/]: Parsing error loading recipe aether_treasure_reforging:neptune_upgrade_smithing_template
com.google.gson.JsonSyntaxException: Unknown item 'aether_treasure_reforging:neptune_upgrade_smithing_template'
	at net.minecraft.world.item.crafting.ShapedRecipe.m_151280_(ShapedRecipe.java:292) ~[client-1.20.1-20230612.114412-srg.jar%23206!/:?]
	at java.util.Optional.orElseThrow(Optional.java:403) ~[?:?]
	at net.minecraft.world.item.crafting.ShapedRecipe.m_151278_(ShapedRecipe.java:291) ~[client-1.20.1-20230612.114412-srg.jar%23206!/:?]
	at net.minecraft.world.item.crafting.Ingredient.m_43919_(Ingredient.java:219) ~[client-1.20.1-20230612.114412-srg.jar%23206!/:?]
	at net.minecraftforge.common.crafting.VanillaIngredientSerializer.parse(VanillaIngredientSerializer.java:27) ~[forge-1.20.1-47.4.21-universal.jar%23211!/:?]
	at net.minecraftforge.common.crafting.CraftingHelper.getIngredient(CraftingHelper.java:148) ~[forge-1.20.1-47.4.21-universal.jar%23211!/:?]
	at net.minecraft.world.item.crafting.Ingredient.m_288218_(Ingredient.java:194) ~[client-1.20.1-20230612.114412-srg.jar%23206!/:?]
	at net.minecraft.world.item.crafting.ShapedRecipe.m_44210_(ShapedRecipe.java:278) ~[client-1.20.1-20230612.114412-srg.jar%23206!/:?]
	at net.minecraft.world.item.crafting.ShapedRecipe$Serializer.m_6729_(ShapedRecipe.java:306) ~[client-1.20.1-20230612.114412-srg.jar%23206!/:?]
	at net.minecraft.world.item.crafting.ShapedRecipe$Serializer.m_6729_(ShapedRecipe.java:301) ~[client-1.20.1-20230612.114412-srg.jar%23206!/:?]
	at net.minecraftforge.common.extensions.IForgeRecipeSerializer.fromJson(IForgeRecipeSerializer.java:23) ~[forge-1.20.1-47.4.21-universal.jar%23211!/:?]
	at net.minecraft.world.item.crafting.RecipeManager.fromJson(RecipeManager.java:171) ~[client-1.20.1-20230612.114412-srg.jar%23206!/:?]
	at net.minecraft.world.item.crafting.RecipeManager.m_5787_(RecipeManager.java:67) ~[client-1.20.1-20230612.114412-srg.jar%23206!/:?]
	at net.minecraft.world.item.crafting.RecipeManager.m_5787_(RecipeManager.java:34) ~[client-1.20.1-20230612.114412-srg.jar%23206!/:?]
	at net.minecraft.server.packs.resources.SimplePreparableReloadListener.m_10789_(SimplePreparableReloadListener.java:13) ~[client-1.20.1-20230612.114412-srg.jar%23206!/:?]
	at java.util.concurrent.CompletableFuture$UniAccept.tryFire(CompletableFuture.java:718) ~[?:?]
	at java.util.concurrent.CompletableFuture$Completion.run(CompletableFuture.java:482) ~[?:?]
	at net.minecraft.server.packs.resources.SimpleReloadInstance.m_143940_(SimpleReloadInstance.java:69) ~[client-1.20.1-20230612.114412-srg.jar%23206!/:?]
	at net.minecraft.util.thread.BlockableEventLoop.m_6367_(BlockableEventLoop.java:156) ~[client-1.20.1-20230612.114412-srg.jar%23206!/:?]
	at net.minecraft.util.thread.ReentrantBlockableEventLoop.m_6367_(ReentrantBlockableEventLoop.java:23) ~[client-1.20.1-20230612.114412-srg.jar%23206!/:?]
	at net.minecraft.util.thread.BlockableEventLoop.m_7245_(BlockableEventLoop.java:130) ~[client-1.20.1-20230612.114412-srg.jar%23206!/:?]
	at net.minecraft.util.thread.BlockableEventLoop.m_18701_(BlockableEventLoop.java:139) ~[client-1.20.1-20230612.114412-srg.jar%23206!/:?]
	at net.minecraft.client.gui.screens.worldselection.WorldOpenFlows.m_246486_(WorldOpenFlows.java:163) ~[client-1.20.1-20230612.114412-srg.jar%23206!/:?]
	at net.minecraft.client.gui.screens.worldselection.WorldOpenFlows.m_233122_(WorldOpenFlows.java:113) ~[client-1.20.1-20230612.114412-srg.jar%23206!/:?]
	at net.minecraft.client.gui.screens.worldselection.WorldOpenFlows.doLoadLevel(WorldOpenFlows.java:181) ~[client-1.20.1-20230612.114412-srg.jar%23206!/:?]
	at net.minecraft.client.gui.screens.worldselection.WorldOpenFlows.m_233145_(WorldOpenFlows.java:169) ~[client-1.20.1-20230612.114412-srg.jar%23206!/:?]
	at net.minecraft.client.gui.screens.worldselection.WorldOpenFlows.m_233133_(WorldOpenFlows.java:65) ~[client-1.20.1-20230612.114412-srg.jar%23206!/:?]
	at net.minecraft.client.gui.screens.worldselection.WorldSelectionList$WorldListEntry.m_101744_(WorldSelectionList.java:575) ~[client-1.20.1-20230612.114412-srg.jar%23206!/:?]
	at net.minecraft.client.gui.screens.worldselection.WorldSelectionList$WorldListEntry.m_101704_(WorldSelectionList.java:474) ~[client-1.20.1-20230612.114412-srg.jar%23206!/:?]
	at net.minecraft.client.gui.screens.worldselection.WorldSelectionList$WorldListEntry.m_6375_(WorldSelectionList.java:413) ~[client-1.20.1-20230612.114412-srg.jar%23206!/:?]
	at net.minecraft.client.gui.components.AbstractSelectionList.m_6375_(AbstractSelectionList.java:298) ~[client-1.20.1-20230612.114412-srg.jar%23206!/:?]
	at net.minecraft.client.gui.components.events.ContainerEventHandler.m_6375_(ContainerEventHandler.java:38) ~[client-1.20.1-20230612.114412-srg.jar%23206!/:?]
	at net.minecraft.client.MouseHandler.m_168084_(MouseHandler.java:92) ~[client-1.20.1-20230612.114412-srg.jar%23206!/:?]
	at net.minecraft.client.gui.screens.Screen.m_96579_(Screen.java:437) ~[client-1.20.1-20230612.114412-srg.jar%23206!/:?]
	at net.minecraft.client.MouseHandler.m_91530_(MouseHandler.java:89) ~[client-1.20.1-20230612.114412-srg.jar%23206!/:?]
	at net.minecraft.client.MouseHandler.m_168091_(MouseHandler.java:189) ~[client-1.20.1-20230612.114412-srg.jar%23206!/:?]
	at net.minecraft.util.thread.BlockableEventLoop.execute(BlockableEventLoop.java:102) ~[client-1.20.1-20230612.114412-srg.jar%23206!/:?]
	at net.minecraft.client.MouseHandler.m_91565_(MouseHandler.java:188) ~[client-1.20.1-20230612.114412-srg.jar%23206!/:?]
	at org.lwjgl.glfw.GLFWMouseButtonCallbackI.callback(GLFWMouseButtonCallbackI.java:43) ~[lwjgl-glfw-3.3.1.jar%23120!/:build 7]
	at org.lwjgl.system.JNI.invokeV(Native Method) ~[lwjgl-3.3.1.jar%23132!/:build 7]
	at org.lwjgl.glfw.GLFW.glfwWaitEventsTimeout(GLFW.java:3474) ~[lwjgl-glfw-3.3.1.jar%23120!/:build 7]
	at com.mojang.blaze3d.systems.RenderSystem.limitDisplayFPS(RenderSystem.java:237) ~[client-1.20.1-20230612.114412-srg.jar%23206!/:?]
	at net.minecraft.client.Minecraft.m_91383_(Minecraft.java:1173) ~[client-1.20.1-20230612.114412-srg.jar%23206!/:?]
	at net.minecraft.client.Minecraft.m_91374_(Minecraft.java:718) ~[client-1.20.1-20230612.114412-srg.jar%23206!/:?]
	at net.minecraft.client.main.Main.main(Main.java:218) ~[%e6%a4%8d%e7%89%a9%e7%a7%91%e6%8a%80.jar:?]
	at jdk.internal.reflect.DirectMethodHandleAccessor.invoke(DirectMethodHandleAccessor.java:103) ~[?:?]
	at java.lang.reflect.Method.invoke(Method.java:580) ~[?:?]
	at net.minecraftforge.fml.loading.targets.CommonLaunchHandler.runTarget(CommonLaunchHandler.java:111) ~[fmlloader-1.20.1-47.4.21.jar:?]
	at net.minecraftforge.fml.loading.targets.CommonLaunchHandler.clientService(CommonLaunchHandler.java:99) ~[fmlloader-1.20.1-47.4.21.jar:?]
	at net.minecraftforge.fml.loading.targets.CommonClientLaunchHandler.lambda$makeService$0(CommonClientLaunchHandler.java:25) ~[fmlloader-1.20.1-47.4.21.jar:?]
	at cpw.mods.modlauncher.LaunchServiceHandlerDecorator.launch(LaunchServiceHandlerDecorator.java:30) ~[modlauncher-10.0.9.jar:?]
	at cpw.mods.modlauncher.LaunchServiceHandler.launch(LaunchServiceHandler.java:53) ~[modlauncher-10.0.9.jar:?]
	at cpw.mods.modlauncher.LaunchServiceHandler.launch(LaunchServiceHandler.java:71) ~[modlauncher-10.0.9.jar:?]
	at cpw.mods.modlauncher.Launcher.run(Launcher.java:108) ~[modlauncher-10.0.9.jar:?]
	at cpw.mods.modlauncher.Launcher.main(Launcher.java:78) ~[modlauncher-10.0.9.jar:?]
	at cpw.mods.modlauncher.BootstrapLaunchConsumer.accept(BootstrapLaunchConsumer.java:26) ~[modlauncher-10.0.9.jar:?]
	at cpw.mods.modlauncher.BootstrapLaunchConsumer.accept(BootstrapLaunchConsumer.java:23) ~[modlauncher-10.0.9.jar:?]
	at cpw.mods.bootstraplauncher.BootstrapLauncher.main(BootstrapLauncher.java:141) ~[bootstraplauncher-1.1.2.jar:?]
[228月2026 22:28:24.815] [Render thread/INFO] [net.minecraft.world.item.crafting.RecipeManager/]: Skipping loading recipe aether_redux:stripped_crystal_wood_wall as it's serializer returned null
[228月2026 22:28:24.822] [Render thread/INFO] [net.minecraft.world.item.crafting.RecipeManager/]: Skipping loading recipe aether_redux:jellyshroom_stem_wall as it's serializer returned null
[228月2026 22:28:24.822] [Render thread/INFO] [net.minecraft.world.item.crafting.RecipeManager/]: Skipping loading recipe aether_redux:glacia_log_wall as it's serializer returned null
[228月2026 22:28:24.838] [Render thread/INFO] [net.minecraft.world.item.crafting.RecipeManager/]: Skipping loading recipe aether_redux:enchant_purple_crystal_sapling as it's serializer returned null
[228月2026 22:28:24.840] [Render thread/INFO] [net.minecraft.world.item.crafting.RecipeManager/]: Loaded 53 recipes
[228月2026 22:28:24.918] [Render thread/ERROR] [net.minecraft.server.ServerAdvancementManager/]: Parsing error loading custom advancement aether_redux:recipes/genesis_dark_gummy_swet: Unknown item id 'aether_genesis:dark_swet_ball'
[228月2026 22:28:24.921] [Render thread/ERROR] [net.minecraft.server.ServerAdvancementManager/]: Parsing error loading custom advancement immortalers_delight:build_large_boat: Non [a-z0-9_.-] character in namespace of location: #immortalers_delight:boat_needs/ancient_boat_need_1
[228月2026 22:28:24.927] [Render thread/ERROR] [net.minecraft.server.ServerAdvancementManager/]: Parsing error loading custom advancement immortalers_delight:get_sealed_ancient_rations: Expected item to be an item, was unknown string 'immortalers_delight:sealed_ancient_rations.'
[228月2026 22:28:24.964] [Render thread/INFO] [net.minecraft.advancements.AdvancementList/]: Loaded 3456 advancements
[228月2026 22:28:24.977] [Render thread/INFO] [placebo/]: Registered 26 additional recipes.
[228月2026 22:28:24.985] [Render thread/INFO] [top.theillusivec4.curios.Curios/]: Loaded 17 curio slots
[228月2026 22:28:24.991] [Render thread/INFO] [top.theillusivec4.curios.Curios/]: Loaded 9 curio entities
[228月2026 22:28:25.035] [Render thread/INFO] [placebo/]: Registered 16 gear_sets.
[228月2026 22:28:25.039] [Render thread/INFO] [Apotheosis : Enchantment/]: Registered 29 enchanting_stats.
[228月2026 22:28:25.041] [Render thread/INFO] [Apotheosis : Adventure/]: Registered 6 rarities.
[228月2026 22:28:25.041] [Render thread/INFO] [botania/]: Loaded 30 Loonium configurations
[228月2026 22:28:25.049] [Render thread/INFO] [Apotheosis : Adventure/]: Registered 81 affixes.
[228月2026 22:28:25.057] [Render thread/WARN] [Apotheosis : Adventure/]: Insufficient number of affixes to satisfy the loot rules (ignoring backup rules) of rarity apotheosis:mythic for category helmetRequired: 3; Provided: 2
[228月2026 22:28:25.057] [Render thread/WARN] [Apotheosis : Adventure/]: Insufficient number of affixes to satisfy the loot rules (ignoring backup rules) of rarity apotheosis:mythic for category bootsRequired: 3; Provided: 2
[228月2026 22:28:25.058] [Render thread/WARN] [Apotheosis : Adventure/]: Insufficient number of affixes to satisfy the loot rules (ignoring backup rules) of rarity apotheosis:ancient for category bowRequired: 5; Provided: 4
[228月2026 22:28:25.058] [Render thread/WARN] [Apotheosis : Adventure/]: Insufficient number of affixes to satisfy the loot rules (ignoring backup rules) of rarity apotheosis:ancient for category crossbowRequired: 5; Provided: 4
[228月2026 22:28:25.058] [Render thread/WARN] [Apotheosis : Adventure/]: Insufficient number of affixes to satisfy the loot rules (ignoring backup rules) of rarity apotheosis:ancient for category pickaxeRequired: 5; Provided: 4
[228月2026 22:28:25.058] [Render thread/WARN] [Apotheosis : Adventure/]: Insufficient number of affixes to satisfy the loot rules (ignoring backup rules) of rarity apotheosis:ancient for category shovelRequired: 5; Provided: 4
[228月2026 22:28:25.058] [Render thread/WARN] [Apotheosis : Adventure/]: Insufficient number of affixes to satisfy the loot rules (ignoring backup rules) of rarity apotheosis:ancient for category shieldRequired: 5; Provided: 4
[228月2026 22:28:25.058] [Render thread/WARN] [Apotheosis : Adventure/]: Insufficient number of affixes to satisfy the loot rules (ignoring backup rules) of rarity apotheosis:ancient for category helmetRequired: 4; Provided: 2
[228月2026 22:28:25.058] [Render thread/WARN] [Apotheosis : Adventure/]: Insufficient number of affixes to satisfy the loot rules (ignoring backup rules) of rarity apotheosis:ancient for category bootsRequired: 4; Provided: 2
[228月2026 22:28:25.066] [Render thread/INFO] [Apotheosis : Adventure/]: Registered 19 gems.
[228月2026 22:28:25.068] [Render thread/ERROR] [Apotheosis : Adventure/]: Failed to execute ShieldBreakerTest
java.lang.NullPointerException: Cannot invoke "net.minecraft.world.entity.LivingEntity.m_213824_()" because "attacker" is null
	at net.minecraftforge.common.extensions.IForgeItem.canDisableShield(IForgeItem.java:695) ~[forge-1.20.1-47.4.21-universal.jar%23211!/:?]
	at net.minecraftforge.common.extensions.IForgeItemStack.canDisableShield(IForgeItemStack.java:233) ~[forge-1.20.1-47.4.21-universal.jar%23211!/:?]
	at dev.shadowsoffire.apotheosis.adventure.loot.ShieldBreakerTest.test(ShieldBreakerTest.java:48) ~[%5B神化%5D%20Apotheosis-1.20.1-7.4.6.jar%23185!/:7.4.6]
	at dev.shadowsoffire.apotheosis.adventure.loot.ShieldBreakerTest.test(ShieldBreakerTest.java:25) ~[%5B神化%5D%20Apotheosis-1.20.1-7.4.6.jar%23185!/:7.4.6]
	at dev.shadowsoffire.apotheosis.adventure.loot.LootCategory.isValid(LootCategory.java:89) ~[%5B神化%5D%20Apotheosis-1.20.1-7.4.6.jar%23185!/:7.4.6]
	at dev.shadowsoffire.apotheosis.adventure.loot.LootCategory.forItem(LootCategory.java:182) ~[%5B神化%5D%20Apotheosis-1.20.1-7.4.6.jar%23185!/:7.4.6]
	at dev.shadowsoffire.apotheosis.adventure.loot.AffixLootEntry.getType(AffixLootEntry.java:91) ~[%5B神化%5D%20Apotheosis-1.20.1-7.4.6.jar%23185!/:7.4.6]
	at dev.shadowsoffire.apotheosis.adventure.loot.AffixLootRegistry.validateItem(AffixLootRegistry.java:30) ~[%5B神化%5D%20Apotheosis-1.20.1-7.4.6.jar%23185!/:7.4.6]
	at dev.shadowsoffire.apotheosis.adventure.loot.AffixLootRegistry.validateItem(AffixLootRegistry.java:13) ~[%5B神化%5D%20Apotheosis-1.20.1-7.4.6.jar%23185!/:7.4.6]
	at dev.shadowsoffire.placebo.reload.DynamicRegistry.register(DynamicRegistry.java:322) ~[Placebo-1.20.1-8.6.3.jar%23203!/:8.6.3]
	at dev.shadowsoffire.placebo.reload.DynamicRegistry.lambda$apply$0(DynamicRegistry.java:143) ~[Placebo-1.20.1-8.6.3.jar%23203!/:8.6.3]
	at java.util.HashMap.forEach(HashMap.java:1429) ~[?:?]
	at dev.shadowsoffire.placebo.reload.DynamicRegistry.apply(DynamicRegistry.java:136) ~[Placebo-1.20.1-8.6.3.jar%23203!/:8.6.3]
	at dev.shadowsoffire.placebo.reload.DynamicRegistry.m_5787_(DynamicRegistry.java:62) ~[Placebo-1.20.1-8.6.3.jar%23203!/:8.6.3]
	at net.minecraft.server.packs.resources.SimplePreparableReloadListener.m_10789_(SimplePreparableReloadListener.java:13) ~[client-1.20.1-20230612.114412-srg.jar%23206!/:?]
	at java.util.concurrent.CompletableFuture$UniAccept.tryFire(CompletableFuture.java:718) ~[?:?]
	at java.util.concurrent.CompletableFuture$Completion.run(CompletableFuture.java:482) ~[?:?]
	at net.minecraft.server.packs.resources.SimpleReloadInstance.m_143940_(SimpleReloadInstance.java:69) ~[client-1.20.1-20230612.114412-srg.jar%23206!/:?]
	at net.minecraft.util.thread.BlockableEventLoop.m_6367_(BlockableEventLoop.java:156) ~[client-1.20.1-20230612.114412-srg.jar%23206!/:?]
	at net.minecraft.util.thread.ReentrantBlockableEventLoop.m_6367_(ReentrantBlockableEventLoop.java:23) ~[client-1.20.1-20230612.114412-srg.jar%23206!/:?]
	at net.minecraft.util.thread.BlockableEventLoop.m_7245_(BlockableEventLoop.java:130) ~[client-1.20.1-20230612.114412-srg.jar%23206!/:?]
	at net.minecraft.util.thread.BlockableEventLoop.m_18701_(BlockableEventLoop.java:139) ~[client-1.20.1-20230612.114412-srg.jar%23206!/:?]
	at net.minecraft.client.gui.screens.worldselection.WorldOpenFlows.m_246486_(WorldOpenFlows.java:163) ~[client-1.20.1-20230612.114412-srg.jar%23206!/:?]
	at net.minecraft.client.gui.screens.worldselection.WorldOpenFlows.m_233122_(WorldOpenFlows.java:113) ~[client-1.20.1-20230612.114412-srg.jar%23206!/:?]
	at net.minecraft.client.gui.screens.worldselection.WorldOpenFlows.doLoadLevel(WorldOpenFlows.java:181) ~[client-1.20.1-20230612.114412-srg.jar%23206!/:?]
	at net.minecraft.client.gui.screens.worldselection.WorldOpenFlows.m_233145_(WorldOpenFlows.java:169) ~[client-1.20.1-20230612.114412-srg.jar%23206!/:?]
	at net.minecraft.client.gui.screens.worldselection.WorldOpenFlows.m_233133_(WorldOpenFlows.java:65) ~[client-1.20.1-20230612.114412-srg.jar%23206!/:?]
	at net.minecraft.client.gui.screens.worldselection.WorldSelectionList$WorldListEntry.m_101744_(WorldSelectionList.java:575) ~[client-1.20.1-20230612.114412-srg.jar%23206!/:?]
	at net.minecraft.client.gui.screens.worldselection.WorldSelectionList$WorldListEntry.m_101704_(WorldSelectionList.java:474) ~[client-1.20.1-20230612.114412-srg.jar%23206!/:?]
	at net.minecraft.client.gui.screens.worldselection.WorldSelectionList$WorldListEntry.m_6375_(WorldSelectionList.java:413) ~[client-1.20.1-20230612.114412-srg.jar%23206!/:?]
	at net.minecraft.client.gui.components.AbstractSelectionList.m_6375_(AbstractSelectionList.java:298) ~[client-1.20.1-20230612.114412-srg.jar%23206!/:?]
	at net.minecraft.client.gui.components.events.ContainerEventHandler.m_6375_(ContainerEventHandler.java:38) ~[client-1.20.1-20230612.114412-srg.jar%23206!/:?]
	at net.minecraft.client.MouseHandler.m_168084_(MouseHandler.java:92) ~[client-1.20.1-20230612.114412-srg.jar%23206!/:?]
	at net.minecraft.client.gui.screens.Screen.m_96579_(Screen.java:437) ~[client-1.20.1-20230612.114412-srg.jar%23206!/:?]
	at net.minecraft.client.MouseHandler.m_91530_(MouseHandler.java:89) ~[client-1.20.1-20230612.114412-srg.jar%23206!/:?]
	at net.minecraft.client.MouseHandler.m_168091_(MouseHandler.java:189) ~[client-1.20.1-20230612.114412-srg.jar%23206!/:?]
	at net.minecraft.util.thread.BlockableEventLoop.execute(BlockableEventLoop.java:102) ~[client-1.20.1-20230612.114412-srg.jar%23206!/:?]
	at net.minecraft.client.MouseHandler.m_91565_(MouseHandler.java:188) ~[client-1.20.1-20230612.114412-srg.jar%23206!/:?]
	at org.lwjgl.glfw.GLFWMouseButtonCallbackI.callback(GLFWMouseButtonCallbackI.java:43) ~[lwjgl-glfw-3.3.1.jar%23120!/:build 7]
	at org.lwjgl.system.JNI.invokeV(Native Method) ~[lwjgl-3.3.1.jar%23132!/:build 7]
	at org.lwjgl.glfw.GLFW.glfwWaitEventsTimeout(GLFW.java:3474) ~[lwjgl-glfw-3.3.1.jar%23120!/:build 7]
	at com.mojang.blaze3d.systems.RenderSystem.limitDisplayFPS(RenderSystem.java:237) ~[client-1.20.1-20230612.114412-srg.jar%23206!/:?]
	at net.minecraft.client.Minecraft.m_91383_(Minecraft.java:1173) ~[client-1.20.1-20230612.114412-srg.jar%23206!/:?]
	at net.minecraft.client.Minecraft.m_91374_(Minecraft.java:718) ~[client-1.20.1-20230612.114412-srg.jar%23206!/:?]
	at net.minecraft.client.main.Main.main(Main.java:218) ~[%e6%a4%8d%e7%89%a9%e7%a7%91%e6%8a%80.jar:?]
	at jdk.internal.reflect.DirectMethodHandleAccessor.invoke(DirectMethodHandleAccessor.java:103) ~[?:?]
	at java.lang.reflect.Method.invoke(Method.java:580) ~[?:?]
	at net.minecraftforge.fml.loading.targets.CommonLaunchHandler.runTarget(CommonLaunchHandler.java:111) ~[fmlloader-1.20.1-47.4.21.jar:?]
	at net.minecraftforge.fml.loading.targets.CommonLaunchHandler.clientService(CommonLaunchHandler.java:99) ~[fmlloader-1.20.1-47.4.21.jar:?]
	at net.minecraftforge.fml.loading.targets.CommonClientLaunchHandler.lambda$makeService$0(CommonClientLaunchHandler.java:25) ~[fmlloader-1.20.1-47.4.21.jar:?]
	at cpw.mods.modlauncher.LaunchServiceHandlerDecorator.launch(LaunchServiceHandlerDecorator.java:30) ~[modlauncher-10.0.9.jar:?]
	at cpw.mods.modlauncher.LaunchServiceHandler.launch(LaunchServiceHandler.java:53) ~[modlauncher-10.0.9.jar:?]
	at cpw.mods.modlauncher.LaunchServiceHandler.launch(LaunchServiceHandler.java:71) ~[modlauncher-10.0.9.jar:?]
	at cpw.mods.modlauncher.Launcher.run(Launcher.java:108) ~[modlauncher-10.0.9.jar:?]
	at cpw.mods.modlauncher.Launcher.main(Launcher.java:78) ~[modlauncher-10.0.9.jar:?]
	at cpw.mods.modlauncher.BootstrapLaunchConsumer.accept(BootstrapLaunchConsumer.java:26) ~[modlauncher-10.0.9.jar:?]
	at cpw.mods.modlauncher.BootstrapLaunchConsumer.accept(BootstrapLaunchConsumer.java:23) ~[modlauncher-10.0.9.jar:?]
	at cpw.mods.bootstraplauncher.BootstrapLauncher.main(BootstrapLauncher.java:141) ~[bootstraplauncher-1.1.2.jar:?]
[228月2026 22:28:25.070] [Render thread/ERROR] [Apotheosis : Adventure/]: Failed to execute ShieldBreakerTest
java.lang.NullPointerException: Cannot invoke "net.minecraft.world.entity.LivingEntity.m_213824_()" because "attacker" is null
	at net.minecraftforge.common.extensions.IForgeItem.canDisableShield(IForgeItem.java:695) ~[forge-1.20.1-47.4.21-universal.jar%23211!/:?]
	at net.minecraftforge.common.extensions.IForgeItemStack.canDisableShield(IForgeItemStack.java:233) ~[forge-1.20.1-47.4.21-universal.jar%23211!/:?]
	at dev.shadowsoffire.apotheosis.adventure.loot.ShieldBreakerTest.test(ShieldBreakerTest.java:48) ~[%5B神化%5D%20Apotheosis-1.20.1-7.4.6.jar%23185!/:7.4.6]
	at dev.shadowsoffire.apotheosis.adventure.loot.ShieldBreakerTest.test(ShieldBreakerTest.java:25) ~[%5B神化%5D%20Apotheosis-1.20.1-7.4.6.jar%23185!/:7.4.6]
	at dev.shadowsoffire.apotheosis.adventure.loot.LootCategory.isValid(LootCategory.java:89) ~[%5B神化%5D%20Apotheosis-1.20.1-7.4.6.jar%23185!/:7.4.6]
	at dev.shadowsoffire.apotheosis.adventure.loot.LootCategory.forItem(LootCategory.java:182) ~[%5B神化%5D%20Apotheosis-1.20.1-7.4.6.jar%23185!/:7.4.6]
	at dev.shadowsoffire.apotheosis.adventure.loot.AffixLootEntry.getType(AffixLootEntry.java:91) ~[%5B神化%5D%20Apotheosis-1.20.1-7.4.6.jar%23185!/:7.4.6]
	at dev.shadowsoffire.apotheosis.adventure.loot.AffixLootRegistry.validateItem(AffixLootRegistry.java:30) ~[%5B神化%5D%20Apotheosis-1.20.1-7.4.6.jar%23185!/:7.4.6]
	at dev.shadowsoffire.apotheosis.adventure.loot.AffixLootRegistry.validateItem(AffixLootRegistry.java:13) ~[%5B神化%5D%20Apotheosis-1.20.1-7.4.6.jar%23185!/:7.4.6]
	at dev.shadowsoffire.placebo.reload.DynamicRegistry.register(DynamicRegistry.java:322) ~[Placebo-1.20.1-8.6.3.jar%23203!/:8.6.3]
	at dev.shadowsoffire.placebo.reload.DynamicRegistry.lambda$apply$0(DynamicRegistry.java:143) ~[Placebo-1.20.1-8.6.3.jar%23203!/:8.6.3]
	at java.util.HashMap.forEach(HashMap.java:1429) ~[?:?]
	at dev.shadowsoffire.placebo.reload.DynamicRegistry.apply(DynamicRegistry.java:136) ~[Placebo-1.20.1-8.6.3.jar%23203!/:8.6.3]
	at dev.shadowsoffire.placebo.reload.DynamicRegistry.m_5787_(DynamicRegistry.java:62) ~[Placebo-1.20.1-8.6.3.jar%23203!/:8.6.3]
	at net.minecraft.server.packs.resources.SimplePreparableReloadListener.m_10789_(SimplePreparableReloadListener.java:13) ~[client-1.20.1-20230612.114412-srg.jar%23206!/:?]
	at java.util.concurrent.CompletableFuture$UniAccept.tryFire(CompletableFuture.java:718) ~[?:?]
	at java.util.concurrent.CompletableFuture$Completion.run(CompletableFuture.java:482) ~[?:?]
	at net.minecraft.server.packs.resources.SimpleReloadInstance.m_143940_(SimpleReloadInstance.java:69) ~[client-1.20.1-20230612.114412-srg.jar%23206!/:?]
	at net.minecraft.util.thread.BlockableEventLoop.m_6367_(BlockableEventLoop.java:156) ~[client-1.20.1-20230612.114412-srg.jar%23206!/:?]
	at net.minecraft.util.thread.ReentrantBlockableEventLoop.m_6367_(ReentrantBlockableEventLoop.java:23) ~[client-1.20.1-20230612.114412-srg.jar%23206!/:?]
	at net.minecraft.util.thread.BlockableEventLoop.m_7245_(BlockableEventLoop.java:130) ~[client-1.20.1-20230612.114412-srg.jar%23206!/:?]
	at net.minecraft.util.thread.BlockableEventLoop.m_18701_(BlockableEventLoop.java:139) ~[client-1.20.1-20230612.114412-srg.jar%23206!/:?]
	at net.minecraft.client.gui.screens.worldselection.WorldOpenFlows.m_246486_(WorldOpenFlows.java:163) ~[client-1.20.1-20230612.114412-srg.jar%23206!/:?]
	at net.minecraft.client.gui.screens.worldselection.WorldOpenFlows.m_233122_(WorldOpenFlows.java:113) ~[client-1.20.1-20230612.114412-srg.jar%23206!/:?]
	at net.minecraft.client.gui.screens.worldselection.WorldOpenFlows.doLoadLevel(WorldOpenFlows.java:181) ~[client-1.20.1-20230612.114412-srg.jar%23206!/:?]
	at net.minecraft.client.gui.screens.worldselection.WorldOpenFlows.m_233145_(WorldOpenFlows.java:169) ~[client-1.20.1-20230612.114412-srg.jar%23206!/:?]
	at net.minecraft.client.gui.screens.worldselection.WorldOpenFlows.m_233133_(WorldOpenFlows.java:65) ~[client-1.20.1-20230612.114412-srg.jar%23206!/:?]
	at net.minecraft.client.gui.screens.worldselection.WorldSelectionList$WorldListEntry.m_101744_(WorldSelectionList.java:575) ~[client-1.20.1-20230612.114412-srg.jar%23206!/:?]
	at net.minecraft.client.gui.screens.worldselection.WorldSelectionList$WorldListEntry.m_101704_(WorldSelectionList.java:474) ~[client-1.20.1-20230612.114412-srg.jar%23206!/:?]
	at net.minecraft.client.gui.screens.worldselection.WorldSelectionList$WorldListEntry.m_6375_(WorldSelectionList.java:413) ~[client-1.20.1-20230612.114412-srg.jar%23206!/:?]
	at net.minecraft.client.gui.components.AbstractSelectionList.m_6375_(AbstractSelectionList.java:298) ~[client-1.20.1-20230612.114412-srg.jar%23206!/:?]
	at net.minecraft.client.gui.components.events.ContainerEventHandler.m_6375_(ContainerEventHandler.java:38) ~[client-1.20.1-20230612.114412-srg.jar%23206!/:?]
	at net.minecraft.client.MouseHandler.m_168084_(MouseHandler.java:92) ~[client-1.20.1-20230612.114412-srg.jar%23206!/:?]
	at net.minecraft.client.gui.screens.Screen.m_96579_(Screen.java:437) ~[client-1.20.1-20230612.114412-srg.jar%23206!/:?]
	at net.minecraft.client.MouseHandler.m_91530_(MouseHandler.java:89) ~[client-1.20.1-20230612.114412-srg.jar%23206!/:?]
	at net.minecraft.client.MouseHandler.m_168091_(MouseHandler.java:189) ~[client-1.20.1-20230612.114412-srg.jar%23206!/:?]
	at net.minecraft.util.thread.BlockableEventLoop.execute(BlockableEventLoop.java:102) ~[client-1.20.1-20230612.114412-srg.jar%23206!/:?]
	at net.minecraft.client.MouseHandler.m_91565_(MouseHandler.java:188) ~[client-1.20.1-20230612.114412-srg.jar%23206!/:?]
	at org.lwjgl.glfw.GLFWMouseButtonCallbackI.callback(GLFWMouseButtonCallbackI.java:43) ~[lwjgl-glfw-3.3.1.jar%23120!/:build 7]
	at org.lwjgl.system.JNI.invokeV(Native Method) ~[lwjgl-3.3.1.jar%23132!/:build 7]
	at org.lwjgl.glfw.GLFW.glfwWaitEventsTimeout(GLFW.java:3474) ~[lwjgl-glfw-3.3.1.jar%23120!/:build 7]
	at com.mojang.blaze3d.systems.RenderSystem.limitDisplayFPS(RenderSystem.java:237) ~[client-1.20.1-20230612.114412-srg.jar%23206!/:?]
	at net.minecraft.client.Minecraft.m_91383_(Minecraft.java:1173) ~[client-1.20.1-20230612.114412-srg.jar%23206!/:?]
	at net.minecraft.client.Minecraft.m_91374_(Minecraft.java:718) ~[client-1.20.1-20230612.114412-srg.jar%23206!/:?]
	at net.minecraft.client.main.Main.main(Main.java:218) ~[%e6%a4%8d%e7%89%a9%e7%a7%91%e6%8a%80.jar:?]
	at jdk.internal.reflect.DirectMethodHandleAccessor.invoke(DirectMethodHandleAccessor.java:103) ~[?:?]
	at java.lang.reflect.Method.invoke(Method.java:580) ~[?:?]
	at net.minecraftforge.fml.loading.targets.CommonLaunchHandler.runTarget(CommonLaunchHandler.java:111) ~[fmlloader-1.20.1-47.4.21.jar:?]
	at net.minecraftforge.fml.loading.targets.CommonLaunchHandler.clientService(CommonLaunchHandler.java:99) ~[fmlloader-1.20.1-47.4.21.jar:?]
	at net.minecraftforge.fml.loading.targets.CommonClientLaunchHandler.lambda$makeService$0(CommonClientLaunchHandler.java:25) ~[fmlloader-1.20.1-47.4.21.jar:?]
	at cpw.mods.modlauncher.LaunchServiceHandlerDecorator.launch(LaunchServiceHandlerDecorator.java:30) ~[modlauncher-10.0.9.jar:?]
	at cpw.mods.modlauncher.LaunchServiceHandler.launch(LaunchServiceHandler.java:53) ~[modlauncher-10.0.9.jar:?]
	at cpw.mods.modlauncher.LaunchServiceHandler.launch(LaunchServiceHandler.java:71) ~[modlauncher-10.0.9.jar:?]
	at cpw.mods.modlauncher.Launcher.run(Launcher.java:108) ~[modlauncher-10.0.9.jar:?]
	at cpw.mods.modlauncher.Launcher.main(Launcher.java:78) ~[modlauncher-10.0.9.jar:?]
	at cpw.mods.modlauncher.BootstrapLaunchConsumer.accept(BootstrapLaunchConsumer.java:26) ~[modlauncher-10.0.9.jar:?]
	at cpw.mods.modlauncher.BootstrapLaunchConsumer.accept(BootstrapLaunchConsumer.java:23) ~[modlauncher-10.0.9.jar:?]
	at cpw.mods.bootstraplauncher.BootstrapLauncher.main(BootstrapLauncher.java:141) ~[bootstraplauncher-1.1.2.jar:?]
[228月2026 22:28:25.071] [Render thread/ERROR] [Apotheosis : Adventure/]: Failed to execute ShieldBreakerTest
java.lang.NullPointerException: Cannot invoke "net.minecraft.world.entity.LivingEntity.m_213824_()" because "attacker" is null
	at net.minecraftforge.common.extensions.IForgeItem.canDisableShield(IForgeItem.java:695) ~[forge-1.20.1-47.4.21-universal.jar%23211!/:?]
	at net.minecraftforge.common.extensions.IForgeItemStack.canDisableShield(IForgeItemStack.java:233) ~[forge-1.20.1-47.4.21-universal.jar%23211!/:?]
	at dev.shadowsoffire.apotheosis.adventure.loot.ShieldBreakerTest.test(ShieldBreakerTest.java:48) ~[%5B神化%5D%20Apotheosis-1.20.1-7.4.6.jar%23185!/:7.4.6]
	at dev.shadowsoffire.apotheosis.adventure.loot.ShieldBreakerTest.test(ShieldBreakerTest.java:25) ~[%5B神化%5D%20Apotheosis-1.20.1-7.4.6.jar%23185!/:7.4.6]
	at dev.shadowsoffire.apotheosis.adventure.loot.LootCategory.isValid(LootCategory.java:89) ~[%5B神化%5D%20Apotheosis-1.20.1-7.4.6.jar%23185!/:7.4.6]
	at dev.shadowsoffire.apotheosis.adventure.loot.LootCategory.forItem(LootCategory.java:182) ~[%5B神化%5D%20Apotheosis-1.20.1-7.4.6.jar%23185!/:7.4.6]
	at dev.shadowsoffire.apotheosis.adventure.loot.AffixLootEntry.getType(AffixLootEntry.java:91) ~[%5B神化%5D%20Apotheosis-1.20.1-7.4.6.jar%23185!/:7.4.6]
	at dev.shadowsoffire.apotheosis.adventure.loot.AffixLootRegistry.validateItem(AffixLootRegistry.java:30) ~[%5B神化%5D%20Apotheosis-1.20.1-7.4.6.jar%23185!/:7.4.6]
	at dev.shadowsoffire.apotheosis.adventure.loot.AffixLootRegistry.validateItem(AffixLootRegistry.java:13) ~[%5B神化%5D%20Apotheosis-1.20.1-7.4.6.jar%23185!/:7.4.6]
	at dev.shadowsoffire.placebo.reload.DynamicRegistry.register(DynamicRegistry.java:322) ~[Placebo-1.20.1-8.6.3.jar%23203!/:8.6.3]
	at dev.shadowsoffire.placebo.reload.DynamicRegistry.lambda$apply$0(DynamicRegistry.java:143) ~[Placebo-1.20.1-8.6.3.jar%23203!/:8.6.3]
	at java.util.HashMap.forEach(HashMap.java:1429) ~[?:?]
	at dev.shadowsoffire.placebo.reload.DynamicRegistry.apply(DynamicRegistry.java:136) ~[Placebo-1.20.1-8.6.3.jar%23203!/:8.6.3]
	at dev.shadowsoffire.placebo.reload.DynamicRegistry.m_5787_(DynamicRegistry.java:62) ~[Placebo-1.20.1-8.6.3.jar%23203!/:8.6.3]
	at net.minecraft.server.packs.resources.SimplePreparableReloadListener.m_10789_(SimplePreparableReloadListener.java:13) ~[client-1.20.1-20230612.114412-srg.jar%23206!/:?]
	at java.util.concurrent.CompletableFuture$UniAccept.tryFire(CompletableFuture.java:718) ~[?:?]
	at java.util.concurrent.CompletableFuture$Completion.run(CompletableFuture.java:482) ~[?:?]
	at net.minecraft.server.packs.resources.SimpleReloadInstance.m_143940_(SimpleReloadInstance.java:69) ~[client-1.20.1-20230612.114412-srg.jar%23206!/:?]
	at net.minecraft.util.thread.BlockableEventLoop.m_6367_(BlockableEventLoop.java:156) ~[client-1.20.1-20230612.114412-srg.jar%23206!/:?]
	at net.minecraft.util.thread.ReentrantBlockableEventLoop.m_6367_(ReentrantBlockableEventLoop.java:23) ~[client-1.20.1-20230612.114412-srg.jar%23206!/:?]
	at net.minecraft.util.thread.BlockableEventLoop.m_7245_(BlockableEventLoop.java:130) ~[client-1.20.1-20230612.114412-srg.jar%23206!/:?]
	at net.minecraft.util.thread.BlockableEventLoop.m_18701_(BlockableEventLoop.java:139) ~[client-1.20.1-20230612.114412-srg.jar%23206!/:?]
	at net.minecraft.client.gui.screens.worldselection.WorldOpenFlows.m_246486_(WorldOpenFlows.java:163) ~[client-1.20.1-20230612.114412-srg.jar%23206!/:?]
	at net.minecraft.client.gui.screens.worldselection.WorldOpenFlows.m_233122_(WorldOpenFlows.java:113) ~[client-1.20.1-20230612.114412-srg.jar%23206!/:?]
	at net.minecraft.client.gui.screens.worldselection.WorldOpenFlows.doLoadLevel(WorldOpenFlows.java:181) ~[client-1.20.1-20230612.114412-srg.jar%23206!/:?]
	at net.minecraft.client.gui.screens.worldselection.WorldOpenFlows.m_233145_(WorldOpenFlows.java:169) ~[client-1.20.1-20230612.114412-srg.jar%23206!/:?]
	at net.minecraft.client.gui.screens.worldselection.WorldOpenFlows.m_233133_(WorldOpenFlows.java:65) ~[client-1.20.1-20230612.114412-srg.jar%23206!/:?]
	at net.minecraft.client.gui.screens.worldselection.WorldSelectionList$WorldListEntry.m_101744_(WorldSelectionList.java:575) ~[client-1.20.1-20230612.114412-srg.jar%23206!/:?]
	at net.minecraft.client.gui.screens.worldselection.WorldSelectionList$WorldListEntry.m_101704_(WorldSelectionList.java:474) ~[client-1.20.1-20230612.114412-srg.jar%23206!/:?]
	at net.minecraft.client.gui.screens.worldselection.WorldSelectionList$WorldListEntry.m_6375_(WorldSelectionList.java:413) ~[client-1.20.1-20230612.114412-srg.jar%23206!/:?]
	at net.minecraft.client.gui.components.AbstractSelectionList.m_6375_(AbstractSelectionList.java:298) ~[client-1.20.1-20230612.114412-srg.jar%23206!/:?]
	at net.minecraft.client.gui.components.events.ContainerEventHandler.m_6375_(ContainerEventHandler.java:38) ~[client-1.20.1-20230612.114412-srg.jar%23206!/:?]
	at net.minecraft.client.MouseHandler.m_168084_(MouseHandler.java:92) ~[client-1.20.1-20230612.114412-srg.jar%23206!/:?]
	at net.minecraft.client.gui.screens.Screen.m_96579_(Screen.java:437) ~[client-1.20.1-20230612.114412-srg.jar%23206!/:?]
	at net.minecraft.client.MouseHandler.m_91530_(MouseHandler.java:89) ~[client-1.20.1-20230612.114412-srg.jar%23206!/:?]
	at net.minecraft.client.MouseHandler.m_168091_(MouseHandler.java:189) ~[client-1.20.1-20230612.114412-srg.jar%23206!/:?]
	at net.minecraft.util.thread.BlockableEventLoop.execute(BlockableEventLoop.java:102) ~[client-1.20.1-20230612.114412-srg.jar%23206!/:?]
	at net.minecraft.client.MouseHandler.m_91565_(MouseHandler.java:188) ~[client-1.20.1-20230612.114412-srg.jar%23206!/:?]
	at org.lwjgl.glfw.GLFWMouseButtonCallbackI.callback(GLFWMouseButtonCallbackI.java:43) ~[lwjgl-glfw-3.3.1.jar%23120!/:build 7]
	at org.lwjgl.system.JNI.invokeV(Native Method) ~[lwjgl-3.3.1.jar%23132!/:build 7]
	at org.lwjgl.glfw.GLFW.glfwWaitEventsTimeout(GLFW.java:3474) ~[lwjgl-glfw-3.3.1.jar%23120!/:build 7]
	at com.mojang.blaze3d.systems.RenderSystem.limitDisplayFPS(RenderSystem.java:237) ~[client-1.20.1-20230612.114412-srg.jar%23206!/:?]
	at net.minecraft.client.Minecraft.m_91383_(Minecraft.java:1173) ~[client-1.20.1-20230612.114412-srg.jar%23206!/:?]
	at net.minecraft.client.Minecraft.m_91374_(Minecraft.java:718) ~[client-1.20.1-20230612.114412-srg.jar%23206!/:?]
	at net.minecraft.client.main.Main.main(Main.java:218) ~[%e6%a4%8d%e7%89%a9%e7%a7%91%e6%8a%80.jar:?]
	at jdk.internal.reflect.DirectMethodHandleAccessor.invoke(DirectMethodHandleAccessor.java:103) ~[?:?]
	at java.lang.reflect.Method.invoke(Method.java:580) ~[?:?]
	at net.minecraftforge.fml.loading.targets.CommonLaunchHandler.runTarget(CommonLaunchHandler.java:111) ~[fmlloader-1.20.1-47.4.21.jar:?]
	at net.minecraftforge.fml.loading.targets.CommonLaunchHandler.clientService(CommonLaunchHandler.java:99) ~[fmlloader-1.20.1-47.4.21.jar:?]
	at net.minecraftforge.fml.loading.targets.CommonClientLaunchHandler.lambda$makeService$0(CommonClientLaunchHandler.java:25) ~[fmlloader-1.20.1-47.4.21.jar:?]
	at cpw.mods.modlauncher.LaunchServiceHandlerDecorator.launch(LaunchServiceHandlerDecorator.java:30) ~[modlauncher-10.0.9.jar:?]
	at cpw.mods.modlauncher.LaunchServiceHandler.launch(LaunchServiceHandler.java:53) ~[modlauncher-10.0.9.jar:?]
	at cpw.mods.modlauncher.LaunchServiceHandler.launch(LaunchServiceHandler.java:71) ~[modlauncher-10.0.9.jar:?]
	at cpw.mods.modlauncher.Launcher.run(Launcher.java:108) ~[modlauncher-10.0.9.jar:?]
	at cpw.mods.modlauncher.Launcher.main(Launcher.java:78) ~[modlauncher-10.0.9.jar:?]
	at cpw.mods.modlauncher.BootstrapLaunchConsumer.accept(BootstrapLaunchConsumer.java:26) ~[modlauncher-10.0.9.jar:?]
	at cpw.mods.modlauncher.BootstrapLaunchConsumer.accept(BootstrapLaunchConsumer.java:23) ~[modlauncher-10.0.9.jar:?]
	at cpw.mods.bootstraplauncher.BootstrapLauncher.main(BootstrapLauncher.java:141) ~[bootstraplauncher-1.1.2.jar:?]
[228月2026 22:28:25.073] [Render thread/ERROR] [Apotheosis : Adventure/]: Failed to execute ShieldBreakerTest
java.lang.NullPointerException: Cannot invoke "net.minecraft.world.entity.LivingEntity.m_213824_()" because "attacker" is null
	at net.minecraftforge.common.extensions.IForgeItem.canDisableShield(IForgeItem.java:695) ~[forge-1.20.1-47.4.21-universal.jar%23211!/:?]
	at net.minecraftforge.common.extensions.IForgeItemStack.canDisableShield(IForgeItemStack.java:233) ~[forge-1.20.1-47.4.21-universal.jar%23211!/:?]
	at dev.shadowsoffire.apotheosis.adventure.loot.ShieldBreakerTest.test(ShieldBreakerTest.java:48) ~[%5B神化%5D%20Apotheosis-1.20.1-7.4.6.jar%23185!/:7.4.6]
	at dev.shadowsoffire.apotheosis.adventure.loot.ShieldBreakerTest.test(ShieldBreakerTest.java:25) ~[%5B神化%5D%20Apotheosis-1.20.1-7.4.6.jar%23185!/:7.4.6]
	at dev.shadowsoffire.apotheosis.adventure.loot.LootCategory.isValid(LootCategory.java:89) ~[%5B神化%5D%20Apotheosis-1.20.1-7.4.6.jar%23185!/:7.4.6]
	at dev.shadowsoffire.apotheosis.adventure.loot.LootCategory.forItem(LootCategory.java:182) ~[%5B神化%5D%20Apotheosis-1.20.1-7.4.6.jar%23185!/:7.4.6]
	at dev.shadowsoffire.apotheosis.adventure.loot.AffixLootEntry.getType(AffixLootEntry.java:91) ~[%5B神化%5D%20Apotheosis-1.20.1-7.4.6.jar%23185!/:7.4.6]
	at dev.shadowsoffire.apotheosis.adventure.loot.AffixLootRegistry.validateItem(AffixLootRegistry.java:30) ~[%5B神化%5D%20Apotheosis-1.20.1-7.4.6.jar%23185!/:7.4.6]
	at dev.shadowsoffire.apotheosis.adventure.loot.AffixLootRegistry.validateItem(AffixLootRegistry.java:13) ~[%5B神化%5D%20Apotheosis-1.20.1-7.4.6.jar%23185!/:7.4.6]
	at dev.shadowsoffire.placebo.reload.DynamicRegistry.register(DynamicRegistry.java:322) ~[Placebo-1.20.1-8.6.3.jar%23203!/:8.6.3]
	at dev.shadowsoffire.placebo.reload.DynamicRegistry.lambda$apply$0(DynamicRegistry.java:143) ~[Placebo-1.20.1-8.6.3.jar%23203!/:8.6.3]
	at java.util.HashMap.forEach(HashMap.java:1429) ~[?:?]
	at dev.shadowsoffire.placebo.reload.DynamicRegistry.apply(DynamicRegistry.java:136) ~[Placebo-1.20.1-8.6.3.jar%23203!/:8.6.3]
	at dev.shadowsoffire.placebo.reload.DynamicRegistry.m_5787_(DynamicRegistry.java:62) ~[Placebo-1.20.1-8.6.3.jar%23203!/:8.6.3]
	at net.minecraft.server.packs.resources.SimplePreparableReloadListener.m_10789_(SimplePreparableReloadListener.java:13) ~[client-1.20.1-20230612.114412-srg.jar%23206!/:?]
	at java.util.concurrent.CompletableFuture$UniAccept.tryFire(CompletableFuture.java:718) ~[?:?]
	at java.util.concurrent.CompletableFuture$Completion.run(CompletableFuture.java:482) ~[?:?]
	at net.minecraft.server.packs.resources.SimpleReloadInstance.m_143940_(SimpleReloadInstance.java:69) ~[client-1.20.1-20230612.114412-srg.jar%23206!/:?]
	at net.minecraft.util.thread.BlockableEventLoop.m_6367_(BlockableEventLoop.java:156) ~[client-1.20.1-20230612.114412-srg.jar%23206!/:?]
	at net.minecraft.util.thread.ReentrantBlockableEventLoop.m_6367_(ReentrantBlockableEventLoop.java:23) ~[client-1.20.1-20230612.114412-srg.jar%23206!/:?]
	at net.minecraft.util.thread.BlockableEventLoop.m_7245_(BlockableEventLoop.java:130) ~[client-1.20.1-20230612.114412-srg.jar%23206!/:?]
	at net.minecraft.util.thread.BlockableEventLoop.m_18701_(BlockableEventLoop.java:139) ~[client-1.20.1-20230612.114412-srg.jar%23206!/:?]
	at net.minecraft.client.gui.screens.worldselection.WorldOpenFlows.m_246486_(WorldOpenFlows.java:163) ~[client-1.20.1-20230612.114412-srg.jar%23206!/:?]
	at net.minecraft.client.gui.screens.worldselection.WorldOpenFlows.m_233122_(WorldOpenFlows.java:113) ~[client-1.20.1-20230612.114412-srg.jar%23206!/:?]
	at net.minecraft.client.gui.screens.worldselection.WorldOpenFlows.doLoadLevel(WorldOpenFlows.java:181) ~[client-1.20.1-20230612.114412-srg.jar%23206!/:?]
	at net.minecraft.client.gui.screens.worldselection.WorldOpenFlows.m_233145_(WorldOpenFlows.java:169) ~[client-1.20.1-20230612.114412-srg.jar%23206!/:?]
	at net.minecraft.client.gui.screens.worldselection.WorldOpenFlows.m_233133_(WorldOpenFlows.java:65) ~[client-1.20.1-20230612.114412-srg.jar%23206!/:?]
	at net.minecraft.client.gui.screens.worldselection.WorldSelectionList$WorldListEntry.m_101744_(WorldSelectionList.java:575) ~[client-1.20.1-20230612.114412-srg.jar%23206!/:?]
	at net.minecraft.client.gui.screens.worldselection.WorldSelectionList$WorldListEntry.m_101704_(WorldSelectionList.java:474) ~[client-1.20.1-20230612.114412-srg.jar%23206!/:?]
	at net.minecraft.client.gui.screens.worldselection.WorldSelectionList$WorldListEntry.m_6375_(WorldSelectionList.java:413) ~[client-1.20.1-20230612.114412-srg.jar%23206!/:?]
	at net.minecraft.client.gui.components.AbstractSelectionList.m_6375_(AbstractSelectionList.java:298) ~[client-1.20.1-20230612.114412-srg.jar%23206!/:?]
	at net.minecraft.client.gui.components.events.ContainerEventHandler.m_6375_(ContainerEventHandler.java:38) ~[client-1.20.1-20230612.114412-srg.jar%23206!/:?]
	at net.minecraft.client.MouseHandler.m_168084_(MouseHandler.java:92) ~[client-1.20.1-20230612.114412-srg.jar%23206!/:?]
	at net.minecraft.client.gui.screens.Screen.m_96579_(Screen.java:437) ~[client-1.20.1-20230612.114412-srg.jar%23206!/:?]
	at net.minecraft.client.MouseHandler.m_91530_(MouseHandler.java:89) ~[client-1.20.1-20230612.114412-srg.jar%23206!/:?]
	at net.minecraft.client.MouseHandler.m_168091_(MouseHandler.java:189) ~[client-1.20.1-20230612.114412-srg.jar%23206!/:?]
	at net.minecraft.util.thread.BlockableEventLoop.execute(BlockableEventLoop.java:102) ~[client-1.20.1-20230612.114412-srg.jar%23206!/:?]
	at net.minecraft.client.MouseHandler.m_91565_(MouseHandler.java:188) ~[client-1.20.1-20230612.114412-srg.jar%23206!/:?]
	at org.lwjgl.glfw.GLFWMouseButtonCallbackI.callback(GLFWMouseButtonCallbackI.java:43) ~[lwjgl-glfw-3.3.1.jar%23120!/:build 7]
	at org.lwjgl.system.JNI.invokeV(Native Method) ~[lwjgl-3.3.1.jar%23132!/:build 7]
	at org.lwjgl.glfw.GLFW.glfwWaitEventsTimeout(GLFW.java:3474) ~[lwjgl-glfw-3.3.1.jar%23120!/:build 7]
	at com.mojang.blaze3d.systems.RenderSystem.limitDisplayFPS(RenderSystem.java:237) ~[client-1.20.1-20230612.114412-srg.jar%23206!/:?]
	at net.minecraft.client.Minecraft.m_91383_(Minecraft.java:1173) ~[client-1.20.1-20230612.114412-srg.jar%23206!/:?]
	at net.minecraft.client.Minecraft.m_91374_(Minecraft.java:718) ~[client-1.20.1-20230612.114412-srg.jar%23206!/:?]
	at net.minecraft.client.main.Main.main(Main.java:218) ~[%e6%a4%8d%e7%89%a9%e7%a7%91%e6%8a%80.jar:?]
	at jdk.internal.reflect.DirectMethodHandleAccessor.invoke(DirectMethodHandleAccessor.java:103) ~[?:?]
	at java.lang.reflect.Method.invoke(Method.java:580) ~[?:?]
	at net.minecraftforge.fml.loading.targets.CommonLaunchHandler.runTarget(CommonLaunchHandler.java:111) ~[fmlloader-1.20.1-47.4.21.jar:?]
	at net.minecraftforge.fml.loading.targets.CommonLaunchHandler.clientService(CommonLaunchHandler.java:99) ~[fmlloader-1.20.1-47.4.21.jar:?]
	at net.minecraftforge.fml.loading.targets.CommonClientLaunchHandler.lambda$makeService$0(CommonClientLaunchHandler.java:25) ~[fmlloader-1.20.1-47.4.21.jar:?]
	at cpw.mods.modlauncher.LaunchServiceHandlerDecorator.launch(LaunchServiceHandlerDecorator.java:30) ~[modlauncher-10.0.9.jar:?]
	at cpw.mods.modlauncher.LaunchServiceHandler.launch(LaunchServiceHandler.java:53) ~[modlauncher-10.0.9.jar:?]
	at cpw.mods.modlauncher.LaunchServiceHandler.launch(LaunchServiceHandler.java:71) ~[modlauncher-10.0.9.jar:?]
	at cpw.mods.modlauncher.Launcher.run(Launcher.java:108) ~[modlauncher-10.0.9.jar:?]
	at cpw.mods.modlauncher.Launcher.main(Launcher.java:78) ~[modlauncher-10.0.9.jar:?]
	at cpw.mods.modlauncher.BootstrapLaunchConsumer.accept(BootstrapLaunchConsumer.java:26) ~[modlauncher-10.0.9.jar:?]
	at cpw.mods.modlauncher.BootstrapLaunchConsumer.accept(BootstrapLaunchConsumer.java:23) ~[modlauncher-10.0.9.jar:?]
	at cpw.mods.bootstraplauncher.BootstrapLauncher.main(BootstrapLauncher.java:141) ~[bootstraplauncher-1.1.2.jar:?]
[228月2026 22:28:25.074] [Render thread/ERROR] [Apotheosis : Adventure/]: Failed to execute ShieldBreakerTest
java.lang.NullPointerException: Cannot invoke "net.minecraft.world.entity.LivingEntity.m_213824_()" because "attacker" is null
	at net.minecraftforge.common.extensions.IForgeItem.canDisableShield(IForgeItem.java:695) ~[forge-1.20.1-47.4.21-universal.jar%23211!/:?]
	at net.minecraftforge.common.extensions.IForgeItemStack.canDisableShield(IForgeItemStack.java:233) ~[forge-1.20.1-47.4.21-universal.jar%23211!/:?]
	at dev.shadowsoffire.apotheosis.adventure.loot.ShieldBreakerTest.test(ShieldBreakerTest.java:48) ~[%5B神化%5D%20Apotheosis-1.20.1-7.4.6.jar%23185!/:7.4.6]
	at dev.shadowsoffire.apotheosis.adventure.loot.ShieldBreakerTest.test(ShieldBreakerTest.java:25) ~[%5B神化%5D%20Apotheosis-1.20.1-7.4.6.jar%23185!/:7.4.6]
	at dev.shadowsoffire.apotheosis.adventure.loot.LootCategory.isValid(LootCategory.java:89) ~[%5B神化%5D%20Apotheosis-1.20.1-7.4.6.jar%23185!/:7.4.6]
	at dev.shadowsoffire.apotheosis.adventure.loot.LootCategory.forItem(LootCategory.java:182) ~[%5B神化%5D%20Apotheosis-1.20.1-7.4.6.jar%23185!/:7.4.6]
	at dev.shadowsoffire.apotheosis.adventure.loot.AffixLootEntry.getType(AffixLootEntry.java:91) ~[%5B神化%5D%20Apotheosis-1.20.1-7.4.6.jar%23185!/:7.4.6]
	at dev.shadowsoffire.apotheosis.adventure.loot.AffixLootRegistry.validateItem(AffixLootRegistry.java:30) ~[%5B神化%5D%20Apotheosis-1.20.1-7.4.6.jar%23185!/:7.4.6]
	at dev.shadowsoffire.apotheosis.adventure.loot.AffixLootRegistry.validateItem(AffixLootRegistry.java:13) ~[%5B神化%5D%20Apotheosis-1.20.1-7.4.6.jar%23185!/:7.4.6]
	at dev.shadowsoffire.placebo.reload.DynamicRegistry.register(DynamicRegistry.java:322) ~[Placebo-1.20.1-8.6.3.jar%23203!/:8.6.3]
	at dev.shadowsoffire.placebo.reload.DynamicRegistry.lambda$apply$0(DynamicRegistry.java:143) ~[Placebo-1.20.1-8.6.3.jar%23203!/:8.6.3]
	at java.util.HashMap.forEach(HashMap.java:1429) ~[?:?]
	at dev.shadowsoffire.placebo.reload.DynamicRegistry.apply(DynamicRegistry.java:136) ~[Placebo-1.20.1-8.6.3.jar%23203!/:8.6.3]
	at dev.shadowsoffire.placebo.reload.DynamicRegistry.m_5787_(DynamicRegistry.java:62) ~[Placebo-1.20.1-8.6.3.jar%23203!/:8.6.3]
	at net.minecraft.server.packs.resources.SimplePreparableReloadListener.m_10789_(SimplePreparableReloadListener.java:13) ~[client-1.20.1-20230612.114412-srg.jar%23206!/:?]
	at java.util.concurrent.CompletableFuture$UniAccept.tryFire(CompletableFuture.java:718) ~[?:?]
	at java.util.concurrent.CompletableFuture$Completion.run(CompletableFuture.java:482) ~[?:?]
	at net.minecraft.server.packs.resources.SimpleReloadInstance.m_143940_(SimpleReloadInstance.java:69) ~[client-1.20.1-20230612.114412-srg.jar%23206!/:?]
	at net.minecraft.util.thread.BlockableEventLoop.m_6367_(BlockableEventLoop.java:156) ~[client-1.20.1-20230612.114412-srg.jar%23206!/:?]
	at net.minecraft.util.thread.ReentrantBlockableEventLoop.m_6367_(ReentrantBlockableEventLoop.java:23) ~[client-1.20.1-20230612.114412-srg.jar%23206!/:?]
	at net.minecraft.util.thread.BlockableEventLoop.m_7245_(BlockableEventLoop.java:130) ~[client-1.20.1-20230612.114412-srg.jar%23206!/:?]
	at net.minecraft.util.thread.BlockableEventLoop.m_18701_(BlockableEventLoop.java:139) ~[client-1.20.1-20230612.114412-srg.jar%23206!/:?]
	at net.minecraft.client.gui.screens.worldselection.WorldOpenFlows.m_246486_(WorldOpenFlows.java:163) ~[client-1.20.1-20230612.114412-srg.jar%23206!/:?]
	at net.minecraft.client.gui.screens.worldselection.WorldOpenFlows.m_233122_(WorldOpenFlows.java:113) ~[client-1.20.1-20230612.114412-srg.jar%23206!/:?]
	at net.minecraft.client.gui.screens.worldselection.WorldOpenFlows.doLoadLevel(WorldOpenFlows.java:181) ~[client-1.20.1-20230612.114412-srg.jar%23206!/:?]
	at net.minecraft.client.gui.screens.worldselection.WorldOpenFlows.m_233145_(WorldOpenFlows.java:169) ~[client-1.20.1-20230612.114412-srg.jar%23206!/:?]
	at net.minecraft.client.gui.screens.worldselection.WorldOpenFlows.m_233133_(WorldOpenFlows.java:65) ~[client-1.20.1-20230612.114412-srg.jar%23206!/:?]
	at net.minecraft.client.gui.screens.worldselection.WorldSelectionList$WorldListEntry.m_101744_(WorldSelectionList.java:575) ~[client-1.20.1-20230612.114412-srg.jar%23206!/:?]
	at net.minecraft.client.gui.screens.worldselection.WorldSelectionList$WorldListEntry.m_101704_(WorldSelectionList.java:474) ~[client-1.20.1-20230612.114412-srg.jar%23206!/:?]
	at net.minecraft.client.gui.screens.worldselection.WorldSelectionList$WorldListEntry.m_6375_(WorldSelectionList.java:413) ~[client-1.20.1-20230612.114412-srg.jar%23206!/:?]
	at net.minecraft.client.gui.components.AbstractSelectionList.m_6375_(AbstractSelectionList.java:298) ~[client-1.20.1-20230612.114412-srg.jar%23206!/:?]
	at net.minecraft.client.gui.components.events.ContainerEventHandler.m_6375_(ContainerEventHandler.java:38) ~[client-1.20.1-20230612.114412-srg.jar%23206!/:?]
	at net.minecraft.client.MouseHandler.m_168084_(MouseHandler.java:92) ~[client-1.20.1-20230612.114412-srg.jar%23206!/:?]
	at net.minecraft.client.gui.screens.Screen.m_96579_(Screen.java:437) ~[client-1.20.1-20230612.114412-srg.jar%23206!/:?]
	at net.minecraft.client.MouseHandler.m_91530_(MouseHandler.java:89) ~[client-1.20.1-20230612.114412-srg.jar%23206!/:?]
	at net.minecraft.client.MouseHandler.m_168091_(MouseHandler.java:189) ~[client-1.20.1-20230612.114412-srg.jar%23206!/:?]
	at net.minecraft.util.thread.BlockableEventLoop.execute(BlockableEventLoop.java:102) ~[client-1.20.1-20230612.114412-srg.jar%23206!/:?]
	at net.minecraft.client.MouseHandler.m_91565_(MouseHandler.java:188) ~[client-1.20.1-20230612.114412-srg.jar%23206!/:?]
	at org.lwjgl.glfw.GLFWMouseButtonCallbackI.callback(GLFWMouseButtonCallbackI.java:43) ~[lwjgl-glfw-3.3.1.jar%23120!/:build 7]
	at org.lwjgl.system.JNI.invokeV(Native Method) ~[lwjgl-3.3.1.jar%23132!/:build 7]
	at org.lwjgl.glfw.GLFW.glfwWaitEventsTimeout(GLFW.java:3474) ~[lwjgl-glfw-3.3.1.jar%23120!/:build 7]
	at com.mojang.blaze3d.systems.RenderSystem.limitDisplayFPS(RenderSystem.java:237) ~[client-1.20.1-20230612.114412-srg.jar%23206!/:?]
	at net.minecraft.client.Minecraft.m_91383_(Minecraft.java:1173) ~[client-1.20.1-20230612.114412-srg.jar%23206!/:?]
	at net.minecraft.client.Minecraft.m_91374_(Minecraft.java:718) ~[client-1.20.1-20230612.114412-srg.jar%23206!/:?]
	at net.minecraft.client.main.Main.main(Main.java:218) ~[%e6%a4%8d%e7%89%a9%e7%a7%91%e6%8a%80.jar:?]
	at jdk.internal.reflect.DirectMethodHandleAccessor.invoke(DirectMethodHandleAccessor.java:103) ~[?:?]
	at java.lang.reflect.Method.invoke(Method.java:580) ~[?:?]
	at net.minecraftforge.fml.loading.targets.CommonLaunchHandler.runTarget(CommonLaunchHandler.java:111) ~[fmlloader-1.20.1-47.4.21.jar:?]
	at net.minecraftforge.fml.loading.targets.CommonLaunchHandler.clientService(CommonLaunchHandler.java:99) ~[fmlloader-1.20.1-47.4.21.jar:?]
	at net.minecraftforge.fml.loading.targets.CommonClientLaunchHandler.lambda$makeService$0(CommonClientLaunchHandler.java:25) ~[fmlloader-1.20.1-47.4.21.jar:?]
	at cpw.mods.modlauncher.LaunchServiceHandlerDecorator.launch(LaunchServiceHandlerDecorator.java:30) ~[modlauncher-10.0.9.jar:?]
	at cpw.mods.modlauncher.LaunchServiceHandler.launch(LaunchServiceHandler.java:53) ~[modlauncher-10.0.9.jar:?]
	at cpw.mods.modlauncher.LaunchServiceHandler.launch(LaunchServiceHandler.java:71) ~[modlauncher-10.0.9.jar:?]
	at cpw.mods.modlauncher.Launcher.run(Launcher.java:108) ~[modlauncher-10.0.9.jar:?]
	at cpw.mods.modlauncher.Launcher.main(Launcher.java:78) ~[modlauncher-10.0.9.jar:?]
	at cpw.mods.modlauncher.BootstrapLaunchConsumer.accept(BootstrapLaunchConsumer.java:26) ~[modlauncher-10.0.9.jar:?]
	at cpw.mods.modlauncher.BootstrapLaunchConsumer.accept(BootstrapLaunchConsumer.java:23) ~[modlauncher-10.0.9.jar:?]
	at cpw.mods.bootstraplauncher.BootstrapLauncher.main(BootstrapLauncher.java:141) ~[bootstraplauncher-1.1.2.jar:?]
[228月2026 22:28:25.075] [Render thread/ERROR] [Apotheosis : Adventure/]: Failed to execute ShieldBreakerTest
java.lang.NullPointerException: Cannot invoke "net.minecraft.world.entity.LivingEntity.m_213824_()" because "attacker" is null
	at net.minecraftforge.common.extensions.IForgeItem.canDisableShield(IForgeItem.java:695) ~[forge-1.20.1-47.4.21-universal.jar%23211!/:?]
	at net.minecraftforge.common.extensions.IForgeItemStack.canDisableShield(IForgeItemStack.java:233) ~[forge-1.20.1-47.4.21-universal.jar%23211!/:?]
	at dev.shadowsoffire.apotheosis.adventure.loot.ShieldBreakerTest.test(ShieldBreakerTest.java:48) ~[%5B神化%5D%20Apotheosis-1.20.1-7.4.6.jar%23185!/:7.4.6]
	at dev.shadowsoffire.apotheosis.adventure.loot.ShieldBreakerTest.test(ShieldBreakerTest.java:25) ~[%5B神化%5D%20Apotheosis-1.20.1-7.4.6.jar%23185!/:7.4.6]
	at dev.shadowsoffire.apotheosis.adventure.loot.LootCategory.isValid(LootCategory.java:89) ~[%5B神化%5D%20Apotheosis-1.20.1-7.4.6.jar%23185!/:7.4.6]
	at dev.shadowsoffire.apotheosis.adventure.loot.LootCategory.forItem(LootCategory.java:182) ~[%5B神化%5D%20Apotheosis-1.20.1-7.4.6.jar%23185!/:7.4.6]
	at dev.shadowsoffire.apotheosis.adventure.loot.AffixLootEntry.getType(AffixLootEntry.java:91) ~[%5B神化%5D%20Apotheosis-1.20.1-7.4.6.jar%23185!/:7.4.6]
	at dev.shadowsoffire.apotheosis.adventure.loot.AffixLootRegistry.validateItem(AffixLootRegistry.java:30) ~[%5B神化%5D%20Apotheosis-1.20.1-7.4.6.jar%23185!/:7.4.6]
	at dev.shadowsoffire.apotheosis.adventure.loot.AffixLootRegistry.validateItem(AffixLootRegistry.java:13) ~[%5B神化%5D%20Apotheosis-1.20.1-7.4.6.jar%23185!/:7.4.6]
	at dev.shadowsoffire.placebo.reload.DynamicRegistry.register(DynamicRegistry.java:322) ~[Placebo-1.20.1-8.6.3.jar%23203!/:8.6.3]
	at dev.shadowsoffire.placebo.reload.DynamicRegistry.lambda$apply$0(DynamicRegistry.java:143) ~[Placebo-1.20.1-8.6.3.jar%23203!/:8.6.3]
	at java.util.HashMap.forEach(HashMap.java:1429) ~[?:?]
	at dev.shadowsoffire.placebo.reload.DynamicRegistry.apply(DynamicRegistry.java:136) ~[Placebo-1.20.1-8.6.3.jar%23203!/:8.6.3]
	at dev.shadowsoffire.placebo.reload.DynamicRegistry.m_5787_(DynamicRegistry.java:62) ~[Placebo-1.20.1-8.6.3.jar%23203!/:8.6.3]
	at net.minecraft.server.packs.resources.SimplePreparableReloadListener.m_10789_(SimplePreparableReloadListener.java:13) ~[client-1.20.1-20230612.114412-srg.jar%23206!/:?]
	at java.util.concurrent.CompletableFuture$UniAccept.tryFire(CompletableFuture.java:718) ~[?:?]
	at java.util.concurrent.CompletableFuture$Completion.run(CompletableFuture.java:482) ~[?:?]
	at net.minecraft.server.packs.resources.SimpleReloadInstance.m_143940_(SimpleReloadInstance.java:69) ~[client-1.20.1-20230612.114412-srg.jar%23206!/:?]
	at net.minecraft.util.thread.BlockableEventLoop.m_6367_(BlockableEventLoop.java:156) ~[client-1.20.1-20230612.114412-srg.jar%23206!/:?]
	at net.minecraft.util.thread.ReentrantBlockableEventLoop.m_6367_(ReentrantBlockableEventLoop.java:23) ~[client-1.20.1-20230612.114412-srg.jar%23206!/:?]
	at net.minecraft.util.thread.BlockableEventLoop.m_7245_(BlockableEventLoop.java:130) ~[client-1.20.1-20230612.114412-srg.jar%23206!/:?]
	at net.minecraft.util.thread.BlockableEventLoop.m_18701_(BlockableEventLoop.java:139) ~[client-1.20.1-20230612.114412-srg.jar%23206!/:?]
	at net.minecraft.client.gui.screens.worldselection.WorldOpenFlows.m_246486_(WorldOpenFlows.java:163) ~[client-1.20.1-20230612.114412-srg.jar%23206!/:?]
	at net.minecraft.client.gui.screens.worldselection.WorldOpenFlows.m_233122_(WorldOpenFlows.java:113) ~[client-1.20.1-20230612.114412-srg.jar%23206!/:?]
	at net.minecraft.client.gui.screens.worldselection.WorldOpenFlows.doLoadLevel(WorldOpenFlows.java:181) ~[client-1.20.1-20230612.114412-srg.jar%23206!/:?]
	at net.minecraft.client.gui.screens.worldselection.WorldOpenFlows.m_233145_(WorldOpenFlows.java:169) ~[client-1.20.1-20230612.114412-srg.jar%23206!/:?]
	at net.minecraft.client.gui.screens.worldselection.WorldOpenFlows.m_233133_(WorldOpenFlows.java:65) ~[client-1.20.1-20230612.114412-srg.jar%23206!/:?]
	at net.minecraft.client.gui.screens.worldselection.WorldSelectionList$WorldListEntry.m_101744_(WorldSelectionList.java:575) ~[client-1.20.1-20230612.114412-srg.jar%23206!/:?]
	at net.minecraft.client.gui.screens.worldselection.WorldSelectionList$WorldListEntry.m_101704_(WorldSelectionList.java:474) ~[client-1.20.1-20230612.114412-srg.jar%23206!/:?]
	at net.minecraft.client.gui.screens.worldselection.WorldSelectionList$WorldListEntry.m_6375_(WorldSelectionList.java:413) ~[client-1.20.1-20230612.114412-srg.jar%23206!/:?]
	at net.minecraft.client.gui.components.AbstractSelectionList.m_6375_(AbstractSelectionList.java:298) ~[client-1.20.1-20230612.114412-srg.jar%23206!/:?]
	at net.minecraft.client.gui.components.events.ContainerEventHandler.m_6375_(ContainerEventHandler.java:38) ~[client-1.20.1-20230612.114412-srg.jar%23206!/:?]
	at net.minecraft.client.MouseHandler.m_168084_(MouseHandler.java:92) ~[client-1.20.1-20230612.114412-srg.jar%23206!/:?]
	at net.minecraft.client.gui.screens.Screen.m_96579_(Screen.java:437) ~[client-1.20.1-20230612.114412-srg.jar%23206!/:?]
	at net.minecraft.client.MouseHandler.m_91530_(MouseHandler.java:89) ~[client-1.20.1-20230612.114412-srg.jar%23206!/:?]
	at net.minecraft.client.MouseHandler.m_168091_(MouseHandler.java:189) ~[client-1.20.1-20230612.114412-srg.jar%23206!/:?]
	at net.minecraft.util.thread.BlockableEventLoop.execute(BlockableEventLoop.java:102) ~[client-1.20.1-20230612.114412-srg.jar%23206!/:?]
	at net.minecraft.client.MouseHandler.m_91565_(MouseHandler.java:188) ~[client-1.20.1-20230612.114412-srg.jar%23206!/:?]
	at org.lwjgl.glfw.GLFWMouseButtonCallbackI.callback(GLFWMouseButtonCallbackI.java:43) ~[lwjgl-glfw-3.3.1.jar%23120!/:build 7]
	at org.lwjgl.system.JNI.invokeV(Native Method) ~[lwjgl-3.3.1.jar%23132!/:build 7]
	at org.lwjgl.glfw.GLFW.glfwWaitEventsTimeout(GLFW.java:3474) ~[lwjgl-glfw-3.3.1.jar%23120!/:build 7]
	at com.mojang.blaze3d.systems.RenderSystem.limitDisplayFPS(RenderSystem.java:237) ~[client-1.20.1-20230612.114412-srg.jar%23206!/:?]
	at net.minecraft.client.Minecraft.m_91383_(Minecraft.java:1173) ~[client-1.20.1-20230612.114412-srg.jar%23206!/:?]
	at net.minecraft.client.Minecraft.m_91374_(Minecraft.java:718) ~[client-1.20.1-20230612.114412-srg.jar%23206!/:?]
	at net.minecraft.client.main.Main.main(Main.java:218) ~[%e6%a4%8d%e7%89%a9%e7%a7%91%e6%8a%80.jar:?]
	at jdk.internal.reflect.DirectMethodHandleAccessor.invoke(DirectMethodHandleAccessor.java:103) ~[?:?]
	at java.lang.reflect.Method.invoke(Method.java:580) ~[?:?]
	at net.minecraftforge.fml.loading.targets.CommonLaunchHandler.runTarget(CommonLaunchHandler.java:111) ~[fmlloader-1.20.1-47.4.21.jar:?]
	at net.minecraftforge.fml.loading.targets.CommonLaunchHandler.clientService(CommonLaunchHandler.java:99) ~[fmlloader-1.20.1-47.4.21.jar:?]
	at net.minecraftforge.fml.loading.targets.CommonClientLaunchHandler.lambda$makeService$0(CommonClientLaunchHandler.java:25) ~[fmlloader-1.20.1-47.4.21.jar:?]
	at cpw.mods.modlauncher.LaunchServiceHandlerDecorator.launch(LaunchServiceHandlerDecorator.java:30) ~[modlauncher-10.0.9.jar:?]
	at cpw.mods.modlauncher.LaunchServiceHandler.launch(LaunchServiceHandler.java:53) ~[modlauncher-10.0.9.jar:?]
	at cpw.mods.modlauncher.LaunchServiceHandler.launch(LaunchServiceHandler.java:71) ~[modlauncher-10.0.9.jar:?]
	at cpw.mods.modlauncher.Launcher.run(Launcher.java:108) ~[modlauncher-10.0.9.jar:?]
	at cpw.mods.modlauncher.Launcher.main(Launcher.java:78) ~[modlauncher-10.0.9.jar:?]
	at cpw.mods.modlauncher.BootstrapLaunchConsumer.accept(BootstrapLaunchConsumer.java:26) ~[modlauncher-10.0.9.jar:?]
	at cpw.mods.modlauncher.BootstrapLaunchConsumer.accept(BootstrapLaunchConsumer.java:23) ~[modlauncher-10.0.9.jar:?]
	at cpw.mods.bootstraplauncher.BootstrapLauncher.main(BootstrapLauncher.java:141) ~[bootstraplauncher-1.1.2.jar:?]
[228月2026 22:28:25.077] [Render thread/ERROR] [Apotheosis : Adventure/]: Failed to execute ShieldBreakerTest
java.lang.NullPointerException: Cannot invoke "net.minecraft.world.entity.LivingEntity.m_213824_()" because "attacker" is null
	at net.minecraftforge.common.extensions.IForgeItem.canDisableShield(IForgeItem.java:695) ~[forge-1.20.1-47.4.21-universal.jar%23211!/:?]
	at net.minecraftforge.common.extensions.IForgeItemStack.canDisableShield(IForgeItemStack.java:233) ~[forge-1.20.1-47.4.21-universal.jar%23211!/:?]
	at dev.shadowsoffire.apotheosis.adventure.loot.ShieldBreakerTest.test(ShieldBreakerTest.java:48) ~[%5B神化%5D%20Apotheosis-1.20.1-7.4.6.jar%23185!/:7.4.6]
	at dev.shadowsoffire.apotheosis.adventure.loot.ShieldBreakerTest.test(ShieldBreakerTest.java:25) ~[%5B神化%5D%20Apotheosis-1.20.1-7.4.6.jar%23185!/:7.4.6]
	at dev.shadowsoffire.apotheosis.adventure.loot.LootCategory.isValid(LootCategory.java:89) ~[%5B神化%5D%20Apotheosis-1.20.1-7.4.6.jar%23185!/:7.4.6]
	at dev.shadowsoffire.apotheosis.adventure.loot.LootCategory.forItem(LootCategory.java:182) ~[%5B神化%5D%20Apotheosis-1.20.1-7.4.6.jar%23185!/:7.4.6]
	at dev.shadowsoffire.apotheosis.adventure.loot.AffixLootEntry.getType(AffixLootEntry.java:91) ~[%5B神化%5D%20Apotheosis-1.20.1-7.4.6.jar%23185!/:7.4.6]
	at dev.shadowsoffire.apotheosis.adventure.loot.AffixLootRegistry.validateItem(AffixLootRegistry.java:30) ~[%5B神化%5D%20Apotheosis-1.20.1-7.4.6.jar%23185!/:7.4.6]
	at dev.shadowsoffire.apotheosis.adventure.loot.AffixLootRegistry.validateItem(AffixLootRegistry.java:13) ~[%5B神化%5D%20Apotheosis-1.20.1-7.4.6.jar%23185!/:7.4.6]
	at dev.shadowsoffire.placebo.reload.DynamicRegistry.register(DynamicRegistry.java:322) ~[Placebo-1.20.1-8.6.3.jar%23203!/:8.6.3]
	at dev.shadowsoffire.placebo.reload.DynamicRegistry.lambda$apply$0(DynamicRegistry.java:143) ~[Placebo-1.20.1-8.6.3.jar%23203!/:8.6.3]
	at java.util.HashMap.forEach(HashMap.java:1429) ~[?:?]
	at dev.shadowsoffire.placebo.reload.DynamicRegistry.apply(DynamicRegistry.java:136) ~[Placebo-1.20.1-8.6.3.jar%23203!/:8.6.3]
	at dev.shadowsoffire.placebo.reload.DynamicRegistry.m_5787_(DynamicRegistry.java:62) ~[Placebo-1.20.1-8.6.3.jar%23203!/:8.6.3]
	at net.minecraft.server.packs.resources.SimplePreparableReloadListener.m_10789_(SimplePreparableReloadListener.java:13) ~[client-1.20.1-20230612.114412-srg.jar%23206!/:?]
	at java.util.concurrent.CompletableFuture$UniAccept.tryFire(CompletableFuture.java:718) ~[?:?]
	at java.util.concurrent.CompletableFuture$Completion.run(CompletableFuture.java:482) ~[?:?]
	at net.minecraft.server.packs.resources.SimpleReloadInstance.m_143940_(SimpleReloadInstance.java:69) ~[client-1.20.1-20230612.114412-srg.jar%23206!/:?]
	at net.minecraft.util.thread.BlockableEventLoop.m_6367_(BlockableEventLoop.java:156) ~[client-1.20.1-20230612.114412-srg.jar%23206!/:?]
	at net.minecraft.util.thread.ReentrantBlockableEventLoop.m_6367_(ReentrantBlockableEventLoop.java:23) ~[client-1.20.1-20230612.114412-srg.jar%23206!/:?]
	at net.minecraft.util.thread.BlockableEventLoop.m_7245_(BlockableEventLoop.java:130) ~[client-1.20.1-20230612.114412-srg.jar%23206!/:?]
	at net.minecraft.util.thread.BlockableEventLoop.m_18701_(BlockableEventLoop.java:139) ~[client-1.20.1-20230612.114412-srg.jar%23206!/:?]
	at net.minecraft.client.gui.screens.worldselection.WorldOpenFlows.m_246486_(WorldOpenFlows.java:163) ~[client-1.20.1-20230612.114412-srg.jar%23206!/:?]
	at net.minecraft.client.gui.screens.worldselection.WorldOpenFlows.m_233122_(WorldOpenFlows.java:113) ~[client-1.20.1-20230612.114412-srg.jar%23206!/:?]
	at net.minecraft.client.gui.screens.worldselection.WorldOpenFlows.doLoadLevel(WorldOpenFlows.java:181) ~[client-1.20.1-20230612.114412-srg.jar%23206!/:?]
	at net.minecraft.client.gui.screens.worldselection.WorldOpenFlows.m_233145_(WorldOpenFlows.java:169) ~[client-1.20.1-20230612.114412-srg.jar%23206!/:?]
	at net.minecraft.client.gui.screens.worldselection.WorldOpenFlows.m_233133_(WorldOpenFlows.java:65) ~[client-1.20.1-20230612.114412-srg.jar%23206!/:?]
	at net.minecraft.client.gui.screens.worldselection.WorldSelectionList$WorldListEntry.m_101744_(WorldSelectionList.java:575) ~[client-1.20.1-20230612.114412-srg.jar%23206!/:?]
	at net.minecraft.client.gui.screens.worldselection.WorldSelectionList$WorldListEntry.m_101704_(WorldSelectionList.java:474) ~[client-1.20.1-20230612.114412-srg.jar%23206!/:?]
	at net.minecraft.client.gui.screens.worldselection.WorldSelectionList$WorldListEntry.m_6375_(WorldSelectionList.java:413) ~[client-1.20.1-20230612.114412-srg.jar%23206!/:?]
	at net.minecraft.client.gui.components.AbstractSelectionList.m_6375_(AbstractSelectionList.java:298) ~[client-1.20.1-20230612.114412-srg.jar%23206!/:?]
	at net.minecraft.client.gui.components.events.ContainerEventHandler.m_6375_(ContainerEventHandler.java:38) ~[client-1.20.1-20230612.114412-srg.jar%23206!/:?]
	at net.minecraft.client.MouseHandler.m_168084_(MouseHandler.java:92) ~[client-1.20.1-20230612.114412-srg.jar%23206!/:?]
	at net.minecraft.client.gui.screens.Screen.m_96579_(Screen.java:437) ~[client-1.20.1-20230612.114412-srg.jar%23206!/:?]
	at net.minecraft.client.MouseHandler.m_91530_(MouseHandler.java:89) ~[client-1.20.1-20230612.114412-srg.jar%23206!/:?]
	at net.minecraft.client.MouseHandler.m_168091_(MouseHandler.java:189) ~[client-1.20.1-20230612.114412-srg.jar%23206!/:?]
	at net.minecraft.util.thread.BlockableEventLoop.execute(BlockableEventLoop.java:102) ~[client-1.20.1-20230612.114412-srg.jar%23206!/:?]
	at net.minecraft.client.MouseHandler.m_91565_(MouseHandler.java:188) ~[client-1.20.1-20230612.114412-srg.jar%23206!/:?]
	at org.lwjgl.glfw.GLFWMouseButtonCallbackI.callback(GLFWMouseButtonCallbackI.java:43) ~[lwjgl-glfw-3.3.1.jar%23120!/:build 7]
	at org.lwjgl.system.JNI.invokeV(Native Method) ~[lwjgl-3.3.1.jar%23132!/:build 7]
	at org.lwjgl.glfw.GLFW.glfwWaitEventsTimeout(GLFW.java:3474) ~[lwjgl-glfw-3.3.1.jar%23120!/:build 7]
	at com.mojang.blaze3d.systems.RenderSystem.limitDisplayFPS(RenderSystem.java:237) ~[client-1.20.1-20230612.114412-srg.jar%23206!/:?]
	at net.minecraft.client.Minecraft.m_91383_(Minecraft.java:1173) ~[client-1.20.1-20230612.114412-srg.jar%23206!/:?]
	at net.minecraft.client.Minecraft.m_91374_(Minecraft.java:718) ~[client-1.20.1-20230612.114412-srg.jar%23206!/:?]
	at net.minecraft.client.main.Main.main(Main.java:218) ~[%e6%a4%8d%e7%89%a9%e7%a7%91%e6%8a%80.jar:?]
	at jdk.internal.reflect.DirectMethodHandleAccessor.invoke(DirectMethodHandleAccessor.java:103) ~[?:?]
	at java.lang.reflect.Method.invoke(Method.java:580) ~[?:?]
	at net.minecraftforge.fml.loading.targets.CommonLaunchHandler.runTarget(CommonLaunchHandler.java:111) ~[fmlloader-1.20.1-47.4.21.jar:?]
	at net.minecraftforge.fml.loading.targets.CommonLaunchHandler.clientService(CommonLaunchHandler.java:99) ~[fmlloader-1.20.1-47.4.21.jar:?]
	at net.minecraftforge.fml.loading.targets.CommonClientLaunchHandler.lambda$makeService$0(CommonClientLaunchHandler.java:25) ~[fmlloader-1.20.1-47.4.21.jar:?]
	at cpw.mods.modlauncher.LaunchServiceHandlerDecorator.launch(LaunchServiceHandlerDecorator.java:30) ~[modlauncher-10.0.9.jar:?]
	at cpw.mods.modlauncher.LaunchServiceHandler.launch(LaunchServiceHandler.java:53) ~[modlauncher-10.0.9.jar:?]
	at cpw.mods.modlauncher.LaunchServiceHandler.launch(LaunchServiceHandler.java:71) ~[modlauncher-10.0.9.jar:?]
	at cpw.mods.modlauncher.Launcher.run(Launcher.java:108) ~[modlauncher-10.0.9.jar:?]
	at cpw.mods.modlauncher.Launcher.main(Launcher.java:78) ~[modlauncher-10.0.9.jar:?]
	at cpw.mods.modlauncher.BootstrapLaunchConsumer.accept(BootstrapLaunchConsumer.java:26) ~[modlauncher-10.0.9.jar:?]
	at cpw.mods.modlauncher.BootstrapLaunchConsumer.accept(BootstrapLaunchConsumer.java:23) ~[modlauncher-10.0.9.jar:?]
	at cpw.mods.bootstraplauncher.BootstrapLauncher.main(BootstrapLauncher.java:141) ~[bootstraplauncher-1.1.2.jar:?]
[228月2026 22:28:25.078] [Render thread/ERROR] [Apotheosis : Adventure/]: Failed to execute ShieldBreakerTest
java.lang.NullPointerException: Cannot invoke "net.minecraft.world.entity.LivingEntity.m_213824_()" because "attacker" is null
	at net.minecraftforge.common.extensions.IForgeItem.canDisableShield(IForgeItem.java:695) ~[forge-1.20.1-47.4.21-universal.jar%23211!/:?]
	at net.minecraftforge.common.extensions.IForgeItemStack.canDisableShield(IForgeItemStack.java:233) ~[forge-1.20.1-47.4.21-universal.jar%23211!/:?]
	at dev.shadowsoffire.apotheosis.adventure.loot.ShieldBreakerTest.test(ShieldBreakerTest.java:48) ~[%5B神化%5D%20Apotheosis-1.20.1-7.4.6.jar%23185!/:7.4.6]
	at dev.shadowsoffire.apotheosis.adventure.loot.ShieldBreakerTest.test(ShieldBreakerTest.java:25) ~[%5B神化%5D%20Apotheosis-1.20.1-7.4.6.jar%23185!/:7.4.6]
	at dev.shadowsoffire.apotheosis.adventure.loot.LootCategory.isValid(LootCategory.java:89) ~[%5B神化%5D%20Apotheosis-1.20.1-7.4.6.jar%23185!/:7.4.6]
	at dev.shadowsoffire.apotheosis.adventure.loot.LootCategory.forItem(LootCategory.java:182) ~[%5B神化%5D%20Apotheosis-1.20.1-7.4.6.jar%23185!/:7.4.6]
	at dev.shadowsoffire.apotheosis.adventure.loot.AffixLootEntry.getType(AffixLootEntry.java:91) ~[%5B神化%5D%20Apotheosis-1.20.1-7.4.6.jar%23185!/:7.4.6]
	at dev.shadowsoffire.apotheosis.adventure.loot.AffixLootRegistry.validateItem(AffixLootRegistry.java:30) ~[%5B神化%5D%20Apotheosis-1.20.1-7.4.6.jar%23185!/:7.4.6]
	at dev.shadowsoffire.apotheosis.adventure.loot.AffixLootRegistry.validateItem(AffixLootRegistry.java:13) ~[%5B神化%5D%20Apotheosis-1.20.1-7.4.6.jar%23185!/:7.4.6]
	at dev.shadowsoffire.placebo.reload.DynamicRegistry.register(DynamicRegistry.java:322) ~[Placebo-1.20.1-8.6.3.jar%23203!/:8.6.3]
	at dev.shadowsoffire.placebo.reload.DynamicRegistry.lambda$apply$0(DynamicRegistry.java:143) ~[Placebo-1.20.1-8.6.3.jar%23203!/:8.6.3]
	at java.util.HashMap.forEach(HashMap.java:1429) ~[?:?]
	at dev.shadowsoffire.placebo.reload.DynamicRegistry.apply(DynamicRegistry.java:136) ~[Placebo-1.20.1-8.6.3.jar%23203!/:8.6.3]
	at dev.shadowsoffire.placebo.reload.DynamicRegistry.m_5787_(DynamicRegistry.java:62) ~[Placebo-1.20.1-8.6.3.jar%23203!/:8.6.3]
	at net.minecraft.server.packs.resources.SimplePreparableReloadListener.m_10789_(SimplePreparableReloadListener.java:13) ~[client-1.20.1-20230612.114412-srg.jar%23206!/:?]
	at java.util.concurrent.CompletableFuture$UniAccept.tryFire(CompletableFuture.java:718) ~[?:?]
	at java.util.concurrent.CompletableFuture$Completion.run(CompletableFuture.java:482) ~[?:?]
	at net.minecraft.server.packs.resources.SimpleReloadInstance.m_143940_(SimpleReloadInstance.java:69) ~[client-1.20.1-20230612.114412-srg.jar%23206!/:?]
	at net.minecraft.util.thread.BlockableEventLoop.m_6367_(BlockableEventLoop.java:156) ~[client-1.20.1-20230612.114412-srg.jar%23206!/:?]
	at net.minecraft.util.thread.ReentrantBlockableEventLoop.m_6367_(ReentrantBlockableEventLoop.java:23) ~[client-1.20.1-20230612.114412-srg.jar%23206!/:?]
	at net.minecraft.util.thread.BlockableEventLoop.m_7245_(BlockableEventLoop.java:130) ~[client-1.20.1-20230612.114412-srg.jar%23206!/:?]
	at net.minecraft.util.thread.BlockableEventLoop.m_18701_(BlockableEventLoop.java:139) ~[client-1.20.1-20230612.114412-srg.jar%23206!/:?]
	at net.minecraft.client.gui.screens.worldselection.WorldOpenFlows.m_246486_(WorldOpenFlows.java:163) ~[client-1.20.1-20230612.114412-srg.jar%23206!/:?]
	at net.minecraft.client.gui.screens.worldselection.WorldOpenFlows.m_233122_(WorldOpenFlows.java:113) ~[client-1.20.1-20230612.114412-srg.jar%23206!/:?]
	at net.minecraft.client.gui.screens.worldselection.WorldOpenFlows.doLoadLevel(WorldOpenFlows.java:181) ~[client-1.20.1-20230612.114412-srg.jar%23206!/:?]
	at net.minecraft.client.gui.screens.worldselection.WorldOpenFlows.m_233145_(WorldOpenFlows.java:169) ~[client-1.20.1-20230612.114412-srg.jar%23206!/:?]
	at net.minecraft.client.gui.screens.worldselection.WorldOpenFlows.m_233133_(WorldOpenFlows.java:65) ~[client-1.20.1-20230612.114412-srg.jar%23206!/:?]
	at net.minecraft.client.gui.screens.worldselection.WorldSelectionList$WorldListEntry.m_101744_(WorldSelectionList.java:575) ~[client-1.20.1-20230612.114412-srg.jar%23206!/:?]
	at net.minecraft.client.gui.screens.worldselection.WorldSelectionList$WorldListEntry.m_101704_(WorldSelectionList.java:474) ~[client-1.20.1-20230612.114412-srg.jar%23206!/:?]
	at net.minecraft.client.gui.screens.worldselection.WorldSelectionList$WorldListEntry.m_6375_(WorldSelectionList.java:413) ~[client-1.20.1-20230612.114412-srg.jar%23206!/:?]
	at net.minecraft.client.gui.components.AbstractSelectionList.m_6375_(AbstractSelectionList.java:298) ~[client-1.20.1-20230612.114412-srg.jar%23206!/:?]
	at net.minecraft.client.gui.components.events.ContainerEventHandler.m_6375_(ContainerEventHandler.java:38) ~[client-1.20.1-20230612.114412-srg.jar%23206!/:?]
	at net.minecraft.client.MouseHandler.m_168084_(MouseHandler.java:92) ~[client-1.20.1-20230612.114412-srg.jar%23206!/:?]
	at net.minecraft.client.gui.screens.Screen.m_96579_(Screen.java:437) ~[client-1.20.1-20230612.114412-srg.jar%23206!/:?]
	at net.minecraft.client.MouseHandler.m_91530_(MouseHandler.java:89) ~[client-1.20.1-20230612.114412-srg.jar%23206!/:?]
	at net.minecraft.client.MouseHandler.m_168091_(MouseHandler.java:189) ~[client-1.20.1-20230612.114412-srg.jar%23206!/:?]
	at net.minecraft.util.thread.BlockableEventLoop.execute(BlockableEventLoop.java:102) ~[client-1.20.1-20230612.114412-srg.jar%23206!/:?]
	at net.minecraft.client.MouseHandler.m_91565_(MouseHandler.java:188) ~[client-1.20.1-20230612.114412-srg.jar%23206!/:?]
	at org.lwjgl.glfw.GLFWMouseButtonCallbackI.callback(GLFWMouseButtonCallbackI.java:43) ~[lwjgl-glfw-3.3.1.jar%23120!/:build 7]
	at org.lwjgl.system.JNI.invokeV(Native Method) ~[lwjgl-3.3.1.jar%23132!/:build 7]
	at org.lwjgl.glfw.GLFW.glfwWaitEventsTimeout(GLFW.java:3474) ~[lwjgl-glfw-3.3.1.jar%23120!/:build 7]
	at com.mojang.blaze3d.systems.RenderSystem.limitDisplayFPS(RenderSystem.java:237) ~[client-1.20.1-20230612.114412-srg.jar%23206!/:?]
	at net.minecraft.client.Minecraft.m_91383_(Minecraft.java:1173) ~[client-1.20.1-20230612.114412-srg.jar%23206!/:?]
	at net.minecraft.client.Minecraft.m_91374_(Minecraft.java:718) ~[client-1.20.1-20230612.114412-srg.jar%23206!/:?]
	at net.minecraft.client.main.Main.main(Main.java:218) ~[%e6%a4%8d%e7%89%a9%e7%a7%91%e6%8a%80.jar:?]
	at jdk.internal.reflect.DirectMethodHandleAccessor.invoke(DirectMethodHandleAccessor.java:103) ~[?:?]
	at java.lang.reflect.Method.invoke(Method.java:580) ~[?:?]
	at net.minecraftforge.fml.loading.targets.CommonLaunchHandler.runTarget(CommonLaunchHandler.java:111) ~[fmlloader-1.20.1-47.4.21.jar:?]
	at net.minecraftforge.fml.loading.targets.CommonLaunchHandler.clientService(CommonLaunchHandler.java:99) ~[fmlloader-1.20.1-47.4.21.jar:?]
	at net.minecraftforge.fml.loading.targets.CommonClientLaunchHandler.lambda$makeService$0(CommonClientLaunchHandler.java:25) ~[fmlloader-1.20.1-47.4.21.jar:?]
	at cpw.mods.modlauncher.LaunchServiceHandlerDecorator.launch(LaunchServiceHandlerDecorator.java:30) ~[modlauncher-10.0.9.jar:?]
	at cpw.mods.modlauncher.LaunchServiceHandler.launch(LaunchServiceHandler.java:53) ~[modlauncher-10.0.9.jar:?]
	at cpw.mods.modlauncher.LaunchServiceHandler.launch(LaunchServiceHandler.java:71) ~[modlauncher-10.0.9.jar:?]
	at cpw.mods.modlauncher.Launcher.run(Launcher.java:108) ~[modlauncher-10.0.9.jar:?]
	at cpw.mods.modlauncher.Launcher.main(Launcher.java:78) ~[modlauncher-10.0.9.jar:?]
	at cpw.mods.modlauncher.BootstrapLaunchConsumer.accept(BootstrapLaunchConsumer.java:26) ~[modlauncher-10.0.9.jar:?]
	at cpw.mods.modlauncher.BootstrapLaunchConsumer.accept(BootstrapLaunchConsumer.java:23) ~[modlauncher-10.0.9.jar:?]
	at cpw.mods.bootstraplauncher.BootstrapLauncher.main(BootstrapLauncher.java:141) ~[bootstraplauncher-1.1.2.jar:?]
[228月2026 22:28:25.080] [Render thread/ERROR] [Apotheosis : Adventure/]: Failed to execute ShieldBreakerTest
java.lang.NullPointerException: Cannot invoke "net.minecraft.world.entity.LivingEntity.m_213824_()" because "attacker" is null
	at net.minecraftforge.common.extensions.IForgeItem.canDisableShield(IForgeItem.java:695) ~[forge-1.20.1-47.4.21-universal.jar%23211!/:?]
	at net.minecraftforge.common.extensions.IForgeItemStack.canDisableShield(IForgeItemStack.java:233) ~[forge-1.20.1-47.4.21-universal.jar%23211!/:?]
	at dev.shadowsoffire.apotheosis.adventure.loot.ShieldBreakerTest.test(ShieldBreakerTest.java:48) ~[%5B神化%5D%20Apotheosis-1.20.1-7.4.6.jar%23185!/:7.4.6]
	at dev.shadowsoffire.apotheosis.adventure.loot.ShieldBreakerTest.test(ShieldBreakerTest.java:25) ~[%5B神化%5D%20Apotheosis-1.20.1-7.4.6.jar%23185!/:7.4.6]
	at dev.shadowsoffire.apotheosis.adventure.loot.LootCategory.isValid(LootCategory.java:89) ~[%5B神化%5D%20Apotheosis-1.20.1-7.4.6.jar%23185!/:7.4.6]
	at dev.shadowsoffire.apotheosis.adventure.loot.LootCategory.forItem(LootCategory.java:182) ~[%5B神化%5D%20Apotheosis-1.20.1-7.4.6.jar%23185!/:7.4.6]
	at dev.shadowsoffire.apotheosis.adventure.loot.AffixLootEntry.getType(AffixLootEntry.java:91) ~[%5B神化%5D%20Apotheosis-1.20.1-7.4.6.jar%23185!/:7.4.6]
	at dev.shadowsoffire.apotheosis.adventure.loot.AffixLootRegistry.validateItem(AffixLootRegistry.java:30) ~[%5B神化%5D%20Apotheosis-1.20.1-7.4.6.jar%23185!/:7.4.6]
	at dev.shadowsoffire.apotheosis.adventure.loot.AffixLootRegistry.validateItem(AffixLootRegistry.java:13) ~[%5B神化%5D%20Apotheosis-1.20.1-7.4.6.jar%23185!/:7.4.6]
	at dev.shadowsoffire.placebo.reload.DynamicRegistry.register(DynamicRegistry.java:322) ~[Placebo-1.20.1-8.6.3.jar%23203!/:8.6.3]
	at dev.shadowsoffire.placebo.reload.DynamicRegistry.lambda$apply$0(DynamicRegistry.java:143) ~[Placebo-1.20.1-8.6.3.jar%23203!/:8.6.3]
	at java.util.HashMap.forEach(HashMap.java:1429) ~[?:?]
	at dev.shadowsoffire.placebo.reload.DynamicRegistry.apply(DynamicRegistry.java:136) ~[Placebo-1.20.1-8.6.3.jar%23203!/:8.6.3]
	at dev.shadowsoffire.placebo.reload.DynamicRegistry.m_5787_(DynamicRegistry.java:62) ~[Placebo-1.20.1-8.6.3.jar%23203!/:8.6.3]
	at net.minecraft.server.packs.resources.SimplePreparableReloadListener.m_10789_(SimplePreparableReloadListener.java:13) ~[client-1.20.1-20230612.114412-srg.jar%23206!/:?]
	at java.util.concurrent.CompletableFuture$UniAccept.tryFire(CompletableFuture.java:718) ~[?:?]
	at java.util.concurrent.CompletableFuture$Completion.run(CompletableFuture.java:482) ~[?:?]
	at net.minecraft.server.packs.resources.SimpleReloadInstance.m_143940_(SimpleReloadInstance.java:69) ~[client-1.20.1-20230612.114412-srg.jar%23206!/:?]
	at net.minecraft.util.thread.BlockableEventLoop.m_6367_(BlockableEventLoop.java:156) ~[client-1.20.1-20230612.114412-srg.jar%23206!/:?]
	at net.minecraft.util.thread.ReentrantBlockableEventLoop.m_6367_(ReentrantBlockableEventLoop.java:23) ~[client-1.20.1-20230612.114412-srg.jar%23206!/:?]
	at net.minecraft.util.thread.BlockableEventLoop.m_7245_(BlockableEventLoop.java:130) ~[client-1.20.1-20230612.114412-srg.jar%23206!/:?]
	at net.minecraft.util.thread.BlockableEventLoop.m_18701_(BlockableEventLoop.java:139) ~[client-1.20.1-20230612.114412-srg.jar%23206!/:?]
	at net.minecraft.client.gui.screens.worldselection.WorldOpenFlows.m_246486_(WorldOpenFlows.java:163) ~[client-1.20.1-20230612.114412-srg.jar%23206!/:?]
	at net.minecraft.client.gui.screens.worldselection.WorldOpenFlows.m_233122_(WorldOpenFlows.java:113) ~[client-1.20.1-20230612.114412-srg.jar%23206!/:?]
	at net.minecraft.client.gui.screens.worldselection.WorldOpenFlows.doLoadLevel(WorldOpenFlows.java:181) ~[client-1.20.1-20230612.114412-srg.jar%23206!/:?]
	at net.minecraft.client.gui.screens.worldselection.WorldOpenFlows.m_233145_(WorldOpenFlows.java:169) ~[client-1.20.1-20230612.114412-srg.jar%23206!/:?]
	at net.minecraft.client.gui.screens.worldselection.WorldOpenFlows.m_233133_(WorldOpenFlows.java:65) ~[client-1.20.1-20230612.114412-srg.jar%23206!/:?]
	at net.minecraft.client.gui.screens.worldselection.WorldSelectionList$WorldListEntry.m_101744_(WorldSelectionList.java:575) ~[client-1.20.1-20230612.114412-srg.jar%23206!/:?]
	at net.minecraft.client.gui.screens.worldselection.WorldSelectionList$WorldListEntry.m_101704_(WorldSelectionList.java:474) ~[client-1.20.1-20230612.114412-srg.jar%23206!/:?]
	at net.minecraft.client.gui.screens.worldselection.WorldSelectionList$WorldListEntry.m_6375_(WorldSelectionList.java:413) ~[client-1.20.1-20230612.114412-srg.jar%23206!/:?]
	at net.minecraft.client.gui.components.AbstractSelectionList.m_6375_(AbstractSelectionList.java:298) ~[client-1.20.1-20230612.114412-srg.jar%23206!/:?]
	at net.minecraft.client.gui.components.events.ContainerEventHandler.m_6375_(ContainerEventHandler.java:38) ~[client-1.20.1-20230612.114412-srg.jar%23206!/:?]
	at net.minecraft.client.MouseHandler.m_168084_(MouseHandler.java:92) ~[client-1.20.1-20230612.114412-srg.jar%23206!/:?]
	at net.minecraft.client.gui.screens.Screen.m_96579_(Screen.java:437) ~[client-1.20.1-20230612.114412-srg.jar%23206!/:?]
	at net.minecraft.client.MouseHandler.m_91530_(MouseHandler.java:89) ~[client-1.20.1-20230612.114412-srg.jar%23206!/:?]
	at net.minecraft.client.MouseHandler.m_168091_(MouseHandler.java:189) ~[client-1.20.1-20230612.114412-srg.jar%23206!/:?]
	at net.minecraft.util.thread.BlockableEventLoop.execute(BlockableEventLoop.java:102) ~[client-1.20.1-20230612.114412-srg.jar%23206!/:?]
	at net.minecraft.client.MouseHandler.m_91565_(MouseHandler.java:188) ~[client-1.20.1-20230612.114412-srg.jar%23206!/:?]
	at org.lwjgl.glfw.GLFWMouseButtonCallbackI.callback(GLFWMouseButtonCallbackI.java:43) ~[lwjgl-glfw-3.3.1.jar%23120!/:build 7]
	at org.lwjgl.system.JNI.invokeV(Native Method) ~[lwjgl-3.3.1.jar%23132!/:build 7]
	at org.lwjgl.glfw.GLFW.glfwWaitEventsTimeout(GLFW.java:3474) ~[lwjgl-glfw-3.3.1.jar%23120!/:build 7]
	at com.mojang.blaze3d.systems.RenderSystem.limitDisplayFPS(RenderSystem.java:237) ~[client-1.20.1-20230612.114412-srg.jar%23206!/:?]
	at net.minecraft.client.Minecraft.m_91383_(Minecraft.java:1173) ~[client-1.20.1-20230612.114412-srg.jar%23206!/:?]
	at net.minecraft.client.Minecraft.m_91374_(Minecraft.java:718) ~[client-1.20.1-20230612.114412-srg.jar%23206!/:?]
	at net.minecraft.client.main.Main.main(Main.java:218) ~[%e6%a4%8d%e7%89%a9%e7%a7%91%e6%8a%80.jar:?]
	at jdk.internal.reflect.DirectMethodHandleAccessor.invoke(DirectMethodHandleAccessor.java:103) ~[?:?]
	at java.lang.reflect.Method.invoke(Method.java:580) ~[?:?]
	at net.minecraftforge.fml.loading.targets.CommonLaunchHandler.runTarget(CommonLaunchHandler.java:111) ~[fmlloader-1.20.1-47.4.21.jar:?]
	at net.minecraftforge.fml.loading.targets.CommonLaunchHandler.clientService(CommonLaunchHandler.java:99) ~[fmlloader-1.20.1-47.4.21.jar:?]
	at net.minecraftforge.fml.loading.targets.CommonClientLaunchHandler.lambda$makeService$0(CommonClientLaunchHandler.java:25) ~[fmlloader-1.20.1-47.4.21.jar:?]
	at cpw.mods.modlauncher.LaunchServiceHandlerDecorator.launch(LaunchServiceHandlerDecorator.java:30) ~[modlauncher-10.0.9.jar:?]
	at cpw.mods.modlauncher.LaunchServiceHandler.launch(LaunchServiceHandler.java:53) ~[modlauncher-10.0.9.jar:?]
	at cpw.mods.modlauncher.LaunchServiceHandler.launch(LaunchServiceHandler.java:71) ~[modlauncher-10.0.9.jar:?]
	at cpw.mods.modlauncher.Launcher.run(Launcher.java:108) ~[modlauncher-10.0.9.jar:?]
	at cpw.mods.modlauncher.Launcher.main(Launcher.java:78) ~[modlauncher-10.0.9.jar:?]
	at cpw.mods.modlauncher.BootstrapLaunchConsumer.accept(BootstrapLaunchConsumer.java:26) ~[modlauncher-10.0.9.jar:?]
	at cpw.mods.modlauncher.BootstrapLaunchConsumer.accept(BootstrapLaunchConsumer.java:23) ~[modlauncher-10.0.9.jar:?]
	at cpw.mods.bootstraplauncher.BootstrapLauncher.main(BootstrapLauncher.java:141) ~[bootstraplauncher-1.1.2.jar:?]
[228月2026 22:28:25.080] [Render thread/ERROR] [Apotheosis : Adventure/]: Failed to execute ShieldBreakerTest
java.lang.NullPointerException: Cannot invoke "net.minecraft.world.entity.LivingEntity.m_213824_()" because "attacker" is null
	at net.minecraftforge.common.extensions.IForgeItem.canDisableShield(IForgeItem.java:695) ~[forge-1.20.1-47.4.21-universal.jar%23211!/:?]
	at net.minecraftforge.common.extensions.IForgeItemStack.canDisableShield(IForgeItemStack.java:233) ~[forge-1.20.1-47.4.21-universal.jar%23211!/:?]
	at dev.shadowsoffire.apotheosis.adventure.loot.ShieldBreakerTest.test(ShieldBreakerTest.java:48) ~[%5B神化%5D%20Apotheosis-1.20.1-7.4.6.jar%23185!/:7.4.6]
	at dev.shadowsoffire.apotheosis.adventure.loot.ShieldBreakerTest.test(ShieldBreakerTest.java:25) ~[%5B神化%5D%20Apotheosis-1.20.1-7.4.6.jar%23185!/:7.4.6]
	at dev.shadowsoffire.apotheosis.adventure.loot.LootCategory.isValid(LootCategory.java:89) ~[%5B神化%5D%20Apotheosis-1.20.1-7.4.6.jar%23185!/:7.4.6]
	at dev.shadowsoffire.apotheosis.adventure.loot.LootCategory.forItem(LootCategory.java:182) ~[%5B神化%5D%20Apotheosis-1.20.1-7.4.6.jar%23185!/:7.4.6]
	at dev.shadowsoffire.apotheosis.adventure.loot.AffixLootEntry.getType(AffixLootEntry.java:91) ~[%5B神化%5D%20Apotheosis-1.20.1-7.4.6.jar%23185!/:7.4.6]
	at dev.shadowsoffire.apotheosis.adventure.loot.AffixLootRegistry.validateItem(AffixLootRegistry.java:30) ~[%5B神化%5D%20Apotheosis-1.20.1-7.4.6.jar%23185!/:7.4.6]
	at dev.shadowsoffire.apotheosis.adventure.loot.AffixLootRegistry.validateItem(AffixLootRegistry.java:13) ~[%5B神化%5D%20Apotheosis-1.20.1-7.4.6.jar%23185!/:7.4.6]
	at dev.shadowsoffire.placebo.reload.DynamicRegistry.register(DynamicRegistry.java:322) ~[Placebo-1.20.1-8.6.3.jar%23203!/:8.6.3]
	at dev.shadowsoffire.placebo.reload.DynamicRegistry.lambda$apply$0(DynamicRegistry.java:143) ~[Placebo-1.20.1-8.6.3.jar%23203!/:8.6.3]
	at java.util.HashMap.forEach(HashMap.java:1429) ~[?:?]
	at dev.shadowsoffire.placebo.reload.DynamicRegistry.apply(DynamicRegistry.java:136) ~[Placebo-1.20.1-8.6.3.jar%23203!/:8.6.3]
	at dev.shadowsoffire.placebo.reload.DynamicRegistry.m_5787_(DynamicRegistry.java:62) ~[Placebo-1.20.1-8.6.3.jar%23203!/:8.6.3]
	at net.minecraft.server.packs.resources.SimplePreparableReloadListener.m_10789_(SimplePreparableReloadListener.java:13) ~[client-1.20.1-20230612.114412-srg.jar%23206!/:?]
	at java.util.concurrent.CompletableFuture$UniAccept.tryFire(CompletableFuture.java:718) ~[?:?]
	at java.util.concurrent.CompletableFuture$Completion.run(CompletableFuture.java:482) ~[?:?]
	at net.minecraft.server.packs.resources.SimpleReloadInstance.m_143940_(SimpleReloadInstance.java:69) ~[client-1.20.1-20230612.114412-srg.jar%23206!/:?]
	at net.minecraft.util.thread.BlockableEventLoop.m_6367_(BlockableEventLoop.java:156) ~[client-1.20.1-20230612.114412-srg.jar%23206!/:?]
	at net.minecraft.util.thread.ReentrantBlockableEventLoop.m_6367_(ReentrantBlockableEventLoop.java:23) ~[client-1.20.1-20230612.114412-srg.jar%23206!/:?]
	at net.minecraft.util.thread.BlockableEventLoop.m_7245_(BlockableEventLoop.java:130) ~[client-1.20.1-20230612.114412-srg.jar%23206!/:?]
	at net.minecraft.util.thread.BlockableEventLoop.m_18701_(BlockableEventLoop.java:139) ~[client-1.20.1-20230612.114412-srg.jar%23206!/:?]
	at net.minecraft.client.gui.screens.worldselection.WorldOpenFlows.m_246486_(WorldOpenFlows.java:163) ~[client-1.20.1-20230612.114412-srg.jar%23206!/:?]
	at net.minecraft.client.gui.screens.worldselection.WorldOpenFlows.m_233122_(WorldOpenFlows.java:113) ~[client-1.20.1-20230612.114412-srg.jar%23206!/:?]
	at net.minecraft.client.gui.screens.worldselection.WorldOpenFlows.doLoadLevel(WorldOpenFlows.java:181) ~[client-1.20.1-20230612.114412-srg.jar%23206!/:?]
	at net.minecraft.client.gui.screens.worldselection.WorldOpenFlows.m_233145_(WorldOpenFlows.java:169) ~[client-1.20.1-20230612.114412-srg.jar%23206!/:?]
	at net.minecraft.client.gui.screens.worldselection.WorldOpenFlows.m_233133_(WorldOpenFlows.java:65) ~[client-1.20.1-20230612.114412-srg.jar%23206!/:?]
	at net.minecraft.client.gui.screens.worldselection.WorldSelectionList$WorldListEntry.m_101744_(WorldSelectionList.java:575) ~[client-1.20.1-20230612.114412-srg.jar%23206!/:?]
	at net.minecraft.client.gui.screens.worldselection.WorldSelectionList$WorldListEntry.m_101704_(WorldSelectionList.java:474) ~[client-1.20.1-20230612.114412-srg.jar%23206!/:?]
	at net.minecraft.client.gui.screens.worldselection.WorldSelectionList$WorldListEntry.m_6375_(WorldSelectionList.java:413) ~[client-1.20.1-20230612.114412-srg.jar%23206!/:?]
	at net.minecraft.client.gui.components.AbstractSelectionList.m_6375_(AbstractSelectionList.java:298) ~[client-1.20.1-20230612.114412-srg.jar%23206!/:?]
	at net.minecraft.client.gui.components.events.ContainerEventHandler.m_6375_(ContainerEventHandler.java:38) ~[client-1.20.1-20230612.114412-srg.jar%23206!/:?]
	at net.minecraft.client.MouseHandler.m_168084_(MouseHandler.java:92) ~[client-1.20.1-20230612.114412-srg.jar%23206!/:?]
	at net.minecraft.client.gui.screens.Screen.m_96579_(Screen.java:437) ~[client-1.20.1-20230612.114412-srg.jar%23206!/:?]
	at net.minecraft.client.MouseHandler.m_91530_(MouseHandler.java:89) ~[client-1.20.1-20230612.114412-srg.jar%23206!/:?]
	at net.minecraft.client.MouseHandler.m_168091_(MouseHandler.java:189) ~[client-1.20.1-20230612.114412-srg.jar%23206!/:?]
	at net.minecraft.util.thread.BlockableEventLoop.execute(BlockableEventLoop.java:102) ~[client-1.20.1-20230612.114412-srg.jar%23206!/:?]
	at net.minecraft.client.MouseHandler.m_91565_(MouseHandler.java:188) ~[client-1.20.1-20230612.114412-srg.jar%23206!/:?]
	at org.lwjgl.glfw.GLFWMouseButtonCallbackI.callback(GLFWMouseButtonCallbackI.java:43) ~[lwjgl-glfw-3.3.1.jar%23120!/:build 7]
	at org.lwjgl.system.JNI.invokeV(Native Method) ~[lwjgl-3.3.1.jar%23132!/:build 7]
	at org.lwjgl.glfw.GLFW.glfwWaitEventsTimeout(GLFW.java:3474) ~[lwjgl-glfw-3.3.1.jar%23120!/:build 7]
	at com.mojang.blaze3d.systems.RenderSystem.limitDisplayFPS(RenderSystem.java:237) ~[client-1.20.1-20230612.114412-srg.jar%23206!/:?]
	at net.minecraft.client.Minecraft.m_91383_(Minecraft.java:1173) ~[client-1.20.1-20230612.114412-srg.jar%23206!/:?]
	at net.minecraft.client.Minecraft.m_91374_(Minecraft.java:718) ~[client-1.20.1-20230612.114412-srg.jar%23206!/:?]
	at net.minecraft.client.main.Main.main(Main.java:218) ~[%e6%a4%8d%e7%89%a9%e7%a7%91%e6%8a%80.jar:?]
	at jdk.internal.reflect.DirectMethodHandleAccessor.invoke(DirectMethodHandleAccessor.java:103) ~[?:?]
	at java.lang.reflect.Method.invoke(Method.java:580) ~[?:?]
	at net.minecraftforge.fml.loading.targets.CommonLaunchHandler.runTarget(CommonLaunchHandler.java:111) ~[fmlloader-1.20.1-47.4.21.jar:?]
	at net.minecraftforge.fml.loading.targets.CommonLaunchHandler.clientService(CommonLaunchHandler.java:99) ~[fmlloader-1.20.1-47.4.21.jar:?]
	at net.minecraftforge.fml.loading.targets.CommonClientLaunchHandler.lambda$makeService$0(CommonClientLaunchHandler.java:25) ~[fmlloader-1.20.1-47.4.21.jar:?]
	at cpw.mods.modlauncher.LaunchServiceHandlerDecorator.launch(LaunchServiceHandlerDecorator.java:30) ~[modlauncher-10.0.9.jar:?]
	at cpw.mods.modlauncher.LaunchServiceHandler.launch(LaunchServiceHandler.java:53) ~[modlauncher-10.0.9.jar:?]
	at cpw.mods.modlauncher.LaunchServiceHandler.launch(LaunchServiceHandler.java:71) ~[modlauncher-10.0.9.jar:?]
	at cpw.mods.modlauncher.Launcher.run(Launcher.java:108) ~[modlauncher-10.0.9.jar:?]
	at cpw.mods.modlauncher.Launcher.main(Launcher.java:78) ~[modlauncher-10.0.9.jar:?]
	at cpw.mods.modlauncher.BootstrapLaunchConsumer.accept(BootstrapLaunchConsumer.java:26) ~[modlauncher-10.0.9.jar:?]
	at cpw.mods.modlauncher.BootstrapLaunchConsumer.accept(BootstrapLaunchConsumer.java:23) ~[modlauncher-10.0.9.jar:?]
	at cpw.mods.bootstraplauncher.BootstrapLauncher.main(BootstrapLauncher.java:141) ~[bootstraplauncher-1.1.2.jar:?]
[228月2026 22:28:25.082] [Render thread/ERROR] [Apotheosis : Adventure/]: Failed to execute ShieldBreakerTest
java.lang.NullPointerException: Cannot invoke "net.minecraft.world.entity.LivingEntity.m_213824_()" because "attacker" is null
	at net.minecraftforge.common.extensions.IForgeItem.canDisableShield(IForgeItem.java:695) ~[forge-1.20.1-47.4.21-universal.jar%23211!/:?]
	at net.minecraftforge.common.extensions.IForgeItemStack.canDisableShield(IForgeItemStack.java:233) ~[forge-1.20.1-47.4.21-universal.jar%23211!/:?]
	at dev.shadowsoffire.apotheosis.adventure.loot.ShieldBreakerTest.test(ShieldBreakerTest.java:48) ~[%5B神化%5D%20Apotheosis-1.20.1-7.4.6.jar%23185!/:7.4.6]
	at dev.shadowsoffire.apotheosis.adventure.loot.ShieldBreakerTest.test(ShieldBreakerTest.java:25) ~[%5B神化%5D%20Apotheosis-1.20.1-7.4.6.jar%23185!/:7.4.6]
	at dev.shadowsoffire.apotheosis.adventure.loot.LootCategory.isValid(LootCategory.java:89) ~[%5B神化%5D%20Apotheosis-1.20.1-7.4.6.jar%23185!/:7.4.6]
	at dev.shadowsoffire.apotheosis.adventure.loot.LootCategory.forItem(LootCategory.java:182) ~[%5B神化%5D%20Apotheosis-1.20.1-7.4.6.jar%23185!/:7.4.6]
	at dev.shadowsoffire.apotheosis.adventure.loot.AffixLootEntry.getType(AffixLootEntry.java:91) ~[%5B神化%5D%20Apotheosis-1.20.1-7.4.6.jar%23185!/:7.4.6]
	at dev.shadowsoffire.apotheosis.adventure.loot.AffixLootRegistry.validateItem(AffixLootRegistry.java:30) ~[%5B神化%5D%20Apotheosis-1.20.1-7.4.6.jar%23185!/:7.4.6]
	at dev.shadowsoffire.apotheosis.adventure.loot.AffixLootRegistry.validateItem(AffixLootRegistry.java:13) ~[%5B神化%5D%20Apotheosis-1.20.1-7.4.6.jar%23185!/:7.4.6]
	at dev.shadowsoffire.placebo.reload.DynamicRegistry.register(DynamicRegistry.java:322) ~[Placebo-1.20.1-8.6.3.jar%23203!/:8.6.3]
	at dev.shadowsoffire.placebo.reload.DynamicRegistry.lambda$apply$0(DynamicRegistry.java:143) ~[Placebo-1.20.1-8.6.3.jar%23203!/:8.6.3]
	at java.util.HashMap.forEach(HashMap.java:1429) ~[?:?]
	at dev.shadowsoffire.placebo.reload.DynamicRegistry.apply(DynamicRegistry.java:136) ~[Placebo-1.20.1-8.6.3.jar%23203!/:8.6.3]
	at dev.shadowsoffire.placebo.reload.DynamicRegistry.m_5787_(DynamicRegistry.java:62) ~[Placebo-1.20.1-8.6.3.jar%23203!/:8.6.3]
	at net.minecraft.server.packs.resources.SimplePreparableReloadListener.m_10789_(SimplePreparableReloadListener.java:13) ~[client-1.20.1-20230612.114412-srg.jar%23206!/:?]
	at java.util.concurrent.CompletableFuture$UniAccept.tryFire(CompletableFuture.java:718) ~[?:?]
	at java.util.concurrent.CompletableFuture$Completion.run(CompletableFuture.java:482) ~[?:?]
	at net.minecraft.server.packs.resources.SimpleReloadInstance.m_143940_(SimpleReloadInstance.java:69) ~[client-1.20.1-20230612.114412-srg.jar%23206!/:?]
	at net.minecraft.util.thread.BlockableEventLoop.m_6367_(BlockableEventLoop.java:156) ~[client-1.20.1-20230612.114412-srg.jar%23206!/:?]
	at net.minecraft.util.thread.ReentrantBlockableEventLoop.m_6367_(ReentrantBlockableEventLoop.java:23) ~[client-1.20.1-20230612.114412-srg.jar%23206!/:?]
	at net.minecraft.util.thread.BlockableEventLoop.m_7245_(BlockableEventLoop.java:130) ~[client-1.20.1-20230612.114412-srg.jar%23206!/:?]
	at net.minecraft.util.thread.BlockableEventLoop.m_18701_(BlockableEventLoop.java:139) ~[client-1.20.1-20230612.114412-srg.jar%23206!/:?]
	at net.minecraft.client.gui.screens.worldselection.WorldOpenFlows.m_246486_(WorldOpenFlows.java:163) ~[client-1.20.1-20230612.114412-srg.jar%23206!/:?]
	at net.minecraft.client.gui.screens.worldselection.WorldOpenFlows.m_233122_(WorldOpenFlows.java:113) ~[client-1.20.1-20230612.114412-srg.jar%23206!/:?]
	at net.minecraft.client.gui.screens.worldselection.WorldOpenFlows.doLoadLevel(WorldOpenFlows.java:181) ~[client-1.20.1-20230612.114412-srg.jar%23206!/:?]
	at net.minecraft.client.gui.screens.worldselection.WorldOpenFlows.m_233145_(WorldOpenFlows.java:169) ~[client-1.20.1-20230612.114412-srg.jar%23206!/:?]
	at net.minecraft.client.gui.screens.worldselection.WorldOpenFlows.m_233133_(WorldOpenFlows.java:65) ~[client-1.20.1-20230612.114412-srg.jar%23206!/:?]
	at net.minecraft.client.gui.screens.worldselection.WorldSelectionList$WorldListEntry.m_101744_(WorldSelectionList.java:575) ~[client-1.20.1-20230612.114412-srg.jar%23206!/:?]
	at net.minecraft.client.gui.screens.worldselection.WorldSelectionList$WorldListEntry.m_101704_(WorldSelectionList.java:474) ~[client-1.20.1-20230612.114412-srg.jar%23206!/:?]
	at net.minecraft.client.gui.screens.worldselection.WorldSelectionList$WorldListEntry.m_6375_(WorldSelectionList.java:413) ~[client-1.20.1-20230612.114412-srg.jar%23206!/:?]
	at net.minecraft.client.gui.components.AbstractSelectionList.m_6375_(AbstractSelectionList.java:298) ~[client-1.20.1-20230612.114412-srg.jar%23206!/:?]
	at net.minecraft.client.gui.components.events.ContainerEventHandler.m_6375_(ContainerEventHandler.java:38) ~[client-1.20.1-20230612.114412-srg.jar%23206!/:?]
	at net.minecraft.client.MouseHandler.m_168084_(MouseHandler.java:92) ~[client-1.20.1-20230612.114412-srg.jar%23206!/:?]
	at net.minecraft.client.gui.screens.Screen.m_96579_(Screen.java:437) ~[client-1.20.1-20230612.114412-srg.jar%23206!/:?]
	at net.minecraft.client.MouseHandler.m_91530_(MouseHandler.java:89) ~[client-1.20.1-20230612.114412-srg.jar%23206!/:?]
	at net.minecraft.client.MouseHandler.m_168091_(MouseHandler.java:189) ~[client-1.20.1-20230612.114412-srg.jar%23206!/:?]
	at net.minecraft.util.thread.BlockableEventLoop.execute(BlockableEventLoop.java:102) ~[client-1.20.1-20230612.114412-srg.jar%23206!/:?]
	at net.minecraft.client.MouseHandler.m_91565_(MouseHandler.java:188) ~[client-1.20.1-20230612.114412-srg.jar%23206!/:?]
	at org.lwjgl.glfw.GLFWMouseButtonCallbackI.callback(GLFWMouseButtonCallbackI.java:43) ~[lwjgl-glfw-3.3.1.jar%23120!/:build 7]
	at org.lwjgl.system.JNI.invokeV(Native Method) ~[lwjgl-3.3.1.jar%23132!/:build 7]
	at org.lwjgl.glfw.GLFW.glfwWaitEventsTimeout(GLFW.java:3474) ~[lwjgl-glfw-3.3.1.jar%23120!/:build 7]
	at com.mojang.blaze3d.systems.RenderSystem.limitDisplayFPS(RenderSystem.java:237) ~[client-1.20.1-20230612.114412-srg.jar%23206!/:?]
	at net.minecraft.client.Minecraft.m_91383_(Minecraft.java:1173) ~[client-1.20.1-20230612.114412-srg.jar%23206!/:?]
	at net.minecraft.client.Minecraft.m_91374_(Minecraft.java:718) ~[client-1.20.1-20230612.114412-srg.jar%23206!/:?]
	at net.minecraft.client.main.Main.main(Main.java:218) ~[%e6%a4%8d%e7%89%a9%e7%a7%91%e6%8a%80.jar:?]
	at jdk.internal.reflect.DirectMethodHandleAccessor.invoke(DirectMethodHandleAccessor.java:103) ~[?:?]
	at java.lang.reflect.Method.invoke(Method.java:580) ~[?:?]
	at net.minecraftforge.fml.loading.targets.CommonLaunchHandler.runTarget(CommonLaunchHandler.java:111) ~[fmlloader-1.20.1-47.4.21.jar:?]
	at net.minecraftforge.fml.loading.targets.CommonLaunchHandler.clientService(CommonLaunchHandler.java:99) ~[fmlloader-1.20.1-47.4.21.jar:?]
	at net.minecraftforge.fml.loading.targets.CommonClientLaunchHandler.lambda$makeService$0(CommonClientLaunchHandler.java:25) ~[fmlloader-1.20.1-47.4.21.jar:?]
	at cpw.mods.modlauncher.LaunchServiceHandlerDecorator.launch(LaunchServiceHandlerDecorator.java:30) ~[modlauncher-10.0.9.jar:?]
	at cpw.mods.modlauncher.LaunchServiceHandler.launch(LaunchServiceHandler.java:53) ~[modlauncher-10.0.9.jar:?]
	at cpw.mods.modlauncher.LaunchServiceHandler.launch(LaunchServiceHandler.java:71) ~[modlauncher-10.0.9.jar:?]
	at cpw.mods.modlauncher.Launcher.run(Launcher.java:108) ~[modlauncher-10.0.9.jar:?]
	at cpw.mods.modlauncher.Launcher.main(Launcher.java:78) ~[modlauncher-10.0.9.jar:?]
	at cpw.mods.modlauncher.BootstrapLaunchConsumer.accept(BootstrapLaunchConsumer.java:26) ~[modlauncher-10.0.9.jar:?]
	at cpw.mods.modlauncher.BootstrapLaunchConsumer.accept(BootstrapLaunchConsumer.java:23) ~[modlauncher-10.0.9.jar:?]
	at cpw.mods.bootstraplauncher.BootstrapLauncher.main(BootstrapLauncher.java:141) ~[bootstraplauncher-1.1.2.jar:?]
[228月2026 22:28:25.083] [Render thread/ERROR] [Apotheosis : Adventure/]: Failed to execute ShieldBreakerTest
java.lang.NullPointerException: Cannot invoke "net.minecraft.world.entity.LivingEntity.m_213824_()" because "attacker" is null
	at net.minecraftforge.common.extensions.IForgeItem.canDisableShield(IForgeItem.java:695) ~[forge-1.20.1-47.4.21-universal.jar%23211!/:?]
	at net.minecraftforge.common.extensions.IForgeItemStack.canDisableShield(IForgeItemStack.java:233) ~[forge-1.20.1-47.4.21-universal.jar%23211!/:?]
	at dev.shadowsoffire.apotheosis.adventure.loot.ShieldBreakerTest.test(ShieldBreakerTest.java:48) ~[%5B神化%5D%20Apotheosis-1.20.1-7.4.6.jar%23185!/:7.4.6]
	at dev.shadowsoffire.apotheosis.adventure.loot.ShieldBreakerTest.test(ShieldBreakerTest.java:25) ~[%5B神化%5D%20Apotheosis-1.20.1-7.4.6.jar%23185!/:7.4.6]
	at dev.shadowsoffire.apotheosis.adventure.loot.LootCategory.isValid(LootCategory.java:89) ~[%5B神化%5D%20Apotheosis-1.20.1-7.4.6.jar%23185!/:7.4.6]
	at dev.shadowsoffire.apotheosis.adventure.loot.LootCategory.forItem(LootCategory.java:182) ~[%5B神化%5D%20Apotheosis-1.20.1-7.4.6.jar%23185!/:7.4.6]
	at dev.shadowsoffire.apotheosis.adventure.loot.AffixLootEntry.getType(AffixLootEntry.java:91) ~[%5B神化%5D%20Apotheosis-1.20.1-7.4.6.jar%23185!/:7.4.6]
	at dev.shadowsoffire.apotheosis.adventure.loot.AffixLootRegistry.validateItem(AffixLootRegistry.java:30) ~[%5B神化%5D%20Apotheosis-1.20.1-7.4.6.jar%23185!/:7.4.6]
	at dev.shadowsoffire.apotheosis.adventure.loot.AffixLootRegistry.validateItem(AffixLootRegistry.java:13) ~[%5B神化%5D%20Apotheosis-1.20.1-7.4.6.jar%23185!/:7.4.6]
	at dev.shadowsoffire.placebo.reload.DynamicRegistry.register(DynamicRegistry.java:322) ~[Placebo-1.20.1-8.6.3.jar%23203!/:8.6.3]
	at dev.shadowsoffire.placebo.reload.DynamicRegistry.lambda$apply$0(DynamicRegistry.java:143) ~[Placebo-1.20.1-8.6.3.jar%23203!/:8.6.3]
	at java.util.HashMap.forEach(HashMap.java:1429) ~[?:?]
	at dev.shadowsoffire.placebo.reload.DynamicRegistry.apply(DynamicRegistry.java:136) ~[Placebo-1.20.1-8.6.3.jar%23203!/:8.6.3]
	at dev.shadowsoffire.placebo.reload.DynamicRegistry.m_5787_(DynamicRegistry.java:62) ~[Placebo-1.20.1-8.6.3.jar%23203!/:8.6.3]
	at net.minecraft.server.packs.resources.SimplePreparableReloadListener.m_10789_(SimplePreparableReloadListener.java:13) ~[client-1.20.1-20230612.114412-srg.jar%23206!/:?]
	at java.util.concurrent.CompletableFuture$UniAccept.tryFire(CompletableFuture.java:718) ~[?:?]
	at java.util.concurrent.CompletableFuture$Completion.run(CompletableFuture.java:482) ~[?:?]
	at net.minecraft.server.packs.resources.SimpleReloadInstance.m_143940_(SimpleReloadInstance.java:69) ~[client-1.20.1-20230612.114412-srg.jar%23206!/:?]
	at net.minecraft.util.thread.BlockableEventLoop.m_6367_(BlockableEventLoop.java:156) ~[client-1.20.1-20230612.114412-srg.jar%23206!/:?]
	at net.minecraft.util.thread.ReentrantBlockableEventLoop.m_6367_(ReentrantBlockableEventLoop.java:23) ~[client-1.20.1-20230612.114412-srg.jar%23206!/:?]
	at net.minecraft.util.thread.BlockableEventLoop.m_7245_(BlockableEventLoop.java:130) ~[client-1.20.1-20230612.114412-srg.jar%23206!/:?]
	at net.minecraft.util.thread.BlockableEventLoop.m_18701_(BlockableEventLoop.java:139) ~[client-1.20.1-20230612.114412-srg.jar%23206!/:?]
	at net.minecraft.client.gui.screens.worldselection.WorldOpenFlows.m_246486_(WorldOpenFlows.java:163) ~[client-1.20.1-20230612.114412-srg.jar%23206!/:?]
	at net.minecraft.client.gui.screens.worldselection.WorldOpenFlows.m_233122_(WorldOpenFlows.java:113) ~[client-1.20.1-20230612.114412-srg.jar%23206!/:?]
	at net.minecraft.client.gui.screens.worldselection.WorldOpenFlows.doLoadLevel(WorldOpenFlows.java:181) ~[client-1.20.1-20230612.114412-srg.jar%23206!/:?]
	at net.minecraft.client.gui.screens.worldselection.WorldOpenFlows.m_233145_(WorldOpenFlows.java:169) ~[client-1.20.1-20230612.114412-srg.jar%23206!/:?]
	at net.minecraft.client.gui.screens.worldselection.WorldOpenFlows.m_233133_(WorldOpenFlows.java:65) ~[client-1.20.1-20230612.114412-srg.jar%23206!/:?]
	at net.minecraft.client.gui.screens.worldselection.WorldSelectionList$WorldListEntry.m_101744_(WorldSelectionList.java:575) ~[client-1.20.1-20230612.114412-srg.jar%23206!/:?]
	at net.minecraft.client.gui.screens.worldselection.WorldSelectionList$WorldListEntry.m_101704_(WorldSelectionList.java:474) ~[client-1.20.1-20230612.114412-srg.jar%23206!/:?]
	at net.minecraft.client.gui.screens.worldselection.WorldSelectionList$WorldListEntry.m_6375_(WorldSelectionList.java:413) ~[client-1.20.1-20230612.114412-srg.jar%23206!/:?]
	at net.minecraft.client.gui.components.AbstractSelectionList.m_6375_(AbstractSelectionList.java:298) ~[client-1.20.1-20230612.114412-srg.jar%23206!/:?]
	at net.minecraft.client.gui.components.events.ContainerEventHandler.m_6375_(ContainerEventHandler.java:38) ~[client-1.20.1-20230612.114412-srg.jar%23206!/:?]
	at net.minecraft.client.MouseHandler.m_168084_(MouseHandler.java:92) ~[client-1.20.1-20230612.114412-srg.jar%23206!/:?]
	at net.minecraft.client.gui.screens.Screen.m_96579_(Screen.java:437) ~[client-1.20.1-20230612.114412-srg.jar%23206!/:?]
	at net.minecraft.client.MouseHandler.m_91530_(MouseHandler.java:89) ~[client-1.20.1-20230612.114412-srg.jar%23206!/:?]
	at net.minecraft.client.MouseHandler.m_168091_(MouseHandler.java:189) ~[client-1.20.1-20230612.114412-srg.jar%23206!/:?]
	at net.minecraft.util.thread.BlockableEventLoop.execute(BlockableEventLoop.java:102) ~[client-1.20.1-20230612.114412-srg.jar%23206!/:?]
	at net.minecraft.client.MouseHandler.m_91565_(MouseHandler.java:188) ~[client-1.20.1-20230612.114412-srg.jar%23206!/:?]
	at org.lwjgl.glfw.GLFWMouseButtonCallbackI.callback(GLFWMouseButtonCallbackI.java:43) ~[lwjgl-glfw-3.3.1.jar%23120!/:build 7]
	at org.lwjgl.system.JNI.invokeV(Native Method) ~[lwjgl-3.3.1.jar%23132!/:build 7]
	at org.lwjgl.glfw.GLFW.glfwWaitEventsTimeout(GLFW.java:3474) ~[lwjgl-glfw-3.3.1.jar%23120!/:build 7]
	at com.mojang.blaze3d.systems.RenderSystem.limitDisplayFPS(RenderSystem.java:237) ~[client-1.20.1-20230612.114412-srg.jar%23206!/:?]
	at net.minecraft.client.Minecraft.m_91383_(Minecraft.java:1173) ~[client-1.20.1-20230612.114412-srg.jar%23206!/:?]
	at net.minecraft.client.Minecraft.m_91374_(Minecraft.java:718) ~[client-1.20.1-20230612.114412-srg.jar%23206!/:?]
	at net.minecraft.client.main.Main.main(Main.java:218) ~[%e6%a4%8d%e7%89%a9%e7%a7%91%e6%8a%80.jar:?]
	at jdk.internal.reflect.DirectMethodHandleAccessor.invoke(DirectMethodHandleAccessor.java:103) ~[?:?]
	at java.lang.reflect.Method.invoke(Method.java:580) ~[?:?]
	at net.minecraftforge.fml.loading.targets.CommonLaunchHandler.runTarget(CommonLaunchHandler.java:111) ~[fmlloader-1.20.1-47.4.21.jar:?]
	at net.minecraftforge.fml.loading.targets.CommonLaunchHandler.clientService(CommonLaunchHandler.java:99) ~[fmlloader-1.20.1-47.4.21.jar:?]
	at net.minecraftforge.fml.loading.targets.CommonClientLaunchHandler.lambda$makeService$0(CommonClientLaunchHandler.java:25) ~[fmlloader-1.20.1-47.4.21.jar:?]
	at cpw.mods.modlauncher.LaunchServiceHandlerDecorator.launch(LaunchServiceHandlerDecorator.java:30) ~[modlauncher-10.0.9.jar:?]
	at cpw.mods.modlauncher.LaunchServiceHandler.launch(LaunchServiceHandler.java:53) ~[modlauncher-10.0.9.jar:?]
	at cpw.mods.modlauncher.LaunchServiceHandler.launch(LaunchServiceHandler.java:71) ~[modlauncher-10.0.9.jar:?]
	at cpw.mods.modlauncher.Launcher.run(Launcher.java:108) ~[modlauncher-10.0.9.jar:?]
	at cpw.mods.modlauncher.Launcher.main(Launcher.java:78) ~[modlauncher-10.0.9.jar:?]
	at cpw.mods.modlauncher.BootstrapLaunchConsumer.accept(BootstrapLaunchConsumer.java:26) ~[modlauncher-10.0.9.jar:?]
	at cpw.mods.modlauncher.BootstrapLaunchConsumer.accept(BootstrapLaunchConsumer.java:23) ~[modlauncher-10.0.9.jar:?]
	at cpw.mods.bootstraplauncher.BootstrapLauncher.main(BootstrapLauncher.java:141) ~[bootstraplauncher-1.1.2.jar:?]
[228月2026 22:28:25.084] [Render thread/ERROR] [Apotheosis : Adventure/]: Failed to execute ShieldBreakerTest
java.lang.NullPointerException: Cannot invoke "net.minecraft.world.entity.LivingEntity.m_213824_()" because "attacker" is null
	at net.minecraftforge.common.extensions.IForgeItem.canDisableShield(IForgeItem.java:695) ~[forge-1.20.1-47.4.21-universal.jar%23211!/:?]
	at net.minecraftforge.common.extensions.IForgeItemStack.canDisableShield(IForgeItemStack.java:233) ~[forge-1.20.1-47.4.21-universal.jar%23211!/:?]
	at dev.shadowsoffire.apotheosis.adventure.loot.ShieldBreakerTest.test(ShieldBreakerTest.java:48) ~[%5B神化%5D%20Apotheosis-1.20.1-7.4.6.jar%23185!/:7.4.6]
	at dev.shadowsoffire.apotheosis.adventure.loot.ShieldBreakerTest.test(ShieldBreakerTest.java:25) ~[%5B神化%5D%20Apotheosis-1.20.1-7.4.6.jar%23185!/:7.4.6]
	at dev.shadowsoffire.apotheosis.adventure.loot.LootCategory.isValid(LootCategory.java:89) ~[%5B神化%5D%20Apotheosis-1.20.1-7.4.6.jar%23185!/:7.4.6]
	at dev.shadowsoffire.apotheosis.adventure.loot.LootCategory.forItem(LootCategory.java:182) ~[%5B神化%5D%20Apotheosis-1.20.1-7.4.6.jar%23185!/:7.4.6]
	at dev.shadowsoffire.apotheosis.adventure.loot.AffixLootEntry.getType(AffixLootEntry.java:91) ~[%5B神化%5D%20Apotheosis-1.20.1-7.4.6.jar%23185!/:7.4.6]
	at dev.shadowsoffire.apotheosis.adventure.loot.AffixLootRegistry.validateItem(AffixLootRegistry.java:30) ~[%5B神化%5D%20Apotheosis-1.20.1-7.4.6.jar%23185!/:7.4.6]
	at dev.shadowsoffire.apotheosis.adventure.loot.AffixLootRegistry.validateItem(AffixLootRegistry.java:13) ~[%5B神化%5D%20Apotheosis-1.20.1-7.4.6.jar%23185!/:7.4.6]
	at dev.shadowsoffire.placebo.reload.DynamicRegistry.register(DynamicRegistry.java:322) ~[Placebo-1.20.1-8.6.3.jar%23203!/:8.6.3]
	at dev.shadowsoffire.placebo.reload.DynamicRegistry.lambda$apply$0(DynamicRegistry.java:143) ~[Placebo-1.20.1-8.6.3.jar%23203!/:8.6.3]
	at java.util.HashMap.forEach(HashMap.java:1429) ~[?:?]
	at dev.shadowsoffire.placebo.reload.DynamicRegistry.apply(DynamicRegistry.java:136) ~[Placebo-1.20.1-8.6.3.jar%23203!/:8.6.3]
	at dev.shadowsoffire.placebo.reload.DynamicRegistry.m_5787_(DynamicRegistry.java:62) ~[Placebo-1.20.1-8.6.3.jar%23203!/:8.6.3]
	at net.minecraft.server.packs.resources.SimplePreparableReloadListener.m_10789_(SimplePreparableReloadListener.java:13) ~[client-1.20.1-20230612.114412-srg.jar%23206!/:?]
	at java.util.concurrent.CompletableFuture$UniAccept.tryFire(CompletableFuture.java:718) ~[?:?]
	at java.util.concurrent.CompletableFuture$Completion.run(CompletableFuture.java:482) ~[?:?]
	at net.minecraft.server.packs.resources.SimpleReloadInstance.m_143940_(SimpleReloadInstance.java:69) ~[client-1.20.1-20230612.114412-srg.jar%23206!/:?]
	at net.minecraft.util.thread.BlockableEventLoop.m_6367_(BlockableEventLoop.java:156) ~[client-1.20.1-20230612.114412-srg.jar%23206!/:?]
	at net.minecraft.util.thread.ReentrantBlockableEventLoop.m_6367_(ReentrantBlockableEventLoop.java:23) ~[client-1.20.1-20230612.114412-srg.jar%23206!/:?]
	at net.minecraft.util.thread.BlockableEventLoop.m_7245_(BlockableEventLoop.java:130) ~[client-1.20.1-20230612.114412-srg.jar%23206!/:?]
	at net.minecraft.util.thread.BlockableEventLoop.m_18701_(BlockableEventLoop.java:139) ~[client-1.20.1-20230612.114412-srg.jar%23206!/:?]
	at net.minecraft.client.gui.screens.worldselection.WorldOpenFlows.m_246486_(WorldOpenFlows.java:163) ~[client-1.20.1-20230612.114412-srg.jar%23206!/:?]
	at net.minecraft.client.gui.screens.worldselection.WorldOpenFlows.m_233122_(WorldOpenFlows.java:113) ~[client-1.20.1-20230612.114412-srg.jar%23206!/:?]
	at net.minecraft.client.gui.screens.worldselection.WorldOpenFlows.doLoadLevel(WorldOpenFlows.java:181) ~[client-1.20.1-20230612.114412-srg.jar%23206!/:?]
	at net.minecraft.client.gui.screens.worldselection.WorldOpenFlows.m_233145_(WorldOpenFlows.java:169) ~[client-1.20.1-20230612.114412-srg.jar%23206!/:?]
	at net.minecraft.client.gui.screens.worldselection.WorldOpenFlows.m_233133_(WorldOpenFlows.java:65) ~[client-1.20.1-20230612.114412-srg.jar%23206!/:?]
	at net.minecraft.client.gui.screens.worldselection.WorldSelectionList$WorldListEntry.m_101744_(WorldSelectionList.java:575) ~[client-1.20.1-20230612.114412-srg.jar%23206!/:?]
	at net.minecraft.client.gui.screens.worldselection.WorldSelectionList$WorldListEntry.m_101704_(WorldSelectionList.java:474) ~[client-1.20.1-20230612.114412-srg.jar%23206!/:?]
	at net.minecraft.client.gui.screens.worldselection.WorldSelectionList$WorldListEntry.m_6375_(WorldSelectionList.java:413) ~[client-1.20.1-20230612.114412-srg.jar%23206!/:?]
	at net.minecraft.client.gui.components.AbstractSelectionList.m_6375_(AbstractSelectionList.java:298) ~[client-1.20.1-20230612.114412-srg.jar%23206!/:?]
	at net.minecraft.client.gui.components.events.ContainerEventHandler.m_6375_(ContainerEventHandler.java:38) ~[client-1.20.1-20230612.114412-srg.jar%23206!/:?]
	at net.minecraft.client.MouseHandler.m_168084_(MouseHandler.java:92) ~[client-1.20.1-20230612.114412-srg.jar%23206!/:?]
	at net.minecraft.client.gui.screens.Screen.m_96579_(Screen.java:437) ~[client-1.20.1-20230612.114412-srg.jar%23206!/:?]
	at net.minecraft.client.MouseHandler.m_91530_(MouseHandler.java:89) ~[client-1.20.1-20230612.114412-srg.jar%23206!/:?]
	at net.minecraft.client.MouseHandler.m_168091_(MouseHandler.java:189) ~[client-1.20.1-20230612.114412-srg.jar%23206!/:?]
	at net.minecraft.util.thread.BlockableEventLoop.execute(BlockableEventLoop.java:102) ~[client-1.20.1-20230612.114412-srg.jar%23206!/:?]
	at net.minecraft.client.MouseHandler.m_91565_(MouseHandler.java:188) ~[client-1.20.1-20230612.114412-srg.jar%23206!/:?]
	at org.lwjgl.glfw.GLFWMouseButtonCallbackI.callback(GLFWMouseButtonCallbackI.java:43) ~[lwjgl-glfw-3.3.1.jar%23120!/:build 7]
	at org.lwjgl.system.JNI.invokeV(Native Method) ~[lwjgl-3.3.1.jar%23132!/:build 7]
	at org.lwjgl.glfw.GLFW.glfwWaitEventsTimeout(GLFW.java:3474) ~[lwjgl-glfw-3.3.1.jar%23120!/:build 7]
	at com.mojang.blaze3d.systems.RenderSystem.limitDisplayFPS(RenderSystem.java:237) ~[client-1.20.1-20230612.114412-srg.jar%23206!/:?]
	at net.minecraft.client.Minecraft.m_91383_(Minecraft.java:1173) ~[client-1.20.1-20230612.114412-srg.jar%23206!/:?]
	at net.minecraft.client.Minecraft.m_91374_(Minecraft.java:718) ~[client-1.20.1-20230612.114412-srg.jar%23206!/:?]
	at net.minecraft.client.main.Main.main(Main.java:218) ~[%e6%a4%8d%e7%89%a9%e7%a7%91%e6%8a%80.jar:?]
	at jdk.internal.reflect.DirectMethodHandleAccessor.invoke(DirectMethodHandleAccessor.java:103) ~[?:?]
	at java.lang.reflect.Method.invoke(Method.java:580) ~[?:?]
	at net.minecraftforge.fml.loading.targets.CommonLaunchHandler.runTarget(CommonLaunchHandler.java:111) ~[fmlloader-1.20.1-47.4.21.jar:?]
	at net.minecraftforge.fml.loading.targets.CommonLaunchHandler.clientService(CommonLaunchHandler.java:99) ~[fmlloader-1.20.1-47.4.21.jar:?]
	at net.minecraftforge.fml.loading.targets.CommonClientLaunchHandler.lambda$makeService$0(CommonClientLaunchHandler.java:25) ~[fmlloader-1.20.1-47.4.21.jar:?]
	at cpw.mods.modlauncher.LaunchServiceHandlerDecorator.launch(LaunchServiceHandlerDecorator.java:30) ~[modlauncher-10.0.9.jar:?]
	at cpw.mods.modlauncher.LaunchServiceHandler.launch(LaunchServiceHandler.java:53) ~[modlauncher-10.0.9.jar:?]
	at cpw.mods.modlauncher.LaunchServiceHandler.launch(LaunchServiceHandler.java:71) ~[modlauncher-10.0.9.jar:?]
	at cpw.mods.modlauncher.Launcher.run(Launcher.java:108) ~[modlauncher-10.0.9.jar:?]
	at cpw.mods.modlauncher.Launcher.main(Launcher.java:78) ~[modlauncher-10.0.9.jar:?]
	at cpw.mods.modlauncher.BootstrapLaunchConsumer.accept(BootstrapLaunchConsumer.java:26) ~[modlauncher-10.0.9.jar:?]
	at cpw.mods.modlauncher.BootstrapLaunchConsumer.accept(BootstrapLaunchConsumer.java:23) ~[modlauncher-10.0.9.jar:?]
	at cpw.mods.bootstraplauncher.BootstrapLauncher.main(BootstrapLauncher.java:141) ~[bootstraplauncher-1.1.2.jar:?]
[228月2026 22:28:25.085] [Render thread/ERROR] [Apotheosis : Adventure/]: Failed to execute ShieldBreakerTest
java.lang.NullPointerException: Cannot invoke "net.minecraft.world.entity.LivingEntity.m_213824_()" because "attacker" is null
	at net.minecraftforge.common.extensions.IForgeItem.canDisableShield(IForgeItem.java:695) ~[forge-1.20.1-47.4.21-universal.jar%23211!/:?]
	at net.minecraftforge.common.extensions.IForgeItemStack.canDisableShield(IForgeItemStack.java:233) ~[forge-1.20.1-47.4.21-universal.jar%23211!/:?]
	at dev.shadowsoffire.apotheosis.adventure.loot.ShieldBreakerTest.test(ShieldBreakerTest.java:48) ~[%5B神化%5D%20Apotheosis-1.20.1-7.4.6.jar%23185!/:7.4.6]
	at dev.shadowsoffire.apotheosis.adventure.loot.ShieldBreakerTest.test(ShieldBreakerTest.java:25) ~[%5B神化%5D%20Apotheosis-1.20.1-7.4.6.jar%23185!/:7.4.6]
	at dev.shadowsoffire.apotheosis.adventure.loot.LootCategory.isValid(LootCategory.java:89) ~[%5B神化%5D%20Apotheosis-1.20.1-7.4.6.jar%23185!/:7.4.6]
	at dev.shadowsoffire.apotheosis.adventure.loot.LootCategory.forItem(LootCategory.java:182) ~[%5B神化%5D%20Apotheosis-1.20.1-7.4.6.jar%23185!/:7.4.6]
	at dev.shadowsoffire.apotheosis.adventure.loot.AffixLootEntry.getType(AffixLootEntry.java:91) ~[%5B神化%5D%20Apotheosis-1.20.1-7.4.6.jar%23185!/:7.4.6]
	at dev.shadowsoffire.apotheosis.adventure.loot.AffixLootRegistry.validateItem(AffixLootRegistry.java:30) ~[%5B神化%5D%20Apotheosis-1.20.1-7.4.6.jar%23185!/:7.4.6]
	at dev.shadowsoffire.apotheosis.adventure.loot.AffixLootRegistry.validateItem(AffixLootRegistry.java:13) ~[%5B神化%5D%20Apotheosis-1.20.1-7.4.6.jar%23185!/:7.4.6]
	at dev.shadowsoffire.placebo.reload.DynamicRegistry.register(DynamicRegistry.java:322) ~[Placebo-1.20.1-8.6.3.jar%23203!/:8.6.3]
	at dev.shadowsoffire.placebo.reload.DynamicRegistry.lambda$apply$0(DynamicRegistry.java:143) ~[Placebo-1.20.1-8.6.3.jar%23203!/:8.6.3]
	at java.util.HashMap.forEach(HashMap.java:1429) ~[?:?]
	at dev.shadowsoffire.placebo.reload.DynamicRegistry.apply(DynamicRegistry.java:136) ~[Placebo-1.20.1-8.6.3.jar%23203!/:8.6.3]
	at dev.shadowsoffire.placebo.reload.DynamicRegistry.m_5787_(DynamicRegistry.java:62) ~[Placebo-1.20.1-8.6.3.jar%23203!/:8.6.3]
	at net.minecraft.server.packs.resources.SimplePreparableReloadListener.m_10789_(SimplePreparableReloadListener.java:13) ~[client-1.20.1-20230612.114412-srg.jar%23206!/:?]
	at java.util.concurrent.CompletableFuture$UniAccept.tryFire(CompletableFuture.java:718) ~[?:?]
	at java.util.concurrent.CompletableFuture$Completion.run(CompletableFuture.java:482) ~[?:?]
	at net.minecraft.server.packs.resources.SimpleReloadInstance.m_143940_(SimpleReloadInstance.java:69) ~[client-1.20.1-20230612.114412-srg.jar%23206!/:?]
	at net.minecraft.util.thread.BlockableEventLoop.m_6367_(BlockableEventLoop.java:156) ~[client-1.20.1-20230612.114412-srg.jar%23206!/:?]
	at net.minecraft.util.thread.ReentrantBlockableEventLoop.m_6367_(ReentrantBlockableEventLoop.java:23) ~[client-1.20.1-20230612.114412-srg.jar%23206!/:?]
	at net.minecraft.util.thread.BlockableEventLoop.m_7245_(BlockableEventLoop.java:130) ~[client-1.20.1-20230612.114412-srg.jar%23206!/:?]
	at net.minecraft.util.thread.BlockableEventLoop.m_18701_(BlockableEventLoop.java:139) ~[client-1.20.1-20230612.114412-srg.jar%23206!/:?]
	at net.minecraft.client.gui.screens.worldselection.WorldOpenFlows.m_246486_(WorldOpenFlows.java:163) ~[client-1.20.1-20230612.114412-srg.jar%23206!/:?]
	at net.minecraft.client.gui.screens.worldselection.WorldOpenFlows.m_233122_(WorldOpenFlows.java:113) ~[client-1.20.1-20230612.114412-srg.jar%23206!/:?]
	at net.minecraft.client.gui.screens.worldselection.WorldOpenFlows.doLoadLevel(WorldOpenFlows.java:181) ~[client-1.20.1-20230612.114412-srg.jar%23206!/:?]
	at net.minecraft.client.gui.screens.worldselection.WorldOpenFlows.m_233145_(WorldOpenFlows.java:169) ~[client-1.20.1-20230612.114412-srg.jar%23206!/:?]
	at net.minecraft.client.gui.screens.worldselection.WorldOpenFlows.m_233133_(WorldOpenFlows.java:65) ~[client-1.20.1-20230612.114412-srg.jar%23206!/:?]
	at net.minecraft.client.gui.screens.worldselection.WorldSelectionList$WorldListEntry.m_101744_(WorldSelectionList.java:575) ~[client-1.20.1-20230612.114412-srg.jar%23206!/:?]
	at net.minecraft.client.gui.screens.worldselection.WorldSelectionList$WorldListEntry.m_101704_(WorldSelectionList.java:474) ~[client-1.20.1-20230612.114412-srg.jar%23206!/:?]
	at net.minecraft.client.gui.screens.worldselection.WorldSelectionList$WorldListEntry.m_6375_(WorldSelectionList.java:413) ~[client-1.20.1-20230612.114412-srg.jar%23206!/:?]
	at net.minecraft.client.gui.components.AbstractSelectionList.m_6375_(AbstractSelectionList.java:298) ~[client-1.20.1-20230612.114412-srg.jar%23206!/:?]
	at net.minecraft.client.gui.components.events.ContainerEventHandler.m_6375_(ContainerEventHandler.java:38) ~[client-1.20.1-20230612.114412-srg.jar%23206!/:?]
	at net.minecraft.client.MouseHandler.m_168084_(MouseHandler.java:92) ~[client-1.20.1-20230612.114412-srg.jar%23206!/:?]
	at net.minecraft.client.gui.screens.Screen.m_96579_(Screen.java:437) ~[client-1.20.1-20230612.114412-srg.jar%23206!/:?]
	at net.minecraft.client.MouseHandler.m_91530_(MouseHandler.java:89) ~[client-1.20.1-20230612.114412-srg.jar%23206!/:?]
	at net.minecraft.client.MouseHandler.m_168091_(MouseHandler.java:189) ~[client-1.20.1-20230612.114412-srg.jar%23206!/:?]
	at net.minecraft.util.thread.BlockableEventLoop.execute(BlockableEventLoop.java:102) ~[client-1.20.1-20230612.114412-srg.jar%23206!/:?]
	at net.minecraft.client.MouseHandler.m_91565_(MouseHandler.java:188) ~[client-1.20.1-20230612.114412-srg.jar%23206!/:?]
	at org.lwjgl.glfw.GLFWMouseButtonCallbackI.callback(GLFWMouseButtonCallbackI.java:43) ~[lwjgl-glfw-3.3.1.jar%23120!/:build 7]
	at org.lwjgl.system.JNI.invokeV(Native Method) ~[lwjgl-3.3.1.jar%23132!/:build 7]
	at org.lwjgl.glfw.GLFW.glfwWaitEventsTimeout(GLFW.java:3474) ~[lwjgl-glfw-3.3.1.jar%23120!/:build 7]
	at com.mojang.blaze3d.systems.RenderSystem.limitDisplayFPS(RenderSystem.java:237) ~[client-1.20.1-20230612.114412-srg.jar%23206!/:?]
	at net.minecraft.client.Minecraft.m_91383_(Minecraft.java:1173) ~[client-1.20.1-20230612.114412-srg.jar%23206!/:?]
	at net.minecraft.client.Minecraft.m_91374_(Minecraft.java:718) ~[client-1.20.1-20230612.114412-srg.jar%23206!/:?]
	at net.minecraft.client.main.Main.main(Main.java:218) ~[%e6%a4%8d%e7%89%a9%e7%a7%91%e6%8a%80.jar:?]
	at jdk.internal.reflect.DirectMethodHandleAccessor.invoke(DirectMethodHandleAccessor.java:103) ~[?:?]
	at java.lang.reflect.Method.invoke(Method.java:580) ~[?:?]
	at net.minecraftforge.fml.loading.targets.CommonLaunchHandler.runTarget(CommonLaunchHandler.java:111) ~[fmlloader-1.20.1-47.4.21.jar:?]
	at net.minecraftforge.fml.loading.targets.CommonLaunchHandler.clientService(CommonLaunchHandler.java:99) ~[fmlloader-1.20.1-47.4.21.jar:?]
	at net.minecraftforge.fml.loading.targets.CommonClientLaunchHandler.lambda$makeService$0(CommonClientLaunchHandler.java:25) ~[fmlloader-1.20.1-47.4.21.jar:?]
	at cpw.mods.modlauncher.LaunchServiceHandlerDecorator.launch(LaunchServiceHandlerDecorator.java:30) ~[modlauncher-10.0.9.jar:?]
	at cpw.mods.modlauncher.LaunchServiceHandler.launch(LaunchServiceHandler.java:53) ~[modlauncher-10.0.9.jar:?]
	at cpw.mods.modlauncher.LaunchServiceHandler.launch(LaunchServiceHandler.java:71) ~[modlauncher-10.0.9.jar:?]
	at cpw.mods.modlauncher.Launcher.run(Launcher.java:108) ~[modlauncher-10.0.9.jar:?]
	at cpw.mods.modlauncher.Launcher.main(Launcher.java:78) ~[modlauncher-10.0.9.jar:?]
	at cpw.mods.modlauncher.BootstrapLaunchConsumer.accept(BootstrapLaunchConsumer.java:26) ~[modlauncher-10.0.9.jar:?]
	at cpw.mods.modlauncher.BootstrapLaunchConsumer.accept(BootstrapLaunchConsumer.java:23) ~[modlauncher-10.0.9.jar:?]
	at cpw.mods.bootstraplauncher.BootstrapLauncher.main(BootstrapLauncher.java:141) ~[bootstraplauncher-1.1.2.jar:?]
[228月2026 22:28:25.087] [Render thread/ERROR] [Apotheosis : Adventure/]: Failed to execute ShieldBreakerTest
java.lang.NullPointerException: Cannot invoke "net.minecraft.world.entity.LivingEntity.m_213824_()" because "attacker" is null
	at net.minecraftforge.common.extensions.IForgeItem.canDisableShield(IForgeItem.java:695) ~[forge-1.20.1-47.4.21-universal.jar%23211!/:?]
	at net.minecraftforge.common.extensions.IForgeItemStack.canDisableShield(IForgeItemStack.java:233) ~[forge-1.20.1-47.4.21-universal.jar%23211!/:?]
	at dev.shadowsoffire.apotheosis.adventure.loot.ShieldBreakerTest.test(ShieldBreakerTest.java:48) ~[%5B神化%5D%20Apotheosis-1.20.1-7.4.6.jar%23185!/:7.4.6]
	at dev.shadowsoffire.apotheosis.adventure.loot.ShieldBreakerTest.test(ShieldBreakerTest.java:25) ~[%5B神化%5D%20Apotheosis-1.20.1-7.4.6.jar%23185!/:7.4.6]
	at dev.shadowsoffire.apotheosis.adventure.loot.LootCategory.isValid(LootCategory.java:89) ~[%5B神化%5D%20Apotheosis-1.20.1-7.4.6.jar%23185!/:7.4.6]
	at dev.shadowsoffire.apotheosis.adventure.loot.LootCategory.forItem(LootCategory.java:182) ~[%5B神化%5D%20Apotheosis-1.20.1-7.4.6.jar%23185!/:7.4.6]
	at dev.shadowsoffire.apotheosis.adventure.loot.AffixLootEntry.getType(AffixLootEntry.java:91) ~[%5B神化%5D%20Apotheosis-1.20.1-7.4.6.jar%23185!/:7.4.6]
	at dev.shadowsoffire.apotheosis.adventure.loot.AffixLootRegistry.validateItem(AffixLootRegistry.java:30) ~[%5B神化%5D%20Apotheosis-1.20.1-7.4.6.jar%23185!/:7.4.6]
	at dev.shadowsoffire.apotheosis.adventure.loot.AffixLootRegistry.validateItem(AffixLootRegistry.java:13) ~[%5B神化%5D%20Apotheosis-1.20.1-7.4.6.jar%23185!/:7.4.6]
	at dev.shadowsoffire.placebo.reload.DynamicRegistry.register(DynamicRegistry.java:322) ~[Placebo-1.20.1-8.6.3.jar%23203!/:8.6.3]
	at dev.shadowsoffire.placebo.reload.DynamicRegistry.lambda$apply$0(DynamicRegistry.java:143) ~[Placebo-1.20.1-8.6.3.jar%23203!/:8.6.3]
	at java.util.HashMap.forEach(HashMap.java:1429) ~[?:?]
	at dev.shadowsoffire.placebo.reload.DynamicRegistry.apply(DynamicRegistry.java:136) ~[Placebo-1.20.1-8.6.3.jar%23203!/:8.6.3]
	at dev.shadowsoffire.placebo.reload.DynamicRegistry.m_5787_(DynamicRegistry.java:62) ~[Placebo-1.20.1-8.6.3.jar%23203!/:8.6.3]
	at net.minecraft.server.packs.resources.SimplePreparableReloadListener.m_10789_(SimplePreparableReloadListener.java:13) ~[client-1.20.1-20230612.114412-srg.jar%23206!/:?]
	at java.util.concurrent.CompletableFuture$UniAccept.tryFire(CompletableFuture.java:718) ~[?:?]
	at java.util.concurrent.CompletableFuture$Completion.run(CompletableFuture.java:482) ~[?:?]
	at net.minecraft.server.packs.resources.SimpleReloadInstance.m_143940_(SimpleReloadInstance.java:69) ~[client-1.20.1-20230612.114412-srg.jar%23206!/:?]
	at net.minecraft.util.thread.BlockableEventLoop.m_6367_(BlockableEventLoop.java:156) ~[client-1.20.1-20230612.114412-srg.jar%23206!/:?]
	at net.minecraft.util.thread.ReentrantBlockableEventLoop.m_6367_(ReentrantBlockableEventLoop.java:23) ~[client-1.20.1-20230612.114412-srg.jar%23206!/:?]
	at net.minecraft.util.thread.BlockableEventLoop.m_7245_(BlockableEventLoop.java:130) ~[client-1.20.1-20230612.114412-srg.jar%23206!/:?]
	at net.minecraft.util.thread.BlockableEventLoop.m_18701_(BlockableEventLoop.java:139) ~[client-1.20.1-20230612.114412-srg.jar%23206!/:?]
	at net.minecraft.client.gui.screens.worldselection.WorldOpenFlows.m_246486_(WorldOpenFlows.java:163) ~[client-1.20.1-20230612.114412-srg.jar%23206!/:?]
	at net.minecraft.client.gui.screens.worldselection.WorldOpenFlows.m_233122_(WorldOpenFlows.java:113) ~[client-1.20.1-20230612.114412-srg.jar%23206!/:?]
	at net.minecraft.client.gui.screens.worldselection.WorldOpenFlows.doLoadLevel(WorldOpenFlows.java:181) ~[client-1.20.1-20230612.114412-srg.jar%23206!/:?]
	at net.minecraft.client.gui.screens.worldselection.WorldOpenFlows.m_233145_(WorldOpenFlows.java:169) ~[client-1.20.1-20230612.114412-srg.jar%23206!/:?]
	at net.minecraft.client.gui.screens.worldselection.WorldOpenFlows.m_233133_(WorldOpenFlows.java:65) ~[client-1.20.1-20230612.114412-srg.jar%23206!/:?]
	at net.minecraft.client.gui.screens.worldselection.WorldSelectionList$WorldListEntry.m_101744_(WorldSelectionList.java:575) ~[client-1.20.1-20230612.114412-srg.jar%23206!/:?]
	at net.minecraft.client.gui.screens.worldselection.WorldSelectionList$WorldListEntry.m_101704_(WorldSelectionList.java:474) ~[client-1.20.1-20230612.114412-srg.jar%23206!/:?]
	at net.minecraft.client.gui.screens.worldselection.WorldSelectionList$WorldListEntry.m_6375_(WorldSelectionList.java:413) ~[client-1.20.1-20230612.114412-srg.jar%23206!/:?]
	at net.minecraft.client.gui.components.AbstractSelectionList.m_6375_(AbstractSelectionList.java:298) ~[client-1.20.1-20230612.114412-srg.jar%23206!/:?]
	at net.minecraft.client.gui.components.events.ContainerEventHandler.m_6375_(ContainerEventHandler.java:38) ~[client-1.20.1-20230612.114412-srg.jar%23206!/:?]
	at net.minecraft.client.MouseHandler.m_168084_(MouseHandler.java:92) ~[client-1.20.1-20230612.114412-srg.jar%23206!/:?]
	at net.minecraft.client.gui.screens.Screen.m_96579_(Screen.java:437) ~[client-1.20.1-20230612.114412-srg.jar%23206!/:?]
	at net.minecraft.client.MouseHandler.m_91530_(MouseHandler.java:89) ~[client-1.20.1-20230612.114412-srg.jar%23206!/:?]
	at net.minecraft.client.MouseHandler.m_168091_(MouseHandler.java:189) ~[client-1.20.1-20230612.114412-srg.jar%23206!/:?]
	at net.minecraft.util.thread.BlockableEventLoop.execute(BlockableEventLoop.java:102) ~[client-1.20.1-20230612.114412-srg.jar%23206!/:?]
	at net.minecraft.client.MouseHandler.m_91565_(MouseHandler.java:188) ~[client-1.20.1-20230612.114412-srg.jar%23206!/:?]
	at org.lwjgl.glfw.GLFWMouseButtonCallbackI.callback(GLFWMouseButtonCallbackI.java:43) ~[lwjgl-glfw-3.3.1.jar%23120!/:build 7]
	at org.lwjgl.system.JNI.invokeV(Native Method) ~[lwjgl-3.3.1.jar%23132!/:build 7]
	at org.lwjgl.glfw.GLFW.glfwWaitEventsTimeout(GLFW.java:3474) ~[lwjgl-glfw-3.3.1.jar%23120!/:build 7]
	at com.mojang.blaze3d.systems.RenderSystem.limitDisplayFPS(RenderSystem.java:237) ~[client-1.20.1-20230612.114412-srg.jar%23206!/:?]
	at net.minecraft.client.Minecraft.m_91383_(Minecraft.java:1173) ~[client-1.20.1-20230612.114412-srg.jar%23206!/:?]
	at net.minecraft.client.Minecraft.m_91374_(Minecraft.java:718) ~[client-1.20.1-20230612.114412-srg.jar%23206!/:?]
	at net.minecraft.client.main.Main.main(Main.java:218) ~[%e6%a4%8d%e7%89%a9%e7%a7%91%e6%8a%80.jar:?]
	at jdk.internal.reflect.DirectMethodHandleAccessor.invoke(DirectMethodHandleAccessor.java:103) ~[?:?]
	at java.lang.reflect.Method.invoke(Method.java:580) ~[?:?]
	at net.minecraftforge.fml.loading.targets.CommonLaunchHandler.runTarget(CommonLaunchHandler.java:111) ~[fmlloader-1.20.1-47.4.21.jar:?]
	at net.minecraftforge.fml.loading.targets.CommonLaunchHandler.clientService(CommonLaunchHandler.java:99) ~[fmlloader-1.20.1-47.4.21.jar:?]
	at net.minecraftforge.fml.loading.targets.CommonClientLaunchHandler.lambda$makeService$0(CommonClientLaunchHandler.java:25) ~[fmlloader-1.20.1-47.4.21.jar:?]
	at cpw.mods.modlauncher.LaunchServiceHandlerDecorator.launch(LaunchServiceHandlerDecorator.java:30) ~[modlauncher-10.0.9.jar:?]
	at cpw.mods.modlauncher.LaunchServiceHandler.launch(LaunchServiceHandler.java:53) ~[modlauncher-10.0.9.jar:?]
	at cpw.mods.modlauncher.LaunchServiceHandler.launch(LaunchServiceHandler.java:71) ~[modlauncher-10.0.9.jar:?]
	at cpw.mods.modlauncher.Launcher.run(Launcher.java:108) ~[modlauncher-10.0.9.jar:?]
	at cpw.mods.modlauncher.Launcher.main(Launcher.java:78) ~[modlauncher-10.0.9.jar:?]
	at cpw.mods.modlauncher.BootstrapLaunchConsumer.accept(BootstrapLaunchConsumer.java:26) ~[modlauncher-10.0.9.jar:?]
	at cpw.mods.modlauncher.BootstrapLaunchConsumer.accept(BootstrapLaunchConsumer.java:23) ~[modlauncher-10.0.9.jar:?]
	at cpw.mods.bootstraplauncher.BootstrapLauncher.main(BootstrapLauncher.java:141) ~[bootstraplauncher-1.1.2.jar:?]
[228月2026 22:28:25.088] [Render thread/ERROR] [Apotheosis : Adventure/]: Failed to execute ShieldBreakerTest
java.lang.NullPointerException: Cannot invoke "net.minecraft.world.entity.LivingEntity.m_213824_()" because "attacker" is null
	at net.minecraftforge.common.extensions.IForgeItem.canDisableShield(IForgeItem.java:695) ~[forge-1.20.1-47.4.21-universal.jar%23211!/:?]
	at net.minecraftforge.common.extensions.IForgeItemStack.canDisableShield(IForgeItemStack.java:233) ~[forge-1.20.1-47.4.21-universal.jar%23211!/:?]
	at dev.shadowsoffire.apotheosis.adventure.loot.ShieldBreakerTest.test(ShieldBreakerTest.java:48) ~[%5B神化%5D%20Apotheosis-1.20.1-7.4.6.jar%23185!/:7.4.6]
	at dev.shadowsoffire.apotheosis.adventure.loot.ShieldBreakerTest.test(ShieldBreakerTest.java:25) ~[%5B神化%5D%20Apotheosis-1.20.1-7.4.6.jar%23185!/:7.4.6]
	at dev.shadowsoffire.apotheosis.adventure.loot.LootCategory.isValid(LootCategory.java:89) ~[%5B神化%5D%20Apotheosis-1.20.1-7.4.6.jar%23185!/:7.4.6]
	at dev.shadowsoffire.apotheosis.adventure.loot.LootCategory.forItem(LootCategory.java:182) ~[%5B神化%5D%20Apotheosis-1.20.1-7.4.6.jar%23185!/:7.4.6]
	at dev.shadowsoffire.apotheosis.adventure.loot.AffixLootEntry.getType(AffixLootEntry.java:91) ~[%5B神化%5D%20Apotheosis-1.20.1-7.4.6.jar%23185!/:7.4.6]
	at dev.shadowsoffire.apotheosis.adventure.loot.AffixLootRegistry.validateItem(AffixLootRegistry.java:30) ~[%5B神化%5D%20Apotheosis-1.20.1-7.4.6.jar%23185!/:7.4.6]
	at dev.shadowsoffire.apotheosis.adventure.loot.AffixLootRegistry.validateItem(AffixLootRegistry.java:13) ~[%5B神化%5D%20Apotheosis-1.20.1-7.4.6.jar%23185!/:7.4.6]
	at dev.shadowsoffire.placebo.reload.DynamicRegistry.register(DynamicRegistry.java:322) ~[Placebo-1.20.1-8.6.3.jar%23203!/:8.6.3]
	at dev.shadowsoffire.placebo.reload.DynamicRegistry.lambda$apply$0(DynamicRegistry.java:143) ~[Placebo-1.20.1-8.6.3.jar%23203!/:8.6.3]
	at java.util.HashMap.forEach(HashMap.java:1429) ~[?:?]
	at dev.shadowsoffire.placebo.reload.DynamicRegistry.apply(DynamicRegistry.java:136) ~[Placebo-1.20.1-8.6.3.jar%23203!/:8.6.3]
	at dev.shadowsoffire.placebo.reload.DynamicRegistry.m_5787_(DynamicRegistry.java:62) ~[Placebo-1.20.1-8.6.3.jar%23203!/:8.6.3]
	at net.minecraft.server.packs.resources.SimplePreparableReloadListener.m_10789_(SimplePreparableReloadListener.java:13) ~[client-1.20.1-20230612.114412-srg.jar%23206!/:?]
	at java.util.concurrent.CompletableFuture$UniAccept.tryFire(CompletableFuture.java:718) ~[?:?]
	at java.util.concurrent.CompletableFuture$Completion.run(CompletableFuture.java:482) ~[?:?]
	at net.minecraft.server.packs.resources.SimpleReloadInstance.m_143940_(SimpleReloadInstance.java:69) ~[client-1.20.1-20230612.114412-srg.jar%23206!/:?]
	at net.minecraft.util.thread.BlockableEventLoop.m_6367_(BlockableEventLoop.java:156) ~[client-1.20.1-20230612.114412-srg.jar%23206!/:?]
	at net.minecraft.util.thread.ReentrantBlockableEventLoop.m_6367_(ReentrantBlockableEventLoop.java:23) ~[client-1.20.1-20230612.114412-srg.jar%23206!/:?]
	at net.minecraft.util.thread.BlockableEventLoop.m_7245_(BlockableEventLoop.java:130) ~[client-1.20.1-20230612.114412-srg.jar%23206!/:?]
	at net.minecraft.util.thread.BlockableEventLoop.m_18701_(BlockableEventLoop.java:139) ~[client-1.20.1-20230612.114412-srg.jar%23206!/:?]
	at net.minecraft.client.gui.screens.worldselection.WorldOpenFlows.m_246486_(WorldOpenFlows.java:163) ~[client-1.20.1-20230612.114412-srg.jar%23206!/:?]
	at net.minecraft.client.gui.screens.worldselection.WorldOpenFlows.m_233122_(WorldOpenFlows.java:113) ~[client-1.20.1-20230612.114412-srg.jar%23206!/:?]
	at net.minecraft.client.gui.screens.worldselection.WorldOpenFlows.doLoadLevel(WorldOpenFlows.java:181) ~[client-1.20.1-20230612.114412-srg.jar%23206!/:?]
	at net.minecraft.client.gui.screens.worldselection.WorldOpenFlows.m_233145_(WorldOpenFlows.java:169) ~[client-1.20.1-20230612.114412-srg.jar%23206!/:?]
	at net.minecraft.client.gui.screens.worldselection.WorldOpenFlows.m_233133_(WorldOpenFlows.java:65) ~[client-1.20.1-20230612.114412-srg.jar%23206!/:?]
	at net.minecraft.client.gui.screens.worldselection.WorldSelectionList$WorldListEntry.m_101744_(WorldSelectionList.java:575) ~[client-1.20.1-20230612.114412-srg.jar%23206!/:?]
	at net.minecraft.client.gui.screens.worldselection.WorldSelectionList$WorldListEntry.m_101704_(WorldSelectionList.java:474) ~[client-1.20.1-20230612.114412-srg.jar%23206!/:?]
	at net.minecraft.client.gui.screens.worldselection.WorldSelectionList$WorldListEntry.m_6375_(WorldSelectionList.java:413) ~[client-1.20.1-20230612.114412-srg.jar%23206!/:?]
	at net.minecraft.client.gui.components.AbstractSelectionList.m_6375_(AbstractSelectionList.java:298) ~[client-1.20.1-20230612.114412-srg.jar%23206!/:?]
	at net.minecraft.client.gui.components.events.ContainerEventHandler.m_6375_(ContainerEventHandler.java:38) ~[client-1.20.1-20230612.114412-srg.jar%23206!/:?]
	at net.minecraft.client.MouseHandler.m_168084_(MouseHandler.java:92) ~[client-1.20.1-20230612.114412-srg.jar%23206!/:?]
	at net.minecraft.client.gui.screens.Screen.m_96579_(Screen.java:437) ~[client-1.20.1-20230612.114412-srg.jar%23206!/:?]
	at net.minecraft.client.MouseHandler.m_91530_(MouseHandler.java:89) ~[client-1.20.1-20230612.114412-srg.jar%23206!/:?]
	at net.minecraft.client.MouseHandler.m_168091_(MouseHandler.java:189) ~[client-1.20.1-20230612.114412-srg.jar%23206!/:?]
	at net.minecraft.util.thread.BlockableEventLoop.execute(BlockableEventLoop.java:102) ~[client-1.20.1-20230612.114412-srg.jar%23206!/:?]
	at net.minecraft.client.MouseHandler.m_91565_(MouseHandler.java:188) ~[client-1.20.1-20230612.114412-srg.jar%23206!/:?]
	at org.lwjgl.glfw.GLFWMouseButtonCallbackI.callback(GLFWMouseButtonCallbackI.java:43) ~[lwjgl-glfw-3.3.1.jar%23120!/:build 7]
	at org.lwjgl.system.JNI.invokeV(Native Method) ~[lwjgl-3.3.1.jar%23132!/:build 7]
	at org.lwjgl.glfw.GLFW.glfwWaitEventsTimeout(GLFW.java:3474) ~[lwjgl-glfw-3.3.1.jar%23120!/:build 7]
	at com.mojang.blaze3d.systems.RenderSystem.limitDisplayFPS(RenderSystem.java:237) ~[client-1.20.1-20230612.114412-srg.jar%23206!/:?]
	at net.minecraft.client.Minecraft.m_91383_(Minecraft.java:1173) ~[client-1.20.1-20230612.114412-srg.jar%23206!/:?]
	at net.minecraft.client.Minecraft.m_91374_(Minecraft.java:718) ~[client-1.20.1-20230612.114412-srg.jar%23206!/:?]
	at net.minecraft.client.main.Main.main(Main.java:218) ~[%e6%a4%8d%e7%89%a9%e7%a7%91%e6%8a%80.jar:?]
	at jdk.internal.reflect.DirectMethodHandleAccessor.invoke(DirectMethodHandleAccessor.java:103) ~[?:?]
	at java.lang.reflect.Method.invoke(Method.java:580) ~[?:?]
	at net.minecraftforge.fml.loading.targets.CommonLaunchHandler.runTarget(CommonLaunchHandler.java:111) ~[fmlloader-1.20.1-47.4.21.jar:?]
	at net.minecraftforge.fml.loading.targets.CommonLaunchHandler.clientService(CommonLaunchHandler.java:99) ~[fmlloader-1.20.1-47.4.21.jar:?]
	at net.minecraftforge.fml.loading.targets.CommonClientLaunchHandler.lambda$makeService$0(CommonClientLaunchHandler.java:25) ~[fmlloader-1.20.1-47.4.21.jar:?]
	at cpw.mods.modlauncher.LaunchServiceHandlerDecorator.launch(LaunchServiceHandlerDecorator.java:30) ~[modlauncher-10.0.9.jar:?]
	at cpw.mods.modlauncher.LaunchServiceHandler.launch(LaunchServiceHandler.java:53) ~[modlauncher-10.0.9.jar:?]
	at cpw.mods.modlauncher.LaunchServiceHandler.launch(LaunchServiceHandler.java:71) ~[modlauncher-10.0.9.jar:?]
	at cpw.mods.modlauncher.Launcher.run(Launcher.java:108) ~[modlauncher-10.0.9.jar:?]
	at cpw.mods.modlauncher.Launcher.main(Launcher.java:78) ~[modlauncher-10.0.9.jar:?]
	at cpw.mods.modlauncher.BootstrapLaunchConsumer.accept(BootstrapLaunchConsumer.java:26) ~[modlauncher-10.0.9.jar:?]
	at cpw.mods.modlauncher.BootstrapLaunchConsumer.accept(BootstrapLaunchConsumer.java:23) ~[modlauncher-10.0.9.jar:?]
	at cpw.mods.bootstraplauncher.BootstrapLauncher.main(BootstrapLauncher.java:141) ~[bootstraplauncher-1.1.2.jar:?]
[228月2026 22:28:25.090] [Render thread/ERROR] [Apotheosis : Adventure/]: Failed to execute ShieldBreakerTest
java.lang.NullPointerException: Cannot invoke "net.minecraft.world.entity.LivingEntity.m_213824_()" because "attacker" is null
	at net.minecraftforge.common.extensions.IForgeItem.canDisableShield(IForgeItem.java:695) ~[forge-1.20.1-47.4.21-universal.jar%23211!/:?]
	at net.minecraftforge.common.extensions.IForgeItemStack.canDisableShield(IForgeItemStack.java:233) ~[forge-1.20.1-47.4.21-universal.jar%23211!/:?]
	at dev.shadowsoffire.apotheosis.adventure.loot.ShieldBreakerTest.test(ShieldBreakerTest.java:48) ~[%5B神化%5D%20Apotheosis-1.20.1-7.4.6.jar%23185!/:7.4.6]
	at dev.shadowsoffire.apotheosis.adventure.loot.ShieldBreakerTest.test(ShieldBreakerTest.java:25) ~[%5B神化%5D%20Apotheosis-1.20.1-7.4.6.jar%23185!/:7.4.6]
	at dev.shadowsoffire.apotheosis.adventure.loot.LootCategory.isValid(LootCategory.java:89) ~[%5B神化%5D%20Apotheosis-1.20.1-7.4.6.jar%23185!/:7.4.6]
	at dev.shadowsoffire.apotheosis.adventure.loot.LootCategory.forItem(LootCategory.java:182) ~[%5B神化%5D%20Apotheosis-1.20.1-7.4.6.jar%23185!/:7.4.6]
	at dev.shadowsoffire.apotheosis.adventure.loot.AffixLootEntry.getType(AffixLootEntry.java:91) ~[%5B神化%5D%20Apotheosis-1.20.1-7.4.6.jar%23185!/:7.4.6]
	at dev.shadowsoffire.apotheosis.adventure.loot.AffixLootRegistry.validateItem(AffixLootRegistry.java:30) ~[%5B神化%5D%20Apotheosis-1.20.1-7.4.6.jar%23185!/:7.4.6]
	at dev.shadowsoffire.apotheosis.adventure.loot.AffixLootRegistry.validateItem(AffixLootRegistry.java:13) ~[%5B神化%5D%20Apotheosis-1.20.1-7.4.6.jar%23185!/:7.4.6]
	at dev.shadowsoffire.placebo.reload.DynamicRegistry.register(DynamicRegistry.java:322) ~[Placebo-1.20.1-8.6.3.jar%23203!/:8.6.3]
	at dev.shadowsoffire.placebo.reload.DynamicRegistry.lambda$apply$0(DynamicRegistry.java:143) ~[Placebo-1.20.1-8.6.3.jar%23203!/:8.6.3]
	at java.util.HashMap.forEach(HashMap.java:1429) ~[?:?]
	at dev.shadowsoffire.placebo.reload.DynamicRegistry.apply(DynamicRegistry.java:136) ~[Placebo-1.20.1-8.6.3.jar%23203!/:8.6.3]
	at dev.shadowsoffire.placebo.reload.DynamicRegistry.m_5787_(DynamicRegistry.java:62) ~[Placebo-1.20.1-8.6.3.jar%23203!/:8.6.3]
	at net.minecraft.server.packs.resources.SimplePreparableReloadListener.m_10789_(SimplePreparableReloadListener.java:13) ~[client-1.20.1-20230612.114412-srg.jar%23206!/:?]
	at java.util.concurrent.CompletableFuture$UniAccept.tryFire(CompletableFuture.java:718) ~[?:?]
	at java.util.concurrent.CompletableFuture$Completion.run(CompletableFuture.java:482) ~[?:?]
	at net.minecraft.server.packs.resources.SimpleReloadInstance.m_143940_(SimpleReloadInstance.java:69) ~[client-1.20.1-20230612.114412-srg.jar%23206!/:?]
	at net.minecraft.util.thread.BlockableEventLoop.m_6367_(BlockableEventLoop.java:156) ~[client-1.20.1-20230612.114412-srg.jar%23206!/:?]
	at net.minecraft.util.thread.ReentrantBlockableEventLoop.m_6367_(ReentrantBlockableEventLoop.java:23) ~[client-1.20.1-20230612.114412-srg.jar%23206!/:?]
	at net.minecraft.util.thread.BlockableEventLoop.m_7245_(BlockableEventLoop.java:130) ~[client-1.20.1-20230612.114412-srg.jar%23206!/:?]
	at net.minecraft.util.thread.BlockableEventLoop.m_18701_(BlockableEventLoop.java:139) ~[client-1.20.1-20230612.114412-srg.jar%23206!/:?]
	at net.minecraft.client.gui.screens.worldselection.WorldOpenFlows.m_246486_(WorldOpenFlows.java:163) ~[client-1.20.1-20230612.114412-srg.jar%23206!/:?]
	at net.minecraft.client.gui.screens.worldselection.WorldOpenFlows.m_233122_(WorldOpenFlows.java:113) ~[client-1.20.1-20230612.114412-srg.jar%23206!/:?]
	at net.minecraft.client.gui.screens.worldselection.WorldOpenFlows.doLoadLevel(WorldOpenFlows.java:181) ~[client-1.20.1-20230612.114412-srg.jar%23206!/:?]
	at net.minecraft.client.gui.screens.worldselection.WorldOpenFlows.m_233145_(WorldOpenFlows.java:169) ~[client-1.20.1-20230612.114412-srg.jar%23206!/:?]
	at net.minecraft.client.gui.screens.worldselection.WorldOpenFlows.m_233133_(WorldOpenFlows.java:65) ~[client-1.20.1-20230612.114412-srg.jar%23206!/:?]
	at net.minecraft.client.gui.screens.worldselection.WorldSelectionList$WorldListEntry.m_101744_(WorldSelectionList.java:575) ~[client-1.20.1-20230612.114412-srg.jar%23206!/:?]
	at net.minecraft.client.gui.screens.worldselection.WorldSelectionList$WorldListEntry.m_101704_(WorldSelectionList.java:474) ~[client-1.20.1-20230612.114412-srg.jar%23206!/:?]
	at net.minecraft.client.gui.screens.worldselection.WorldSelectionList$WorldListEntry.m_6375_(WorldSelectionList.java:413) ~[client-1.20.1-20230612.114412-srg.jar%23206!/:?]
	at net.minecraft.client.gui.components.AbstractSelectionList.m_6375_(AbstractSelectionList.java:298) ~[client-1.20.1-20230612.114412-srg.jar%23206!/:?]
	at net.minecraft.client.gui.components.events.ContainerEventHandler.m_6375_(ContainerEventHandler.java:38) ~[client-1.20.1-20230612.114412-srg.jar%23206!/:?]
	at net.minecraft.client.MouseHandler.m_168084_(MouseHandler.java:92) ~[client-1.20.1-20230612.114412-srg.jar%23206!/:?]
	at net.minecraft.client.gui.screens.Screen.m_96579_(Screen.java:437) ~[client-1.20.1-20230612.114412-srg.jar%23206!/:?]
	at net.minecraft.client.MouseHandler.m_91530_(MouseHandler.java:89) ~[client-1.20.1-20230612.114412-srg.jar%23206!/:?]
	at net.minecraft.client.MouseHandler.m_168091_(MouseHandler.java:189) ~[client-1.20.1-20230612.114412-srg.jar%23206!/:?]
	at net.minecraft.util.thread.BlockableEventLoop.execute(BlockableEventLoop.java:102) ~[client-1.20.1-20230612.114412-srg.jar%23206!/:?]
	at net.minecraft.client.MouseHandler.m_91565_(MouseHandler.java:188) ~[client-1.20.1-20230612.114412-srg.jar%23206!/:?]
	at org.lwjgl.glfw.GLFWMouseButtonCallbackI.callback(GLFWMouseButtonCallbackI.java:43) ~[lwjgl-glfw-3.3.1.jar%23120!/:build 7]
	at org.lwjgl.system.JNI.invokeV(Native Method) ~[lwjgl-3.3.1.jar%23132!/:build 7]
	at org.lwjgl.glfw.GLFW.glfwWaitEventsTimeout(GLFW.java:3474) ~[lwjgl-glfw-3.3.1.jar%23120!/:build 7]
	at com.mojang.blaze3d.systems.RenderSystem.limitDisplayFPS(RenderSystem.java:237) ~[client-1.20.1-20230612.114412-srg.jar%23206!/:?]
	at net.minecraft.client.Minecraft.m_91383_(Minecraft.java:1173) ~[client-1.20.1-20230612.114412-srg.jar%23206!/:?]
	at net.minecraft.client.Minecraft.m_91374_(Minecraft.java:718) ~[client-1.20.1-20230612.114412-srg.jar%23206!/:?]
	at net.minecraft.client.main.Main.main(Main.java:218) ~[%e6%a4%8d%e7%89%a9%e7%a7%91%e6%8a%80.jar:?]
	at jdk.internal.reflect.DirectMethodHandleAccessor.invoke(DirectMethodHandleAccessor.java:103) ~[?:?]
	at java.lang.reflect.Method.invoke(Method.java:580) ~[?:?]
	at net.minecraftforge.fml.loading.targets.CommonLaunchHandler.runTarget(CommonLaunchHandler.java:111) ~[fmlloader-1.20.1-47.4.21.jar:?]
	at net.minecraftforge.fml.loading.targets.CommonLaunchHandler.clientService(CommonLaunchHandler.java:99) ~[fmlloader-1.20.1-47.4.21.jar:?]
	at net.minecraftforge.fml.loading.targets.CommonClientLaunchHandler.lambda$makeService$0(CommonClientLaunchHandler.java:25) ~[fmlloader-1.20.1-47.4.21.jar:?]
	at cpw.mods.modlauncher.LaunchServiceHandlerDecorator.launch(LaunchServiceHandlerDecorator.java:30) ~[modlauncher-10.0.9.jar:?]
	at cpw.mods.modlauncher.LaunchServiceHandler.launch(LaunchServiceHandler.java:53) ~[modlauncher-10.0.9.jar:?]
	at cpw.mods.modlauncher.LaunchServiceHandler.launch(LaunchServiceHandler.java:71) ~[modlauncher-10.0.9.jar:?]
	at cpw.mods.modlauncher.Launcher.run(Launcher.java:108) ~[modlauncher-10.0.9.jar:?]
	at cpw.mods.modlauncher.Launcher.main(Launcher.java:78) ~[modlauncher-10.0.9.jar:?]
	at cpw.mods.modlauncher.BootstrapLaunchConsumer.accept(BootstrapLaunchConsumer.java:26) ~[modlauncher-10.0.9.jar:?]
	at cpw.mods.modlauncher.BootstrapLaunchConsumer.accept(BootstrapLaunchConsumer.java:23) ~[modlauncher-10.0.9.jar:?]
	at cpw.mods.bootstraplauncher.BootstrapLauncher.main(BootstrapLauncher.java:141) ~[bootstraplauncher-1.1.2.jar:?]
[228月2026 22:28:25.091] [Render thread/ERROR] [Apotheosis : Adventure/]: Failed to execute ShieldBreakerTest
java.lang.NullPointerException: Cannot invoke "net.minecraft.world.entity.LivingEntity.m_213824_()" because "attacker" is null
	at net.minecraftforge.common.extensions.IForgeItem.canDisableShield(IForgeItem.java:695) ~[forge-1.20.1-47.4.21-universal.jar%23211!/:?]
	at net.minecraftforge.common.extensions.IForgeItemStack.canDisableShield(IForgeItemStack.java:233) ~[forge-1.20.1-47.4.21-universal.jar%23211!/:?]
	at dev.shadowsoffire.apotheosis.adventure.loot.ShieldBreakerTest.test(ShieldBreakerTest.java:48) ~[%5B神化%5D%20Apotheosis-1.20.1-7.4.6.jar%23185!/:7.4.6]
	at dev.shadowsoffire.apotheosis.adventure.loot.ShieldBreakerTest.test(ShieldBreakerTest.java:25) ~[%5B神化%5D%20Apotheosis-1.20.1-7.4.6.jar%23185!/:7.4.6]
	at dev.shadowsoffire.apotheosis.adventure.loot.LootCategory.isValid(LootCategory.java:89) ~[%5B神化%5D%20Apotheosis-1.20.1-7.4.6.jar%23185!/:7.4.6]
	at dev.shadowsoffire.apotheosis.adventure.loot.LootCategory.forItem(LootCategory.java:182) ~[%5B神化%5D%20Apotheosis-1.20.1-7.4.6.jar%23185!/:7.4.6]
	at dev.shadowsoffire.apotheosis.adventure.loot.AffixLootEntry.getType(AffixLootEntry.java:91) ~[%5B神化%5D%20Apotheosis-1.20.1-7.4.6.jar%23185!/:7.4.6]
	at dev.shadowsoffire.apotheosis.adventure.loot.AffixLootRegistry.validateItem(AffixLootRegistry.java:30) ~[%5B神化%5D%20Apotheosis-1.20.1-7.4.6.jar%23185!/:7.4.6]
	at dev.shadowsoffire.apotheosis.adventure.loot.AffixLootRegistry.validateItem(AffixLootRegistry.java:13) ~[%5B神化%5D%20Apotheosis-1.20.1-7.4.6.jar%23185!/:7.4.6]
	at dev.shadowsoffire.placebo.reload.DynamicRegistry.register(DynamicRegistry.java:322) ~[Placebo-1.20.1-8.6.3.jar%23203!/:8.6.3]
	at dev.shadowsoffire.placebo.reload.DynamicRegistry.lambda$apply$0(DynamicRegistry.java:143) ~[Placebo-1.20.1-8.6.3.jar%23203!/:8.6.3]
	at java.util.HashMap.forEach(HashMap.java:1429) ~[?:?]
	at dev.shadowsoffire.placebo.reload.DynamicRegistry.apply(DynamicRegistry.java:136) ~[Placebo-1.20.1-8.6.3.jar%23203!/:8.6.3]
	at dev.shadowsoffire.placebo.reload.DynamicRegistry.m_5787_(DynamicRegistry.java:62) ~[Placebo-1.20.1-8.6.3.jar%23203!/:8.6.3]
	at net.minecraft.server.packs.resources.SimplePreparableReloadListener.m_10789_(SimplePreparableReloadListener.java:13) ~[client-1.20.1-20230612.114412-srg.jar%23206!/:?]
	at java.util.concurrent.CompletableFuture$UniAccept.tryFire(CompletableFuture.java:718) ~[?:?]
	at java.util.concurrent.CompletableFuture$Completion.run(CompletableFuture.java:482) ~[?:?]
	at net.minecraft.server.packs.resources.SimpleReloadInstance.m_143940_(SimpleReloadInstance.java:69) ~[client-1.20.1-20230612.114412-srg.jar%23206!/:?]
	at net.minecraft.util.thread.BlockableEventLoop.m_6367_(BlockableEventLoop.java:156) ~[client-1.20.1-20230612.114412-srg.jar%23206!/:?]
	at net.minecraft.util.thread.ReentrantBlockableEventLoop.m_6367_(ReentrantBlockableEventLoop.java:23) ~[client-1.20.1-20230612.114412-srg.jar%23206!/:?]
	at net.minecraft.util.thread.BlockableEventLoop.m_7245_(BlockableEventLoop.java:130) ~[client-1.20.1-20230612.114412-srg.jar%23206!/:?]
	at net.minecraft.util.thread.BlockableEventLoop.m_18701_(BlockableEventLoop.java:139) ~[client-1.20.1-20230612.114412-srg.jar%23206!/:?]
	at net.minecraft.client.gui.screens.worldselection.WorldOpenFlows.m_246486_(WorldOpenFlows.java:163) ~[client-1.20.1-20230612.114412-srg.jar%23206!/:?]
	at net.minecraft.client.gui.screens.worldselection.WorldOpenFlows.m_233122_(WorldOpenFlows.java:113) ~[client-1.20.1-20230612.114412-srg.jar%23206!/:?]
	at net.minecraft.client.gui.screens.worldselection.WorldOpenFlows.doLoadLevel(WorldOpenFlows.java:181) ~[client-1.20.1-20230612.114412-srg.jar%23206!/:?]
	at net.minecraft.client.gui.screens.worldselection.WorldOpenFlows.m_233145_(WorldOpenFlows.java:169) ~[client-1.20.1-20230612.114412-srg.jar%23206!/:?]
	at net.minecraft.client.gui.screens.worldselection.WorldOpenFlows.m_233133_(WorldOpenFlows.java:65) ~[client-1.20.1-20230612.114412-srg.jar%23206!/:?]
	at net.minecraft.client.gui.screens.worldselection.WorldSelectionList$WorldListEntry.m_101744_(WorldSelectionList.java:575) ~[client-1.20.1-20230612.114412-srg.jar%23206!/:?]
	at net.minecraft.client.gui.screens.worldselection.WorldSelectionList$WorldListEntry.m_101704_(WorldSelectionList.java:474) ~[client-1.20.1-20230612.114412-srg.jar%23206!/:?]
	at net.minecraft.client.gui.screens.worldselection.WorldSelectionList$WorldListEntry.m_6375_(WorldSelectionList.java:413) ~[client-1.20.1-20230612.114412-srg.jar%23206!/:?]
	at net.minecraft.client.gui.components.AbstractSelectionList.m_6375_(AbstractSelectionList.java:298) ~[client-1.20.1-20230612.114412-srg.jar%23206!/:?]
	at net.minecraft.client.gui.components.events.ContainerEventHandler.m_6375_(ContainerEventHandler.java:38) ~[client-1.20.1-20230612.114412-srg.jar%23206!/:?]
	at net.minecraft.client.MouseHandler.m_168084_(MouseHandler.java:92) ~[client-1.20.1-20230612.114412-srg.jar%23206!/:?]
	at net.minecraft.client.gui.screens.Screen.m_96579_(Screen.java:437) ~[client-1.20.1-20230612.114412-srg.jar%23206!/:?]
	at net.minecraft.client.MouseHandler.m_91530_(MouseHandler.java:89) ~[client-1.20.1-20230612.114412-srg.jar%23206!/:?]
	at net.minecraft.client.MouseHandler.m_168091_(MouseHandler.java:189) ~[client-1.20.1-20230612.114412-srg.jar%23206!/:?]
	at net.minecraft.util.thread.BlockableEventLoop.execute(BlockableEventLoop.java:102) ~[client-1.20.1-20230612.114412-srg.jar%23206!/:?]
	at net.minecraft.client.MouseHandler.m_91565_(MouseHandler.java:188) ~[client-1.20.1-20230612.114412-srg.jar%23206!/:?]
	at org.lwjgl.glfw.GLFWMouseButtonCallbackI.callback(GLFWMouseButtonCallbackI.java:43) ~[lwjgl-glfw-3.3.1.jar%23120!/:build 7]
	at org.lwjgl.system.JNI.invokeV(Native Method) ~[lwjgl-3.3.1.jar%23132!/:build 7]
	at org.lwjgl.glfw.GLFW.glfwWaitEventsTimeout(GLFW.java:3474) ~[lwjgl-glfw-3.3.1.jar%23120!/:build 7]
	at com.mojang.blaze3d.systems.RenderSystem.limitDisplayFPS(RenderSystem.java:237) ~[client-1.20.1-20230612.114412-srg.jar%23206!/:?]
	at net.minecraft.client.Minecraft.m_91383_(Minecraft.java:1173) ~[client-1.20.1-20230612.114412-srg.jar%23206!/:?]
	at net.minecraft.client.Minecraft.m_91374_(Minecraft.java:718) ~[client-1.20.1-20230612.114412-srg.jar%23206!/:?]
	at net.minecraft.client.main.Main.main(Main.java:218) ~[%e6%a4%8d%e7%89%a9%e7%a7%91%e6%8a%80.jar:?]
	at jdk.internal.reflect.DirectMethodHandleAccessor.invoke(DirectMethodHandleAccessor.java:103) ~[?:?]
	at java.lang.reflect.Method.invoke(Method.java:580) ~[?:?]
	at net.minecraftforge.fml.loading.targets.CommonLaunchHandler.runTarget(CommonLaunchHandler.java:111) ~[fmlloader-1.20.1-47.4.21.jar:?]
	at net.minecraftforge.fml.loading.targets.CommonLaunchHandler.clientService(CommonLaunchHandler.java:99) ~[fmlloader-1.20.1-47.4.21.jar:?]
	at net.minecraftforge.fml.loading.targets.CommonClientLaunchHandler.lambda$makeService$0(CommonClientLaunchHandler.java:25) ~[fmlloader-1.20.1-47.4.21.jar:?]
	at cpw.mods.modlauncher.LaunchServiceHandlerDecorator.launch(LaunchServiceHandlerDecorator.java:30) ~[modlauncher-10.0.9.jar:?]
	at cpw.mods.modlauncher.LaunchServiceHandler.launch(LaunchServiceHandler.java:53) ~[modlauncher-10.0.9.jar:?]
	at cpw.mods.modlauncher.LaunchServiceHandler.launch(LaunchServiceHandler.java:71) ~[modlauncher-10.0.9.jar:?]
	at cpw.mods.modlauncher.Launcher.run(Launcher.java:108) ~[modlauncher-10.0.9.jar:?]
	at cpw.mods.modlauncher.Launcher.main(Launcher.java:78) ~[modlauncher-10.0.9.jar:?]
	at cpw.mods.modlauncher.BootstrapLaunchConsumer.accept(BootstrapLaunchConsumer.java:26) ~[modlauncher-10.0.9.jar:?]
	at cpw.mods.modlauncher.BootstrapLaunchConsumer.accept(BootstrapLaunchConsumer.java:23) ~[modlauncher-10.0.9.jar:?]
	at cpw.mods.bootstraplauncher.BootstrapLauncher.main(BootstrapLauncher.java:141) ~[bootstraplauncher-1.1.2.jar:?]
[228月2026 22:28:25.093] [Render thread/ERROR] [Apotheosis : Adventure/]: Failed to execute ShieldBreakerTest
java.lang.NullPointerException: Cannot invoke "net.minecraft.world.entity.LivingEntity.m_213824_()" because "attacker" is null
	at net.minecraftforge.common.extensions.IForgeItem.canDisableShield(IForgeItem.java:695) ~[forge-1.20.1-47.4.21-universal.jar%23211!/:?]
	at net.minecraftforge.common.extensions.IForgeItemStack.canDisableShield(IForgeItemStack.java:233) ~[forge-1.20.1-47.4.21-universal.jar%23211!/:?]
	at dev.shadowsoffire.apotheosis.adventure.loot.ShieldBreakerTest.test(ShieldBreakerTest.java:48) ~[%5B神化%5D%20Apotheosis-1.20.1-7.4.6.jar%23185!/:7.4.6]
	at dev.shadowsoffire.apotheosis.adventure.loot.ShieldBreakerTest.test(ShieldBreakerTest.java:25) ~[%5B神化%5D%20Apotheosis-1.20.1-7.4.6.jar%23185!/:7.4.6]
	at dev.shadowsoffire.apotheosis.adventure.loot.LootCategory.isValid(LootCategory.java:89) ~[%5B神化%5D%20Apotheosis-1.20.1-7.4.6.jar%23185!/:7.4.6]
	at dev.shadowsoffire.apotheosis.adventure.loot.LootCategory.forItem(LootCategory.java:182) ~[%5B神化%5D%20Apotheosis-1.20.1-7.4.6.jar%23185!/:7.4.6]
	at dev.shadowsoffire.apotheosis.adventure.loot.AffixLootEntry.getType(AffixLootEntry.java:91) ~[%5B神化%5D%20Apotheosis-1.20.1-7.4.6.jar%23185!/:7.4.6]
	at dev.shadowsoffire.apotheosis.adventure.loot.AffixLootRegistry.validateItem(AffixLootRegistry.java:30) ~[%5B神化%5D%20Apotheosis-1.20.1-7.4.6.jar%23185!/:7.4.6]
	at dev.shadowsoffire.apotheosis.adventure.loot.AffixLootRegistry.validateItem(AffixLootRegistry.java:13) ~[%5B神化%5D%20Apotheosis-1.20.1-7.4.6.jar%23185!/:7.4.6]
	at dev.shadowsoffire.placebo.reload.DynamicRegistry.register(DynamicRegistry.java:322) ~[Placebo-1.20.1-8.6.3.jar%23203!/:8.6.3]
	at dev.shadowsoffire.placebo.reload.DynamicRegistry.lambda$apply$0(DynamicRegistry.java:143) ~[Placebo-1.20.1-8.6.3.jar%23203!/:8.6.3]
	at java.util.HashMap.forEach(HashMap.java:1429) ~[?:?]
	at dev.shadowsoffire.placebo.reload.DynamicRegistry.apply(DynamicRegistry.java:136) ~[Placebo-1.20.1-8.6.3.jar%23203!/:8.6.3]
	at dev.shadowsoffire.placebo.reload.DynamicRegistry.m_5787_(DynamicRegistry.java:62) ~[Placebo-1.20.1-8.6.3.jar%23203!/:8.6.3]
	at net.minecraft.server.packs.resources.SimplePreparableReloadListener.m_10789_(SimplePreparableReloadListener.java:13) ~[client-1.20.1-20230612.114412-srg.jar%23206!/:?]
	at java.util.concurrent.CompletableFuture$UniAccept.tryFire(CompletableFuture.java:718) ~[?:?]
	at java.util.concurrent.CompletableFuture$Completion.run(CompletableFuture.java:482) ~[?:?]
	at net.minecraft.server.packs.resources.SimpleReloadInstance.m_143940_(SimpleReloadInstance.java:69) ~[client-1.20.1-20230612.114412-srg.jar%23206!/:?]
	at net.minecraft.util.thread.BlockableEventLoop.m_6367_(BlockableEventLoop.java:156) ~[client-1.20.1-20230612.114412-srg.jar%23206!/:?]
	at net.minecraft.util.thread.ReentrantBlockableEventLoop.m_6367_(ReentrantBlockableEventLoop.java:23) ~[client-1.20.1-20230612.114412-srg.jar%23206!/:?]
	at net.minecraft.util.thread.BlockableEventLoop.m_7245_(BlockableEventLoop.java:130) ~[client-1.20.1-20230612.114412-srg.jar%23206!/:?]
	at net.minecraft.util.thread.BlockableEventLoop.m_18701_(BlockableEventLoop.java:139) ~[client-1.20.1-20230612.114412-srg.jar%23206!/:?]
	at net.minecraft.client.gui.screens.worldselection.WorldOpenFlows.m_246486_(WorldOpenFlows.java:163) ~[client-1.20.1-20230612.114412-srg.jar%23206!/:?]
	at net.minecraft.client.gui.screens.worldselection.WorldOpenFlows.m_233122_(WorldOpenFlows.java:113) ~[client-1.20.1-20230612.114412-srg.jar%23206!/:?]
	at net.minecraft.client.gui.screens.worldselection.WorldOpenFlows.doLoadLevel(WorldOpenFlows.java:181) ~[client-1.20.1-20230612.114412-srg.jar%23206!/:?]
	at net.minecraft.client.gui.screens.worldselection.WorldOpenFlows.m_233145_(WorldOpenFlows.java:169) ~[client-1.20.1-20230612.114412-srg.jar%23206!/:?]
	at net.minecraft.client.gui.screens.worldselection.WorldOpenFlows.m_233133_(WorldOpenFlows.java:65) ~[client-1.20.1-20230612.114412-srg.jar%23206!/:?]
	at net.minecraft.client.gui.screens.worldselection.WorldSelectionList$WorldListEntry.m_101744_(WorldSelectionList.java:575) ~[client-1.20.1-20230612.114412-srg.jar%23206!/:?]
	at net.minecraft.client.gui.screens.worldselection.WorldSelectionList$WorldListEntry.m_101704_(WorldSelectionList.java:474) ~[client-1.20.1-20230612.114412-srg.jar%23206!/:?]
	at net.minecraft.client.gui.screens.worldselection.WorldSelectionList$WorldListEntry.m_6375_(WorldSelectionList.java:413) ~[client-1.20.1-20230612.114412-srg.jar%23206!/:?]
	at net.minecraft.client.gui.components.AbstractSelectionList.m_6375_(AbstractSelectionList.java:298) ~[client-1.20.1-20230612.114412-srg.jar%23206!/:?]
	at net.minecraft.client.gui.components.events.ContainerEventHandler.m_6375_(ContainerEventHandler.java:38) ~[client-1.20.1-20230612.114412-srg.jar%23206!/:?]
	at net.minecraft.client.MouseHandler.m_168084_(MouseHandler.java:92) ~[client-1.20.1-20230612.114412-srg.jar%23206!/:?]
	at net.minecraft.client.gui.screens.Screen.m_96579_(Screen.java:437) ~[client-1.20.1-20230612.114412-srg.jar%23206!/:?]
	at net.minecraft.client.MouseHandler.m_91530_(MouseHandler.java:89) ~[client-1.20.1-20230612.114412-srg.jar%23206!/:?]
	at net.minecraft.client.MouseHandler.m_168091_(MouseHandler.java:189) ~[client-1.20.1-20230612.114412-srg.jar%23206!/:?]
	at net.minecraft.util.thread.BlockableEventLoop.execute(BlockableEventLoop.java:102) ~[client-1.20.1-20230612.114412-srg.jar%23206!/:?]
	at net.minecraft.client.MouseHandler.m_91565_(MouseHandler.java:188) ~[client-1.20.1-20230612.114412-srg.jar%23206!/:?]
	at org.lwjgl.glfw.GLFWMouseButtonCallbackI.callback(GLFWMouseButtonCallbackI.java:43) ~[lwjgl-glfw-3.3.1.jar%23120!/:build 7]
	at org.lwjgl.system.JNI.invokeV(Native Method) ~[lwjgl-3.3.1.jar%23132!/:build 7]
	at org.lwjgl.glfw.GLFW.glfwWaitEventsTimeout(GLFW.java:3474) ~[lwjgl-glfw-3.3.1.jar%23120!/:build 7]
	at com.mojang.blaze3d.systems.RenderSystem.limitDisplayFPS(RenderSystem.java:237) ~[client-1.20.1-20230612.114412-srg.jar%23206!/:?]
	at net.minecraft.client.Minecraft.m_91383_(Minecraft.java:1173) ~[client-1.20.1-20230612.114412-srg.jar%23206!/:?]
	at net.minecraft.client.Minecraft.m_91374_(Minecraft.java:718) ~[client-1.20.1-20230612.114412-srg.jar%23206!/:?]
	at net.minecraft.client.main.Main.main(Main.java:218) ~[%e6%a4%8d%e7%89%a9%e7%a7%91%e6%8a%80.jar:?]
	at jdk.internal.reflect.DirectMethodHandleAccessor.invoke(DirectMethodHandleAccessor.java:103) ~[?:?]
	at java.lang.reflect.Method.invoke(Method.java:580) ~[?:?]
	at net.minecraftforge.fml.loading.targets.CommonLaunchHandler.runTarget(CommonLaunchHandler.java:111) ~[fmlloader-1.20.1-47.4.21.jar:?]
	at net.minecraftforge.fml.loading.targets.CommonLaunchHandler.clientService(CommonLaunchHandler.java:99) ~[fmlloader-1.20.1-47.4.21.jar:?]
	at net.minecraftforge.fml.loading.targets.CommonClientLaunchHandler.lambda$makeService$0(CommonClientLaunchHandler.java:25) ~[fmlloader-1.20.1-47.4.21.jar:?]
	at cpw.mods.modlauncher.LaunchServiceHandlerDecorator.launch(LaunchServiceHandlerDecorator.java:30) ~[modlauncher-10.0.9.jar:?]
	at cpw.mods.modlauncher.LaunchServiceHandler.launch(LaunchServiceHandler.java:53) ~[modlauncher-10.0.9.jar:?]
	at cpw.mods.modlauncher.LaunchServiceHandler.launch(LaunchServiceHandler.java:71) ~[modlauncher-10.0.9.jar:?]
	at cpw.mods.modlauncher.Launcher.run(Launcher.java:108) ~[modlauncher-10.0.9.jar:?]
	at cpw.mods.modlauncher.Launcher.main(Launcher.java:78) ~[modlauncher-10.0.9.jar:?]
	at cpw.mods.modlauncher.BootstrapLaunchConsumer.accept(BootstrapLaunchConsumer.java:26) ~[modlauncher-10.0.9.jar:?]
	at cpw.mods.modlauncher.BootstrapLaunchConsumer.accept(BootstrapLaunchConsumer.java:23) ~[modlauncher-10.0.9.jar:?]
	at cpw.mods.bootstraplauncher.BootstrapLauncher.main(BootstrapLauncher.java:141) ~[bootstraplauncher-1.1.2.jar:?]
[228月2026 22:28:25.094] [Render thread/ERROR] [Apotheosis : Adventure/]: Failed to execute ShieldBreakerTest
java.lang.NullPointerException: Cannot invoke "net.minecraft.world.entity.LivingEntity.m_213824_()" because "attacker" is null
	at net.minecraftforge.common.extensions.IForgeItem.canDisableShield(IForgeItem.java:695) ~[forge-1.20.1-47.4.21-universal.jar%23211!/:?]
	at net.minecraftforge.common.extensions.IForgeItemStack.canDisableShield(IForgeItemStack.java:233) ~[forge-1.20.1-47.4.21-universal.jar%23211!/:?]
	at dev.shadowsoffire.apotheosis.adventure.loot.ShieldBreakerTest.test(ShieldBreakerTest.java:48) ~[%5B神化%5D%20Apotheosis-1.20.1-7.4.6.jar%23185!/:7.4.6]
	at dev.shadowsoffire.apotheosis.adventure.loot.ShieldBreakerTest.test(ShieldBreakerTest.java:25) ~[%5B神化%5D%20Apotheosis-1.20.1-7.4.6.jar%23185!/:7.4.6]
	at dev.shadowsoffire.apotheosis.adventure.loot.LootCategory.isValid(LootCategory.java:89) ~[%5B神化%5D%20Apotheosis-1.20.1-7.4.6.jar%23185!/:7.4.6]
	at dev.shadowsoffire.apotheosis.adventure.loot.LootCategory.forItem(LootCategory.java:182) ~[%5B神化%5D%20Apotheosis-1.20.1-7.4.6.jar%23185!/:7.4.6]
	at dev.shadowsoffire.apotheosis.adventure.loot.AffixLootEntry.getType(AffixLootEntry.java:91) ~[%5B神化%5D%20Apotheosis-1.20.1-7.4.6.jar%23185!/:7.4.6]
	at dev.shadowsoffire.apotheosis.adventure.loot.AffixLootRegistry.validateItem(AffixLootRegistry.java:30) ~[%5B神化%5D%20Apotheosis-1.20.1-7.4.6.jar%23185!/:7.4.6]
	at dev.shadowsoffire.apotheosis.adventure.loot.AffixLootRegistry.validateItem(AffixLootRegistry.java:13) ~[%5B神化%5D%20Apotheosis-1.20.1-7.4.6.jar%23185!/:7.4.6]
	at dev.shadowsoffire.placebo.reload.DynamicRegistry.register(DynamicRegistry.java:322) ~[Placebo-1.20.1-8.6.3.jar%23203!/:8.6.3]
	at dev.shadowsoffire.placebo.reload.DynamicRegistry.lambda$apply$0(DynamicRegistry.java:143) ~[Placebo-1.20.1-8.6.3.jar%23203!/:8.6.3]
	at java.util.HashMap.forEach(HashMap.java:1429) ~[?:?]
	at dev.shadowsoffire.placebo.reload.DynamicRegistry.apply(DynamicRegistry.java:136) ~[Placebo-1.20.1-8.6.3.jar%23203!/:8.6.3]
	at dev.shadowsoffire.placebo.reload.DynamicRegistry.m_5787_(DynamicRegistry.java:62) ~[Placebo-1.20.1-8.6.3.jar%23203!/:8.6.3]
	at net.minecraft.server.packs.resources.SimplePreparableReloadListener.m_10789_(SimplePreparableReloadListener.java:13) ~[client-1.20.1-20230612.114412-srg.jar%23206!/:?]
	at java.util.concurrent.CompletableFuture$UniAccept.tryFire(CompletableFuture.java:718) ~[?:?]
	at java.util.concurrent.CompletableFuture$Completion.run(CompletableFuture.java:482) ~[?:?]
	at net.minecraft.server.packs.resources.SimpleReloadInstance.m_143940_(SimpleReloadInstance.java:69) ~[client-1.20.1-20230612.114412-srg.jar%23206!/:?]
	at net.minecraft.util.thread.BlockableEventLoop.m_6367_(BlockableEventLoop.java:156) ~[client-1.20.1-20230612.114412-srg.jar%23206!/:?]
	at net.minecraft.util.thread.ReentrantBlockableEventLoop.m_6367_(ReentrantBlockableEventLoop.java:23) ~[client-1.20.1-20230612.114412-srg.jar%23206!/:?]
	at net.minecraft.util.thread.BlockableEventLoop.m_7245_(BlockableEventLoop.java:130) ~[client-1.20.1-20230612.114412-srg.jar%23206!/:?]
	at net.minecraft.util.thread.BlockableEventLoop.m_18701_(BlockableEventLoop.java:139) ~[client-1.20.1-20230612.114412-srg.jar%23206!/:?]
	at net.minecraft.client.gui.screens.worldselection.WorldOpenFlows.m_246486_(WorldOpenFlows.java:163) ~[client-1.20.1-20230612.114412-srg.jar%23206!/:?]
	at net.minecraft.client.gui.screens.worldselection.WorldOpenFlows.m_233122_(WorldOpenFlows.java:113) ~[client-1.20.1-20230612.114412-srg.jar%23206!/:?]
	at net.minecraft.client.gui.screens.worldselection.WorldOpenFlows.doLoadLevel(WorldOpenFlows.java:181) ~[client-1.20.1-20230612.114412-srg.jar%23206!/:?]
	at net.minecraft.client.gui.screens.worldselection.WorldOpenFlows.m_233145_(WorldOpenFlows.java:169) ~[client-1.20.1-20230612.114412-srg.jar%23206!/:?]
	at net.minecraft.client.gui.screens.worldselection.WorldOpenFlows.m_233133_(WorldOpenFlows.java:65) ~[client-1.20.1-20230612.114412-srg.jar%23206!/:?]
	at net.minecraft.client.gui.screens.worldselection.WorldSelectionList$WorldListEntry.m_101744_(WorldSelectionList.java:575) ~[client-1.20.1-20230612.114412-srg.jar%23206!/:?]
	at net.minecraft.client.gui.screens.worldselection.WorldSelectionList$WorldListEntry.m_101704_(WorldSelectionList.java:474) ~[client-1.20.1-20230612.114412-srg.jar%23206!/:?]
	at net.minecraft.client.gui.screens.worldselection.WorldSelectionList$WorldListEntry.m_6375_(WorldSelectionList.java:413) ~[client-1.20.1-20230612.114412-srg.jar%23206!/:?]
	at net.minecraft.client.gui.components.AbstractSelectionList.m_6375_(AbstractSelectionList.java:298) ~[client-1.20.1-20230612.114412-srg.jar%23206!/:?]
	at net.minecraft.client.gui.components.events.ContainerEventHandler.m_6375_(ContainerEventHandler.java:38) ~[client-1.20.1-20230612.114412-srg.jar%23206!/:?]
	at net.minecraft.client.MouseHandler.m_168084_(MouseHandler.java:92) ~[client-1.20.1-20230612.114412-srg.jar%23206!/:?]
	at net.minecraft.client.gui.screens.Screen.m_96579_(Screen.java:437) ~[client-1.20.1-20230612.114412-srg.jar%23206!/:?]
	at net.minecraft.client.MouseHandler.m_91530_(MouseHandler.java:89) ~[client-1.20.1-20230612.114412-srg.jar%23206!/:?]
	at net.minecraft.client.MouseHandler.m_168091_(MouseHandler.java:189) ~[client-1.20.1-20230612.114412-srg.jar%23206!/:?]
	at net.minecraft.util.thread.BlockableEventLoop.execute(BlockableEventLoop.java:102) ~[client-1.20.1-20230612.114412-srg.jar%23206!/:?]
	at net.minecraft.client.MouseHandler.m_91565_(MouseHandler.java:188) ~[client-1.20.1-20230612.114412-srg.jar%23206!/:?]
	at org.lwjgl.glfw.GLFWMouseButtonCallbackI.callback(GLFWMouseButtonCallbackI.java:43) ~[lwjgl-glfw-3.3.1.jar%23120!/:build 7]
	at org.lwjgl.system.JNI.invokeV(Native Method) ~[lwjgl-3.3.1.jar%23132!/:build 7]
	at org.lwjgl.glfw.GLFW.glfwWaitEventsTimeout(GLFW.java:3474) ~[lwjgl-glfw-3.3.1.jar%23120!/:build 7]
	at com.mojang.blaze3d.systems.RenderSystem.limitDisplayFPS(RenderSystem.java:237) ~[client-1.20.1-20230612.114412-srg.jar%23206!/:?]
	at net.minecraft.client.Minecraft.m_91383_(Minecraft.java:1173) ~[client-1.20.1-20230612.114412-srg.jar%23206!/:?]
	at net.minecraft.client.Minecraft.m_91374_(Minecraft.java:718) ~[client-1.20.1-20230612.114412-srg.jar%23206!/:?]
	at net.minecraft.client.main.Main.main(Main.java:218) ~[%e6%a4%8d%e7%89%a9%e7%a7%91%e6%8a%80.jar:?]
	at jdk.internal.reflect.DirectMethodHandleAccessor.invoke(DirectMethodHandleAccessor.java:103) ~[?:?]
	at java.lang.reflect.Method.invoke(Method.java:580) ~[?:?]
	at net.minecraftforge.fml.loading.targets.CommonLaunchHandler.runTarget(CommonLaunchHandler.java:111) ~[fmlloader-1.20.1-47.4.21.jar:?]
	at net.minecraftforge.fml.loading.targets.CommonLaunchHandler.clientService(CommonLaunchHandler.java:99) ~[fmlloader-1.20.1-47.4.21.jar:?]
	at net.minecraftforge.fml.loading.targets.CommonClientLaunchHandler.lambda$makeService$0(CommonClientLaunchHandler.java:25) ~[fmlloader-1.20.1-47.4.21.jar:?]
	at cpw.mods.modlauncher.LaunchServiceHandlerDecorator.launch(LaunchServiceHandlerDecorator.java:30) ~[modlauncher-10.0.9.jar:?]
	at cpw.mods.modlauncher.LaunchServiceHandler.launch(LaunchServiceHandler.java:53) ~[modlauncher-10.0.9.jar:?]
	at cpw.mods.modlauncher.LaunchServiceHandler.launch(LaunchServiceHandler.java:71) ~[modlauncher-10.0.9.jar:?]
	at cpw.mods.modlauncher.Launcher.run(Launcher.java:108) ~[modlauncher-10.0.9.jar:?]
	at cpw.mods.modlauncher.Launcher.main(Launcher.java:78) ~[modlauncher-10.0.9.jar:?]
	at cpw.mods.modlauncher.BootstrapLaunchConsumer.accept(BootstrapLaunchConsumer.java:26) ~[modlauncher-10.0.9.jar:?]
	at cpw.mods.modlauncher.BootstrapLaunchConsumer.accept(BootstrapLaunchConsumer.java:23) ~[modlauncher-10.0.9.jar:?]
	at cpw.mods.bootstraplauncher.BootstrapLauncher.main(BootstrapLauncher.java:141) ~[bootstraplauncher-1.1.2.jar:?]
[228月2026 22:28:25.096] [Render thread/ERROR] [Apotheosis : Adventure/]: Failed to execute ShieldBreakerTest
java.lang.NullPointerException: Cannot invoke "net.minecraft.world.entity.LivingEntity.m_213824_()" because "attacker" is null
	at net.minecraftforge.common.extensions.IForgeItem.canDisableShield(IForgeItem.java:695) ~[forge-1.20.1-47.4.21-universal.jar%23211!/:?]
	at net.minecraftforge.common.extensions.IForgeItemStack.canDisableShield(IForgeItemStack.java:233) ~[forge-1.20.1-47.4.21-universal.jar%23211!/:?]
	at dev.shadowsoffire.apotheosis.adventure.loot.ShieldBreakerTest.test(ShieldBreakerTest.java:48) ~[%5B神化%5D%20Apotheosis-1.20.1-7.4.6.jar%23185!/:7.4.6]
	at dev.shadowsoffire.apotheosis.adventure.loot.ShieldBreakerTest.test(ShieldBreakerTest.java:25) ~[%5B神化%5D%20Apotheosis-1.20.1-7.4.6.jar%23185!/:7.4.6]
	at dev.shadowsoffire.apotheosis.adventure.loot.LootCategory.isValid(LootCategory.java:89) ~[%5B神化%5D%20Apotheosis-1.20.1-7.4.6.jar%23185!/:7.4.6]
	at dev.shadowsoffire.apotheosis.adventure.loot.LootCategory.forItem(LootCategory.java:182) ~[%5B神化%5D%20Apotheosis-1.20.1-7.4.6.jar%23185!/:7.4.6]
	at dev.shadowsoffire.apotheosis.adventure.loot.AffixLootEntry.getType(AffixLootEntry.java:91) ~[%5B神化%5D%20Apotheosis-1.20.1-7.4.6.jar%23185!/:7.4.6]
	at dev.shadowsoffire.apotheosis.adventure.loot.AffixLootRegistry.validateItem(AffixLootRegistry.java:30) ~[%5B神化%5D%20Apotheosis-1.20.1-7.4.6.jar%23185!/:7.4.6]
	at dev.shadowsoffire.apotheosis.adventure.loot.AffixLootRegistry.validateItem(AffixLootRegistry.java:13) ~[%5B神化%5D%20Apotheosis-1.20.1-7.4.6.jar%23185!/:7.4.6]
	at dev.shadowsoffire.placebo.reload.DynamicRegistry.register(DynamicRegistry.java:322) ~[Placebo-1.20.1-8.6.3.jar%23203!/:8.6.3]
	at dev.shadowsoffire.placebo.reload.DynamicRegistry.lambda$apply$0(DynamicRegistry.java:143) ~[Placebo-1.20.1-8.6.3.jar%23203!/:8.6.3]
	at java.util.HashMap.forEach(HashMap.java:1429) ~[?:?]
	at dev.shadowsoffire.placebo.reload.DynamicRegistry.apply(DynamicRegistry.java:136) ~[Placebo-1.20.1-8.6.3.jar%23203!/:8.6.3]
	at dev.shadowsoffire.placebo.reload.DynamicRegistry.m_5787_(DynamicRegistry.java:62) ~[Placebo-1.20.1-8.6.3.jar%23203!/:8.6.3]
	at net.minecraft.server.packs.resources.SimplePreparableReloadListener.m_10789_(SimplePreparableReloadListener.java:13) ~[client-1.20.1-20230612.114412-srg.jar%23206!/:?]
	at java.util.concurrent.CompletableFuture$UniAccept.tryFire(CompletableFuture.java:718) ~[?:?]
	at java.util.concurrent.CompletableFuture$Completion.run(CompletableFuture.java:482) ~[?:?]
	at net.minecraft.server.packs.resources.SimpleReloadInstance.m_143940_(SimpleReloadInstance.java:69) ~[client-1.20.1-20230612.114412-srg.jar%23206!/:?]
	at net.minecraft.util.thread.BlockableEventLoop.m_6367_(BlockableEventLoop.java:156) ~[client-1.20.1-20230612.114412-srg.jar%23206!/:?]
	at net.minecraft.util.thread.ReentrantBlockableEventLoop.m_6367_(ReentrantBlockableEventLoop.java:23) ~[client-1.20.1-20230612.114412-srg.jar%23206!/:?]
	at net.minecraft.util.thread.BlockableEventLoop.m_7245_(BlockableEventLoop.java:130) ~[client-1.20.1-20230612.114412-srg.jar%23206!/:?]
	at net.minecraft.util.thread.BlockableEventLoop.m_18701_(BlockableEventLoop.java:139) ~[client-1.20.1-20230612.114412-srg.jar%23206!/:?]
	at net.minecraft.client.gui.screens.worldselection.WorldOpenFlows.m_246486_(WorldOpenFlows.java:163) ~[client-1.20.1-20230612.114412-srg.jar%23206!/:?]
	at net.minecraft.client.gui.screens.worldselection.WorldOpenFlows.m_233122_(WorldOpenFlows.java:113) ~[client-1.20.1-20230612.114412-srg.jar%23206!/:?]
	at net.minecraft.client.gui.screens.worldselection.WorldOpenFlows.doLoadLevel(WorldOpenFlows.java:181) ~[client-1.20.1-20230612.114412-srg.jar%23206!/:?]
	at net.minecraft.client.gui.screens.worldselection.WorldOpenFlows.m_233145_(WorldOpenFlows.java:169) ~[client-1.20.1-20230612.114412-srg.jar%23206!/:?]
	at net.minecraft.client.gui.screens.worldselection.WorldOpenFlows.m_233133_(WorldOpenFlows.java:65) ~[client-1.20.1-20230612.114412-srg.jar%23206!/:?]
	at net.minecraft.client.gui.screens.worldselection.WorldSelectionList$WorldListEntry.m_101744_(WorldSelectionList.java:575) ~[client-1.20.1-20230612.114412-srg.jar%23206!/:?]
	at net.minecraft.client.gui.screens.worldselection.WorldSelectionList$WorldListEntry.m_101704_(WorldSelectionList.java:474) ~[client-1.20.1-20230612.114412-srg.jar%23206!/:?]
	at net.minecraft.client.gui.screens.worldselection.WorldSelectionList$WorldListEntry.m_6375_(WorldSelectionList.java:413) ~[client-1.20.1-20230612.114412-srg.jar%23206!/:?]
	at net.minecraft.client.gui.components.AbstractSelectionList.m_6375_(AbstractSelectionList.java:298) ~[client-1.20.1-20230612.114412-srg.jar%23206!/:?]
	at net.minecraft.client.gui.components.events.ContainerEventHandler.m_6375_(ContainerEventHandler.java:38) ~[client-1.20.1-20230612.114412-srg.jar%23206!/:?]
	at net.minecraft.client.MouseHandler.m_168084_(MouseHandler.java:92) ~[client-1.20.1-20230612.114412-srg.jar%23206!/:?]
	at net.minecraft.client.gui.screens.Screen.m_96579_(Screen.java:437) ~[client-1.20.1-20230612.114412-srg.jar%23206!/:?]
	at net.minecraft.client.MouseHandler.m_91530_(MouseHandler.java:89) ~[client-1.20.1-20230612.114412-srg.jar%23206!/:?]
	at net.minecraft.client.MouseHandler.m_168091_(MouseHandler.java:189) ~[client-1.20.1-20230612.114412-srg.jar%23206!/:?]
	at net.minecraft.util.thread.BlockableEventLoop.execute(BlockableEventLoop.java:102) ~[client-1.20.1-20230612.114412-srg.jar%23206!/:?]
	at net.minecraft.client.MouseHandler.m_91565_(MouseHandler.java:188) ~[client-1.20.1-20230612.114412-srg.jar%23206!/:?]
	at org.lwjgl.glfw.GLFWMouseButtonCallbackI.callback(GLFWMouseButtonCallbackI.java:43) ~[lwjgl-glfw-3.3.1.jar%23120!/:build 7]
	at org.lwjgl.system.JNI.invokeV(Native Method) ~[lwjgl-3.3.1.jar%23132!/:build 7]
	at org.lwjgl.glfw.GLFW.glfwWaitEventsTimeout(GLFW.java:3474) ~[lwjgl-glfw-3.3.1.jar%23120!/:build 7]
	at com.mojang.blaze3d.systems.RenderSystem.limitDisplayFPS(RenderSystem.java:237) ~[client-1.20.1-20230612.114412-srg.jar%23206!/:?]
	at net.minecraft.client.Minecraft.m_91383_(Minecraft.java:1173) ~[client-1.20.1-20230612.114412-srg.jar%23206!/:?]
	at net.minecraft.client.Minecraft.m_91374_(Minecraft.java:718) ~[client-1.20.1-20230612.114412-srg.jar%23206!/:?]
	at net.minecraft.client.main.Main.main(Main.java:218) ~[%e6%a4%8d%e7%89%a9%e7%a7%91%e6%8a%80.jar:?]
	at jdk.internal.reflect.DirectMethodHandleAccessor.invoke(DirectMethodHandleAccessor.java:103) ~[?:?]
	at java.lang.reflect.Method.invoke(Method.java:580) ~[?:?]
	at net.minecraftforge.fml.loading.targets.CommonLaunchHandler.runTarget(CommonLaunchHandler.java:111) ~[fmlloader-1.20.1-47.4.21.jar:?]
	at net.minecraftforge.fml.loading.targets.CommonLaunchHandler.clientService(CommonLaunchHandler.java:99) ~[fmlloader-1.20.1-47.4.21.jar:?]
	at net.minecraftforge.fml.loading.targets.CommonClientLaunchHandler.lambda$makeService$0(CommonClientLaunchHandler.java:25) ~[fmlloader-1.20.1-47.4.21.jar:?]
	at cpw.mods.modlauncher.LaunchServiceHandlerDecorator.launch(LaunchServiceHandlerDecorator.java:30) ~[modlauncher-10.0.9.jar:?]
	at cpw.mods.modlauncher.LaunchServiceHandler.launch(LaunchServiceHandler.java:53) ~[modlauncher-10.0.9.jar:?]
	at cpw.mods.modlauncher.LaunchServiceHandler.launch(LaunchServiceHandler.java:71) ~[modlauncher-10.0.9.jar:?]
	at cpw.mods.modlauncher.Launcher.run(Launcher.java:108) ~[modlauncher-10.0.9.jar:?]
	at cpw.mods.modlauncher.Launcher.main(Launcher.java:78) ~[modlauncher-10.0.9.jar:?]
	at cpw.mods.modlauncher.BootstrapLaunchConsumer.accept(BootstrapLaunchConsumer.java:26) ~[modlauncher-10.0.9.jar:?]
	at cpw.mods.modlauncher.BootstrapLaunchConsumer.accept(BootstrapLaunchConsumer.java:23) ~[modlauncher-10.0.9.jar:?]
	at cpw.mods.bootstraplauncher.BootstrapLauncher.main(BootstrapLauncher.java:141) ~[bootstraplauncher-1.1.2.jar:?]
[228月2026 22:28:25.098] [Render thread/ERROR] [Apotheosis : Adventure/]: Failed to execute ShieldBreakerTest
java.lang.NullPointerException: Cannot invoke "net.minecraft.world.entity.LivingEntity.m_213824_()" because "attacker" is null
	at net.minecraftforge.common.extensions.IForgeItem.canDisableShield(IForgeItem.java:695) ~[forge-1.20.1-47.4.21-universal.jar%23211!/:?]
	at net.minecraftforge.common.extensions.IForgeItemStack.canDisableShield(IForgeItemStack.java:233) ~[forge-1.20.1-47.4.21-universal.jar%23211!/:?]
	at dev.shadowsoffire.apotheosis.adventure.loot.ShieldBreakerTest.test(ShieldBreakerTest.java:48) ~[%5B神化%5D%20Apotheosis-1.20.1-7.4.6.jar%23185!/:7.4.6]
	at dev.shadowsoffire.apotheosis.adventure.loot.ShieldBreakerTest.test(ShieldBreakerTest.java:25) ~[%5B神化%5D%20Apotheosis-1.20.1-7.4.6.jar%23185!/:7.4.6]
	at dev.shadowsoffire.apotheosis.adventure.loot.LootCategory.isValid(LootCategory.java:89) ~[%5B神化%5D%20Apotheosis-1.20.1-7.4.6.jar%23185!/:7.4.6]
	at dev.shadowsoffire.apotheosis.adventure.loot.LootCategory.forItem(LootCategory.java:182) ~[%5B神化%5D%20Apotheosis-1.20.1-7.4.6.jar%23185!/:7.4.6]
	at dev.shadowsoffire.apotheosis.adventure.loot.AffixLootEntry.getType(AffixLootEntry.java:91) ~[%5B神化%5D%20Apotheosis-1.20.1-7.4.6.jar%23185!/:7.4.6]
	at dev.shadowsoffire.apotheosis.adventure.loot.AffixLootRegistry.validateItem(AffixLootRegistry.java:30) ~[%5B神化%5D%20Apotheosis-1.20.1-7.4.6.jar%23185!/:7.4.6]
	at dev.shadowsoffire.apotheosis.adventure.loot.AffixLootRegistry.validateItem(AffixLootRegistry.java:13) ~[%5B神化%5D%20Apotheosis-1.20.1-7.4.6.jar%23185!/:7.4.6]
	at dev.shadowsoffire.placebo.reload.DynamicRegistry.register(DynamicRegistry.java:322) ~[Placebo-1.20.1-8.6.3.jar%23203!/:8.6.3]
	at dev.shadowsoffire.placebo.reload.DynamicRegistry.lambda$apply$0(DynamicRegistry.java:143) ~[Placebo-1.20.1-8.6.3.jar%23203!/:8.6.3]
	at java.util.HashMap.forEach(HashMap.java:1429) ~[?:?]
	at dev.shadowsoffire.placebo.reload.DynamicRegistry.apply(DynamicRegistry.java:136) ~[Placebo-1.20.1-8.6.3.jar%23203!/:8.6.3]
	at dev.shadowsoffire.placebo.reload.DynamicRegistry.m_5787_(DynamicRegistry.java:62) ~[Placebo-1.20.1-8.6.3.jar%23203!/:8.6.3]
	at net.minecraft.server.packs.resources.SimplePreparableReloadListener.m_10789_(SimplePreparableReloadListener.java:13) ~[client-1.20.1-20230612.114412-srg.jar%23206!/:?]
	at java.util.concurrent.CompletableFuture$UniAccept.tryFire(CompletableFuture.java:718) ~[?:?]
	at java.util.concurrent.CompletableFuture$Completion.run(CompletableFuture.java:482) ~[?:?]
	at net.minecraft.server.packs.resources.SimpleReloadInstance.m_143940_(SimpleReloadInstance.java:69) ~[client-1.20.1-20230612.114412-srg.jar%23206!/:?]
	at net.minecraft.util.thread.BlockableEventLoop.m_6367_(BlockableEventLoop.java:156) ~[client-1.20.1-20230612.114412-srg.jar%23206!/:?]
	at net.minecraft.util.thread.ReentrantBlockableEventLoop.m_6367_(ReentrantBlockableEventLoop.java:23) ~[client-1.20.1-20230612.114412-srg.jar%23206!/:?]
	at net.minecraft.util.thread.BlockableEventLoop.m_7245_(BlockableEventLoop.java:130) ~[client-1.20.1-20230612.114412-srg.jar%23206!/:?]
	at net.minecraft.util.thread.BlockableEventLoop.m_18701_(BlockableEventLoop.java:139) ~[client-1.20.1-20230612.114412-srg.jar%23206!/:?]
	at net.minecraft.client.gui.screens.worldselection.WorldOpenFlows.m_246486_(WorldOpenFlows.java:163) ~[client-1.20.1-20230612.114412-srg.jar%23206!/:?]
	at net.minecraft.client.gui.screens.worldselection.WorldOpenFlows.m_233122_(WorldOpenFlows.java:113) ~[client-1.20.1-20230612.114412-srg.jar%23206!/:?]
	at net.minecraft.client.gui.screens.worldselection.WorldOpenFlows.doLoadLevel(WorldOpenFlows.java:181) ~[client-1.20.1-20230612.114412-srg.jar%23206!/:?]
	at net.minecraft.client.gui.screens.worldselection.WorldOpenFlows.m_233145_(WorldOpenFlows.java:169) ~[client-1.20.1-20230612.114412-srg.jar%23206!/:?]
	at net.minecraft.client.gui.screens.worldselection.WorldOpenFlows.m_233133_(WorldOpenFlows.java:65) ~[client-1.20.1-20230612.114412-srg.jar%23206!/:?]
	at net.minecraft.client.gui.screens.worldselection.WorldSelectionList$WorldListEntry.m_101744_(WorldSelectionList.java:575) ~[client-1.20.1-20230612.114412-srg.jar%23206!/:?]
	at net.minecraft.client.gui.screens.worldselection.WorldSelectionList$WorldListEntry.m_101704_(WorldSelectionList.java:474) ~[client-1.20.1-20230612.114412-srg.jar%23206!/:?]
	at net.minecraft.client.gui.screens.worldselection.WorldSelectionList$WorldListEntry.m_6375_(WorldSelectionList.java:413) ~[client-1.20.1-20230612.114412-srg.jar%23206!/:?]
	at net.minecraft.client.gui.components.AbstractSelectionList.m_6375_(AbstractSelectionList.java:298) ~[client-1.20.1-20230612.114412-srg.jar%23206!/:?]
	at net.minecraft.client.gui.components.events.ContainerEventHandler.m_6375_(ContainerEventHandler.java:38) ~[client-1.20.1-20230612.114412-srg.jar%23206!/:?]
	at net.minecraft.client.MouseHandler.m_168084_(MouseHandler.java:92) ~[client-1.20.1-20230612.114412-srg.jar%23206!/:?]
	at net.minecraft.client.gui.screens.Screen.m_96579_(Screen.java:437) ~[client-1.20.1-20230612.114412-srg.jar%23206!/:?]
	at net.minecraft.client.MouseHandler.m_91530_(MouseHandler.java:89) ~[client-1.20.1-20230612.114412-srg.jar%23206!/:?]
	at net.minecraft.client.MouseHandler.m_168091_(MouseHandler.java:189) ~[client-1.20.1-20230612.114412-srg.jar%23206!/:?]
	at net.minecraft.util.thread.BlockableEventLoop.execute(BlockableEventLoop.java:102) ~[client-1.20.1-20230612.114412-srg.jar%23206!/:?]
	at net.minecraft.client.MouseHandler.m_91565_(MouseHandler.java:188) ~[client-1.20.1-20230612.114412-srg.jar%23206!/:?]
	at org.lwjgl.glfw.GLFWMouseButtonCallbackI.callback(GLFWMouseButtonCallbackI.java:43) ~[lwjgl-glfw-3.3.1.jar%23120!/:build 7]
	at org.lwjgl.system.JNI.invokeV(Native Method) ~[lwjgl-3.3.1.jar%23132!/:build 7]
	at org.lwjgl.glfw.GLFW.glfwWaitEventsTimeout(GLFW.java:3474) ~[lwjgl-glfw-3.3.1.jar%23120!/:build 7]
	at com.mojang.blaze3d.systems.RenderSystem.limitDisplayFPS(RenderSystem.java:237) ~[client-1.20.1-20230612.114412-srg.jar%23206!/:?]
	at net.minecraft.client.Minecraft.m_91383_(Minecraft.java:1173) ~[client-1.20.1-20230612.114412-srg.jar%23206!/:?]
	at net.minecraft.client.Minecraft.m_91374_(Minecraft.java:718) ~[client-1.20.1-20230612.114412-srg.jar%23206!/:?]
	at net.minecraft.client.main.Main.main(Main.java:218) ~[%e6%a4%8d%e7%89%a9%e7%a7%91%e6%8a%80.jar:?]
	at jdk.internal.reflect.DirectMethodHandleAccessor.invoke(DirectMethodHandleAccessor.java:103) ~[?:?]
	at java.lang.reflect.Method.invoke(Method.java:580) ~[?:?]
	at net.minecraftforge.fml.loading.targets.CommonLaunchHandler.runTarget(CommonLaunchHandler.java:111) ~[fmlloader-1.20.1-47.4.21.jar:?]
	at net.minecraftforge.fml.loading.targets.CommonLaunchHandler.clientService(CommonLaunchHandler.java:99) ~[fmlloader-1.20.1-47.4.21.jar:?]
	at net.minecraftforge.fml.loading.targets.CommonClientLaunchHandler.lambda$makeService$0(CommonClientLaunchHandler.java:25) ~[fmlloader-1.20.1-47.4.21.jar:?]
	at cpw.mods.modlauncher.LaunchServiceHandlerDecorator.launch(LaunchServiceHandlerDecorator.java:30) ~[modlauncher-10.0.9.jar:?]
	at cpw.mods.modlauncher.LaunchServiceHandler.launch(LaunchServiceHandler.java:53) ~[modlauncher-10.0.9.jar:?]
	at cpw.mods.modlauncher.LaunchServiceHandler.launch(LaunchServiceHandler.java:71) ~[modlauncher-10.0.9.jar:?]
	at cpw.mods.modlauncher.Launcher.run(Launcher.java:108) ~[modlauncher-10.0.9.jar:?]
	at cpw.mods.modlauncher.Launcher.main(Launcher.java:78) ~[modlauncher-10.0.9.jar:?]
	at cpw.mods.modlauncher.BootstrapLaunchConsumer.accept(BootstrapLaunchConsumer.java:26) ~[modlauncher-10.0.9.jar:?]
	at cpw.mods.modlauncher.BootstrapLaunchConsumer.accept(BootstrapLaunchConsumer.java:23) ~[modlauncher-10.0.9.jar:?]
	at cpw.mods.bootstraplauncher.BootstrapLauncher.main(BootstrapLauncher.java:141) ~[bootstraplauncher-1.1.2.jar:?]
[228月2026 22:28:25.099] [Render thread/ERROR] [Apotheosis : Adventure/]: Failed to execute ShieldBreakerTest
java.lang.NullPointerException: Cannot invoke "net.minecraft.world.entity.LivingEntity.m_213824_()" because "attacker" is null
	at net.minecraftforge.common.extensions.IForgeItem.canDisableShield(IForgeItem.java:695) ~[forge-1.20.1-47.4.21-universal.jar%23211!/:?]
	at net.minecraftforge.common.extensions.IForgeItemStack.canDisableShield(IForgeItemStack.java:233) ~[forge-1.20.1-47.4.21-universal.jar%23211!/:?]
	at dev.shadowsoffire.apotheosis.adventure.loot.ShieldBreakerTest.test(ShieldBreakerTest.java:48) ~[%5B神化%5D%20Apotheosis-1.20.1-7.4.6.jar%23185!/:7.4.6]
	at dev.shadowsoffire.apotheosis.adventure.loot.ShieldBreakerTest.test(ShieldBreakerTest.java:25) ~[%5B神化%5D%20Apotheosis-1.20.1-7.4.6.jar%23185!/:7.4.6]
	at dev.shadowsoffire.apotheosis.adventure.loot.LootCategory.isValid(LootCategory.java:89) ~[%5B神化%5D%20Apotheosis-1.20.1-7.4.6.jar%23185!/:7.4.6]
	at dev.shadowsoffire.apotheosis.adventure.loot.LootCategory.forItem(LootCategory.java:182) ~[%5B神化%5D%20Apotheosis-1.20.1-7.4.6.jar%23185!/:7.4.6]
	at dev.shadowsoffire.apotheosis.adventure.loot.AffixLootEntry.getType(AffixLootEntry.java:91) ~[%5B神化%5D%20Apotheosis-1.20.1-7.4.6.jar%23185!/:7.4.6]
	at dev.shadowsoffire.apotheosis.adventure.loot.AffixLootRegistry.validateItem(AffixLootRegistry.java:30) ~[%5B神化%5D%20Apotheosis-1.20.1-7.4.6.jar%23185!/:7.4.6]
	at dev.shadowsoffire.apotheosis.adventure.loot.AffixLootRegistry.validateItem(AffixLootRegistry.java:13) ~[%5B神化%5D%20Apotheosis-1.20.1-7.4.6.jar%23185!/:7.4.6]
	at dev.shadowsoffire.placebo.reload.DynamicRegistry.register(DynamicRegistry.java:322) ~[Placebo-1.20.1-8.6.3.jar%23203!/:8.6.3]
	at dev.shadowsoffire.placebo.reload.DynamicRegistry.lambda$apply$0(DynamicRegistry.java:143) ~[Placebo-1.20.1-8.6.3.jar%23203!/:8.6.3]
	at java.util.HashMap.forEach(HashMap.java:1429) ~[?:?]
	at dev.shadowsoffire.placebo.reload.DynamicRegistry.apply(DynamicRegistry.java:136) ~[Placebo-1.20.1-8.6.3.jar%23203!/:8.6.3]
	at dev.shadowsoffire.placebo.reload.DynamicRegistry.m_5787_(DynamicRegistry.java:62) ~[Placebo-1.20.1-8.6.3.jar%23203!/:8.6.3]
	at net.minecraft.server.packs.resources.SimplePreparableReloadListener.m_10789_(SimplePreparableReloadListener.java:13) ~[client-1.20.1-20230612.114412-srg.jar%23206!/:?]
	at java.util.concurrent.CompletableFuture$UniAccept.tryFire(CompletableFuture.java:718) ~[?:?]
	at java.util.concurrent.CompletableFuture$Completion.run(CompletableFuture.java:482) ~[?:?]
	at net.minecraft.server.packs.resources.SimpleReloadInstance.m_143940_(SimpleReloadInstance.java:69) ~[client-1.20.1-20230612.114412-srg.jar%23206!/:?]
	at net.minecraft.util.thread.BlockableEventLoop.m_6367_(BlockableEventLoop.java:156) ~[client-1.20.1-20230612.114412-srg.jar%23206!/:?]
	at net.minecraft.util.thread.ReentrantBlockableEventLoop.m_6367_(ReentrantBlockableEventLoop.java:23) ~[client-1.20.1-20230612.114412-srg.jar%23206!/:?]
	at net.minecraft.util.thread.BlockableEventLoop.m_7245_(BlockableEventLoop.java:130) ~[client-1.20.1-20230612.114412-srg.jar%23206!/:?]
	at net.minecraft.util.thread.BlockableEventLoop.m_18701_(BlockableEventLoop.java:139) ~[client-1.20.1-20230612.114412-srg.jar%23206!/:?]
	at net.minecraft.client.gui.screens.worldselection.WorldOpenFlows.m_246486_(WorldOpenFlows.java:163) ~[client-1.20.1-20230612.114412-srg.jar%23206!/:?]
	at net.minecraft.client.gui.screens.worldselection.WorldOpenFlows.m_233122_(WorldOpenFlows.java:113) ~[client-1.20.1-20230612.114412-srg.jar%23206!/:?]
	at net.minecraft.client.gui.screens.worldselection.WorldOpenFlows.doLoadLevel(WorldOpenFlows.java:181) ~[client-1.20.1-20230612.114412-srg.jar%23206!/:?]
	at net.minecraft.client.gui.screens.worldselection.WorldOpenFlows.m_233145_(WorldOpenFlows.java:169) ~[client-1.20.1-20230612.114412-srg.jar%23206!/:?]
	at net.minecraft.client.gui.screens.worldselection.WorldOpenFlows.m_233133_(WorldOpenFlows.java:65) ~[client-1.20.1-20230612.114412-srg.jar%23206!/:?]
	at net.minecraft.client.gui.screens.worldselection.WorldSelectionList$WorldListEntry.m_101744_(WorldSelectionList.java:575) ~[client-1.20.1-20230612.114412-srg.jar%23206!/:?]
	at net.minecraft.client.gui.screens.worldselection.WorldSelectionList$WorldListEntry.m_101704_(WorldSelectionList.java:474) ~[client-1.20.1-20230612.114412-srg.jar%23206!/:?]
	at net.minecraft.client.gui.screens.worldselection.WorldSelectionList$WorldListEntry.m_6375_(WorldSelectionList.java:413) ~[client-1.20.1-20230612.114412-srg.jar%23206!/:?]
	at net.minecraft.client.gui.components.AbstractSelectionList.m_6375_(AbstractSelectionList.java:298) ~[client-1.20.1-20230612.114412-srg.jar%23206!/:?]
	at net.minecraft.client.gui.components.events.ContainerEventHandler.m_6375_(ContainerEventHandler.java:38) ~[client-1.20.1-20230612.114412-srg.jar%23206!/:?]
	at net.minecraft.client.MouseHandler.m_168084_(MouseHandler.java:92) ~[client-1.20.1-20230612.114412-srg.jar%23206!/:?]
	at net.minecraft.client.gui.screens.Screen.m_96579_(Screen.java:437) ~[client-1.20.1-20230612.114412-srg.jar%23206!/:?]
	at net.minecraft.client.MouseHandler.m_91530_(MouseHandler.java:89) ~[client-1.20.1-20230612.114412-srg.jar%23206!/:?]
	at net.minecraft.client.MouseHandler.m_168091_(MouseHandler.java:189) ~[client-1.20.1-20230612.114412-srg.jar%23206!/:?]
	at net.minecraft.util.thread.BlockableEventLoop.execute(BlockableEventLoop.java:102) ~[client-1.20.1-20230612.114412-srg.jar%23206!/:?]
	at net.minecraft.client.MouseHandler.m_91565_(MouseHandler.java:188) ~[client-1.20.1-20230612.114412-srg.jar%23206!/:?]
	at org.lwjgl.glfw.GLFWMouseButtonCallbackI.callback(GLFWMouseButtonCallbackI.java:43) ~[lwjgl-glfw-3.3.1.jar%23120!/:build 7]
	at org.lwjgl.system.JNI.invokeV(Native Method) ~[lwjgl-3.3.1.jar%23132!/:build 7]
	at org.lwjgl.glfw.GLFW.glfwWaitEventsTimeout(GLFW.java:3474) ~[lwjgl-glfw-3.3.1.jar%23120!/:build 7]
	at com.mojang.blaze3d.systems.RenderSystem.limitDisplayFPS(RenderSystem.java:237) ~[client-1.20.1-20230612.114412-srg.jar%23206!/:?]
	at net.minecraft.client.Minecraft.m_91383_(Minecraft.java:1173) ~[client-1.20.1-20230612.114412-srg.jar%23206!/:?]
	at net.minecraft.client.Minecraft.m_91374_(Minecraft.java:718) ~[client-1.20.1-20230612.114412-srg.jar%23206!/:?]
	at net.minecraft.client.main.Main.main(Main.java:218) ~[%e6%a4%8d%e7%89%a9%e7%a7%91%e6%8a%80.jar:?]
	at jdk.internal.reflect.DirectMethodHandleAccessor.invoke(DirectMethodHandleAccessor.java:103) ~[?:?]
	at java.lang.reflect.Method.invoke(Method.java:580) ~[?:?]
	at net.minecraftforge.fml.loading.targets.CommonLaunchHandler.runTarget(CommonLaunchHandler.java:111) ~[fmlloader-1.20.1-47.4.21.jar:?]
	at net.minecraftforge.fml.loading.targets.CommonLaunchHandler.clientService(CommonLaunchHandler.java:99) ~[fmlloader-1.20.1-47.4.21.jar:?]
	at net.minecraftforge.fml.loading.targets.CommonClientLaunchHandler.lambda$makeService$0(CommonClientLaunchHandler.java:25) ~[fmlloader-1.20.1-47.4.21.jar:?]
	at cpw.mods.modlauncher.LaunchServiceHandlerDecorator.launch(LaunchServiceHandlerDecorator.java:30) ~[modlauncher-10.0.9.jar:?]
	at cpw.mods.modlauncher.LaunchServiceHandler.launch(LaunchServiceHandler.java:53) ~[modlauncher-10.0.9.jar:?]
	at cpw.mods.modlauncher.LaunchServiceHandler.launch(LaunchServiceHandler.java:71) ~[modlauncher-10.0.9.jar:?]
	at cpw.mods.modlauncher.Launcher.run(Launcher.java:108) ~[modlauncher-10.0.9.jar:?]
	at cpw.mods.modlauncher.Launcher.main(Launcher.java:78) ~[modlauncher-10.0.9.jar:?]
	at cpw.mods.modlauncher.BootstrapLaunchConsumer.accept(BootstrapLaunchConsumer.java:26) ~[modlauncher-10.0.9.jar:?]
	at cpw.mods.modlauncher.BootstrapLaunchConsumer.accept(BootstrapLaunchConsumer.java:23) ~[modlauncher-10.0.9.jar:?]
	at cpw.mods.bootstraplauncher.BootstrapLauncher.main(BootstrapLauncher.java:141) ~[bootstraplauncher-1.1.2.jar:?]
[228月2026 22:28:25.100] [Render thread/ERROR] [Apotheosis : Adventure/]: Failed to execute ShieldBreakerTest
java.lang.NullPointerException: Cannot invoke "net.minecraft.world.entity.LivingEntity.m_213824_()" because "attacker" is null
	at net.minecraftforge.common.extensions.IForgeItem.canDisableShield(IForgeItem.java:695) ~[forge-1.20.1-47.4.21-universal.jar%23211!/:?]
	at net.minecraftforge.common.extensions.IForgeItemStack.canDisableShield(IForgeItemStack.java:233) ~[forge-1.20.1-47.4.21-universal.jar%23211!/:?]
	at dev.shadowsoffire.apotheosis.adventure.loot.ShieldBreakerTest.test(ShieldBreakerTest.java:48) ~[%5B神化%5D%20Apotheosis-1.20.1-7.4.6.jar%23185!/:7.4.6]
	at dev.shadowsoffire.apotheosis.adventure.loot.ShieldBreakerTest.test(ShieldBreakerTest.java:25) ~[%5B神化%5D%20Apotheosis-1.20.1-7.4.6.jar%23185!/:7.4.6]
	at dev.shadowsoffire.apotheosis.adventure.loot.LootCategory.isValid(LootCategory.java:89) ~[%5B神化%5D%20Apotheosis-1.20.1-7.4.6.jar%23185!/:7.4.6]
	at dev.shadowsoffire.apotheosis.adventure.loot.LootCategory.forItem(LootCategory.java:182) ~[%5B神化%5D%20Apotheosis-1.20.1-7.4.6.jar%23185!/:7.4.6]
	at dev.shadowsoffire.apotheosis.adventure.loot.AffixLootEntry.getType(AffixLootEntry.java:91) ~[%5B神化%5D%20Apotheosis-1.20.1-7.4.6.jar%23185!/:7.4.6]
	at dev.shadowsoffire.apotheosis.adventure.loot.AffixLootRegistry.validateItem(AffixLootRegistry.java:30) ~[%5B神化%5D%20Apotheosis-1.20.1-7.4.6.jar%23185!/:7.4.6]
	at dev.shadowsoffire.apotheosis.adventure.loot.AffixLootRegistry.validateItem(AffixLootRegistry.java:13) ~[%5B神化%5D%20Apotheosis-1.20.1-7.4.6.jar%23185!/:7.4.6]
	at dev.shadowsoffire.placebo.reload.DynamicRegistry.register(DynamicRegistry.java:322) ~[Placebo-1.20.1-8.6.3.jar%23203!/:8.6.3]
	at dev.shadowsoffire.placebo.reload.DynamicRegistry.lambda$apply$0(DynamicRegistry.java:143) ~[Placebo-1.20.1-8.6.3.jar%23203!/:8.6.3]
	at java.util.HashMap.forEach(HashMap.java:1429) ~[?:?]
	at dev.shadowsoffire.placebo.reload.DynamicRegistry.apply(DynamicRegistry.java:136) ~[Placebo-1.20.1-8.6.3.jar%23203!/:8.6.3]
	at dev.shadowsoffire.placebo.reload.DynamicRegistry.m_5787_(DynamicRegistry.java:62) ~[Placebo-1.20.1-8.6.3.jar%23203!/:8.6.3]
	at net.minecraft.server.packs.resources.SimplePreparableReloadListener.m_10789_(SimplePreparableReloadListener.java:13) ~[client-1.20.1-20230612.114412-srg.jar%23206!/:?]
	at java.util.concurrent.CompletableFuture$UniAccept.tryFire(CompletableFuture.java:718) ~[?:?]
	at java.util.concurrent.CompletableFuture$Completion.run(CompletableFuture.java:482) ~[?:?]
	at net.minecraft.server.packs.resources.SimpleReloadInstance.m_143940_(SimpleReloadInstance.java:69) ~[client-1.20.1-20230612.114412-srg.jar%23206!/:?]
	at net.minecraft.util.thread.BlockableEventLoop.m_6367_(BlockableEventLoop.java:156) ~[client-1.20.1-20230612.114412-srg.jar%23206!/:?]
	at net.minecraft.util.thread.ReentrantBlockableEventLoop.m_6367_(ReentrantBlockableEventLoop.java:23) ~[client-1.20.1-20230612.114412-srg.jar%23206!/:?]
	at net.minecraft.util.thread.BlockableEventLoop.m_7245_(BlockableEventLoop.java:130) ~[client-1.20.1-20230612.114412-srg.jar%23206!/:?]
	at net.minecraft.util.thread.BlockableEventLoop.m_18701_(BlockableEventLoop.java:139) ~[client-1.20.1-20230612.114412-srg.jar%23206!/:?]
	at net.minecraft.client.gui.screens.worldselection.WorldOpenFlows.m_246486_(WorldOpenFlows.java:163) ~[client-1.20.1-20230612.114412-srg.jar%23206!/:?]
	at net.minecraft.client.gui.screens.worldselection.WorldOpenFlows.m_233122_(WorldOpenFlows.java:113) ~[client-1.20.1-20230612.114412-srg.jar%23206!/:?]
	at net.minecraft.client.gui.screens.worldselection.WorldOpenFlows.doLoadLevel(WorldOpenFlows.java:181) ~[client-1.20.1-20230612.114412-srg.jar%23206!/:?]
	at net.minecraft.client.gui.screens.worldselection.WorldOpenFlows.m_233145_(WorldOpenFlows.java:169) ~[client-1.20.1-20230612.114412-srg.jar%23206!/:?]
	at net.minecraft.client.gui.screens.worldselection.WorldOpenFlows.m_233133_(WorldOpenFlows.java:65) ~[client-1.20.1-20230612.114412-srg.jar%23206!/:?]
	at net.minecraft.client.gui.screens.worldselection.WorldSelectionList$WorldListEntry.m_101744_(WorldSelectionList.java:575) ~[client-1.20.1-20230612.114412-srg.jar%23206!/:?]
	at net.minecraft.client.gui.screens.worldselection.WorldSelectionList$WorldListEntry.m_101704_(WorldSelectionList.java:474) ~[client-1.20.1-20230612.114412-srg.jar%23206!/:?]
	at net.minecraft.client.gui.screens.worldselection.WorldSelectionList$WorldListEntry.m_6375_(WorldSelectionList.java:413) ~[client-1.20.1-20230612.114412-srg.jar%23206!/:?]
	at net.minecraft.client.gui.components.AbstractSelectionList.m_6375_(AbstractSelectionList.java:298) ~[client-1.20.1-20230612.114412-srg.jar%23206!/:?]
	at net.minecraft.client.gui.components.events.ContainerEventHandler.m_6375_(ContainerEventHandler.java:38) ~[client-1.20.1-20230612.114412-srg.jar%23206!/:?]
	at net.minecraft.client.MouseHandler.m_168084_(MouseHandler.java:92) ~[client-1.20.1-20230612.114412-srg.jar%23206!/:?]
	at net.minecraft.client.gui.screens.Screen.m_96579_(Screen.java:437) ~[client-1.20.1-20230612.114412-srg.jar%23206!/:?]
	at net.minecraft.client.MouseHandler.m_91530_(MouseHandler.java:89) ~[client-1.20.1-20230612.114412-srg.jar%23206!/:?]
	at net.minecraft.client.MouseHandler.m_168091_(MouseHandler.java:189) ~[client-1.20.1-20230612.114412-srg.jar%23206!/:?]
	at net.minecraft.util.thread.BlockableEventLoop.execute(BlockableEventLoop.java:102) ~[client-1.20.1-20230612.114412-srg.jar%23206!/:?]
	at net.minecraft.client.MouseHandler.m_91565_(MouseHandler.java:188) ~[client-1.20.1-20230612.114412-srg.jar%23206!/:?]
	at org.lwjgl.glfw.GLFWMouseButtonCallbackI.callback(GLFWMouseButtonCallbackI.java:43) ~[lwjgl-glfw-3.3.1.jar%23120!/:build 7]
	at org.lwjgl.system.JNI.invokeV(Native Method) ~[lwjgl-3.3.1.jar%23132!/:build 7]
	at org.lwjgl.glfw.GLFW.glfwWaitEventsTimeout(GLFW.java:3474) ~[lwjgl-glfw-3.3.1.jar%23120!/:build 7]
	at com.mojang.blaze3d.systems.RenderSystem.limitDisplayFPS(RenderSystem.java:237) ~[client-1.20.1-20230612.114412-srg.jar%23206!/:?]
	at net.minecraft.client.Minecraft.m_91383_(Minecraft.java:1173) ~[client-1.20.1-20230612.114412-srg.jar%23206!/:?]
	at net.minecraft.client.Minecraft.m_91374_(Minecraft.java:718) ~[client-1.20.1-20230612.114412-srg.jar%23206!/:?]
	at net.minecraft.client.main.Main.main(Main.java:218) ~[%e6%a4%8d%e7%89%a9%e7%a7%91%e6%8a%80.jar:?]
	at jdk.internal.reflect.DirectMethodHandleAccessor.invoke(DirectMethodHandleAccessor.java:103) ~[?:?]
	at java.lang.reflect.Method.invoke(Method.java:580) ~[?:?]
	at net.minecraftforge.fml.loading.targets.CommonLaunchHandler.runTarget(CommonLaunchHandler.java:111) ~[fmlloader-1.20.1-47.4.21.jar:?]
	at net.minecraftforge.fml.loading.targets.CommonLaunchHandler.clientService(CommonLaunchHandler.java:99) ~[fmlloader-1.20.1-47.4.21.jar:?]
	at net.minecraftforge.fml.loading.targets.CommonClientLaunchHandler.lambda$makeService$0(CommonClientLaunchHandler.java:25) ~[fmlloader-1.20.1-47.4.21.jar:?]
	at cpw.mods.modlauncher.LaunchServiceHandlerDecorator.launch(LaunchServiceHandlerDecorator.java:30) ~[modlauncher-10.0.9.jar:?]
	at cpw.mods.modlauncher.LaunchServiceHandler.launch(LaunchServiceHandler.java:53) ~[modlauncher-10.0.9.jar:?]
	at cpw.mods.modlauncher.LaunchServiceHandler.launch(LaunchServiceHandler.java:71) ~[modlauncher-10.0.9.jar:?]
	at cpw.mods.modlauncher.Launcher.run(Launcher.java:108) ~[modlauncher-10.0.9.jar:?]
	at cpw.mods.modlauncher.Launcher.main(Launcher.java:78) ~[modlauncher-10.0.9.jar:?]
	at cpw.mods.modlauncher.BootstrapLaunchConsumer.accept(BootstrapLaunchConsumer.java:26) ~[modlauncher-10.0.9.jar:?]
	at cpw.mods.modlauncher.BootstrapLaunchConsumer.accept(BootstrapLaunchConsumer.java:23) ~[modlauncher-10.0.9.jar:?]
	at cpw.mods.bootstraplauncher.BootstrapLauncher.main(BootstrapLauncher.java:141) ~[bootstraplauncher-1.1.2.jar:?]
[228月2026 22:28:25.101] [Render thread/ERROR] [Apotheosis : Adventure/]: Failed to execute ShieldBreakerTest
java.lang.NullPointerException: Cannot invoke "net.minecraft.world.entity.LivingEntity.m_213824_()" because "attacker" is null
	at net.minecraftforge.common.extensions.IForgeItem.canDisableShield(IForgeItem.java:695) ~[forge-1.20.1-47.4.21-universal.jar%23211!/:?]
	at net.minecraftforge.common.extensions.IForgeItemStack.canDisableShield(IForgeItemStack.java:233) ~[forge-1.20.1-47.4.21-universal.jar%23211!/:?]
	at dev.shadowsoffire.apotheosis.adventure.loot.ShieldBreakerTest.test(ShieldBreakerTest.java:48) ~[%5B神化%5D%20Apotheosis-1.20.1-7.4.6.jar%23185!/:7.4.6]
	at dev.shadowsoffire.apotheosis.adventure.loot.ShieldBreakerTest.test(ShieldBreakerTest.java:25) ~[%5B神化%5D%20Apotheosis-1.20.1-7.4.6.jar%23185!/:7.4.6]
	at dev.shadowsoffire.apotheosis.adventure.loot.LootCategory.isValid(LootCategory.java:89) ~[%5B神化%5D%20Apotheosis-1.20.1-7.4.6.jar%23185!/:7.4.6]
	at dev.shadowsoffire.apotheosis.adventure.loot.LootCategory.forItem(LootCategory.java:182) ~[%5B神化%5D%20Apotheosis-1.20.1-7.4.6.jar%23185!/:7.4.6]
	at dev.shadowsoffire.apotheosis.adventure.loot.AffixLootEntry.getType(AffixLootEntry.java:91) ~[%5B神化%5D%20Apotheosis-1.20.1-7.4.6.jar%23185!/:7.4.6]
	at dev.shadowsoffire.apotheosis.adventure.loot.AffixLootRegistry.validateItem(AffixLootRegistry.java:30) ~[%5B神化%5D%20Apotheosis-1.20.1-7.4.6.jar%23185!/:7.4.6]
	at dev.shadowsoffire.apotheosis.adventure.loot.AffixLootRegistry.validateItem(AffixLootRegistry.java:13) ~[%5B神化%5D%20Apotheosis-1.20.1-7.4.6.jar%23185!/:7.4.6]
	at dev.shadowsoffire.placebo.reload.DynamicRegistry.register(DynamicRegistry.java:322) ~[Placebo-1.20.1-8.6.3.jar%23203!/:8.6.3]
	at dev.shadowsoffire.placebo.reload.DynamicRegistry.lambda$apply$0(DynamicRegistry.java:143) ~[Placebo-1.20.1-8.6.3.jar%23203!/:8.6.3]
	at java.util.HashMap.forEach(HashMap.java:1429) ~[?:?]
	at dev.shadowsoffire.placebo.reload.DynamicRegistry.apply(DynamicRegistry.java:136) ~[Placebo-1.20.1-8.6.3.jar%23203!/:8.6.3]
	at dev.shadowsoffire.placebo.reload.DynamicRegistry.m_5787_(DynamicRegistry.java:62) ~[Placebo-1.20.1-8.6.3.jar%23203!/:8.6.3]
	at net.minecraft.server.packs.resources.SimplePreparableReloadListener.m_10789_(SimplePreparableReloadListener.java:13) ~[client-1.20.1-20230612.114412-srg.jar%23206!/:?]
	at java.util.concurrent.CompletableFuture$UniAccept.tryFire(CompletableFuture.java:718) ~[?:?]
	at java.util.concurrent.CompletableFuture$Completion.run(CompletableFuture.java:482) ~[?:?]
	at net.minecraft.server.packs.resources.SimpleReloadInstance.m_143940_(SimpleReloadInstance.java:69) ~[client-1.20.1-20230612.114412-srg.jar%23206!/:?]
	at net.minecraft.util.thread.BlockableEventLoop.m_6367_(BlockableEventLoop.java:156) ~[client-1.20.1-20230612.114412-srg.jar%23206!/:?]
	at net.minecraft.util.thread.ReentrantBlockableEventLoop.m_6367_(ReentrantBlockableEventLoop.java:23) ~[client-1.20.1-20230612.114412-srg.jar%23206!/:?]
	at net.minecraft.util.thread.BlockableEventLoop.m_7245_(BlockableEventLoop.java:130) ~[client-1.20.1-20230612.114412-srg.jar%23206!/:?]
	at net.minecraft.util.thread.BlockableEventLoop.m_18701_(BlockableEventLoop.java:139) ~[client-1.20.1-20230612.114412-srg.jar%23206!/:?]
	at net.minecraft.client.gui.screens.worldselection.WorldOpenFlows.m_246486_(WorldOpenFlows.java:163) ~[client-1.20.1-20230612.114412-srg.jar%23206!/:?]
	at net.minecraft.client.gui.screens.worldselection.WorldOpenFlows.m_233122_(WorldOpenFlows.java:113) ~[client-1.20.1-20230612.114412-srg.jar%23206!/:?]
	at net.minecraft.client.gui.screens.worldselection.WorldOpenFlows.doLoadLevel(WorldOpenFlows.java:181) ~[client-1.20.1-20230612.114412-srg.jar%23206!/:?]
	at net.minecraft.client.gui.screens.worldselection.WorldOpenFlows.m_233145_(WorldOpenFlows.java:169) ~[client-1.20.1-20230612.114412-srg.jar%23206!/:?]
	at net.minecraft.client.gui.screens.worldselection.WorldOpenFlows.m_233133_(WorldOpenFlows.java:65) ~[client-1.20.1-20230612.114412-srg.jar%23206!/:?]
	at net.minecraft.client.gui.screens.worldselection.WorldSelectionList$WorldListEntry.m_101744_(WorldSelectionList.java:575) ~[client-1.20.1-20230612.114412-srg.jar%23206!/:?]
	at net.minecraft.client.gui.screens.worldselection.WorldSelectionList$WorldListEntry.m_101704_(WorldSelectionList.java:474) ~[client-1.20.1-20230612.114412-srg.jar%23206!/:?]
	at net.minecraft.client.gui.screens.worldselection.WorldSelectionList$WorldListEntry.m_6375_(WorldSelectionList.java:413) ~[client-1.20.1-20230612.114412-srg.jar%23206!/:?]
	at net.minecraft.client.gui.components.AbstractSelectionList.m_6375_(AbstractSelectionList.java:298) ~[client-1.20.1-20230612.114412-srg.jar%23206!/:?]
	at net.minecraft.client.gui.components.events.ContainerEventHandler.m_6375_(ContainerEventHandler.java:38) ~[client-1.20.1-20230612.114412-srg.jar%23206!/:?]
	at net.minecraft.client.MouseHandler.m_168084_(MouseHandler.java:92) ~[client-1.20.1-20230612.114412-srg.jar%23206!/:?]
	at net.minecraft.client.gui.screens.Screen.m_96579_(Screen.java:437) ~[client-1.20.1-20230612.114412-srg.jar%23206!/:?]
	at net.minecraft.client.MouseHandler.m_91530_(MouseHandler.java:89) ~[client-1.20.1-20230612.114412-srg.jar%23206!/:?]
	at net.minecraft.client.MouseHandler.m_168091_(MouseHandler.java:189) ~[client-1.20.1-20230612.114412-srg.jar%23206!/:?]
	at net.minecraft.util.thread.BlockableEventLoop.execute(BlockableEventLoop.java:102) ~[client-1.20.1-20230612.114412-srg.jar%23206!/:?]
	at net.minecraft.client.MouseHandler.m_91565_(MouseHandler.java:188) ~[client-1.20.1-20230612.114412-srg.jar%23206!/:?]
	at org.lwjgl.glfw.GLFWMouseButtonCallbackI.callback(GLFWMouseButtonCallbackI.java:43) ~[lwjgl-glfw-3.3.1.jar%23120!/:build 7]
	at org.lwjgl.system.JNI.invokeV(Native Method) ~[lwjgl-3.3.1.jar%23132!/:build 7]
	at org.lwjgl.glfw.GLFW.glfwWaitEventsTimeout(GLFW.java:3474) ~[lwjgl-glfw-3.3.1.jar%23120!/:build 7]
	at com.mojang.blaze3d.systems.RenderSystem.limitDisplayFPS(RenderSystem.java:237) ~[client-1.20.1-20230612.114412-srg.jar%23206!/:?]
	at net.minecraft.client.Minecraft.m_91383_(Minecraft.java:1173) ~[client-1.20.1-20230612.114412-srg.jar%23206!/:?]
	at net.minecraft.client.Minecraft.m_91374_(Minecraft.java:718) ~[client-1.20.1-20230612.114412-srg.jar%23206!/:?]
	at net.minecraft.client.main.Main.main(Main.java:218) ~[%e6%a4%8d%e7%89%a9%e7%a7%91%e6%8a%80.jar:?]
	at jdk.internal.reflect.DirectMethodHandleAccessor.invoke(DirectMethodHandleAccessor.java:103) ~[?:?]
	at java.lang.reflect.Method.invoke(Method.java:580) ~[?:?]
	at net.minecraftforge.fml.loading.targets.CommonLaunchHandler.runTarget(CommonLaunchHandler.java:111) ~[fmlloader-1.20.1-47.4.21.jar:?]
	at net.minecraftforge.fml.loading.targets.CommonLaunchHandler.clientService(CommonLaunchHandler.java:99) ~[fmlloader-1.20.1-47.4.21.jar:?]
	at net.minecraftforge.fml.loading.targets.CommonClientLaunchHandler.lambda$makeService$0(CommonClientLaunchHandler.java:25) ~[fmlloader-1.20.1-47.4.21.jar:?]
	at cpw.mods.modlauncher.LaunchServiceHandlerDecorator.launch(LaunchServiceHandlerDecorator.java:30) ~[modlauncher-10.0.9.jar:?]
	at cpw.mods.modlauncher.LaunchServiceHandler.launch(LaunchServiceHandler.java:53) ~[modlauncher-10.0.9.jar:?]
	at cpw.mods.modlauncher.LaunchServiceHandler.launch(LaunchServiceHandler.java:71) ~[modlauncher-10.0.9.jar:?]
	at cpw.mods.modlauncher.Launcher.run(Launcher.java:108) ~[modlauncher-10.0.9.jar:?]
	at cpw.mods.modlauncher.Launcher.main(Launcher.java:78) ~[modlauncher-10.0.9.jar:?]
	at cpw.mods.modlauncher.BootstrapLaunchConsumer.accept(BootstrapLaunchConsumer.java:26) ~[modlauncher-10.0.9.jar:?]
	at cpw.mods.modlauncher.BootstrapLaunchConsumer.accept(BootstrapLaunchConsumer.java:23) ~[modlauncher-10.0.9.jar:?]
	at cpw.mods.bootstraplauncher.BootstrapLauncher.main(BootstrapLauncher.java:141) ~[bootstraplauncher-1.1.2.jar:?]
[228月2026 22:28:25.103] [Render thread/ERROR] [Apotheosis : Adventure/]: Failed to execute ShieldBreakerTest
java.lang.NullPointerException: Cannot invoke "net.minecraft.world.entity.LivingEntity.m_213824_()" because "attacker" is null
	at net.minecraftforge.common.extensions.IForgeItem.canDisableShield(IForgeItem.java:695) ~[forge-1.20.1-47.4.21-universal.jar%23211!/:?]
	at net.minecraftforge.common.extensions.IForgeItemStack.canDisableShield(IForgeItemStack.java:233) ~[forge-1.20.1-47.4.21-universal.jar%23211!/:?]
	at dev.shadowsoffire.apotheosis.adventure.loot.ShieldBreakerTest.test(ShieldBreakerTest.java:48) ~[%5B神化%5D%20Apotheosis-1.20.1-7.4.6.jar%23185!/:7.4.6]
	at dev.shadowsoffire.apotheosis.adventure.loot.ShieldBreakerTest.test(ShieldBreakerTest.java:25) ~[%5B神化%5D%20Apotheosis-1.20.1-7.4.6.jar%23185!/:7.4.6]
	at dev.shadowsoffire.apotheosis.adventure.loot.LootCategory.isValid(LootCategory.java:89) ~[%5B神化%5D%20Apotheosis-1.20.1-7.4.6.jar%23185!/:7.4.6]
	at dev.shadowsoffire.apotheosis.adventure.loot.LootCategory.forItem(LootCategory.java:182) ~[%5B神化%5D%20Apotheosis-1.20.1-7.4.6.jar%23185!/:7.4.6]
	at dev.shadowsoffire.apotheosis.adventure.loot.AffixLootEntry.getType(AffixLootEntry.java:91) ~[%5B神化%5D%20Apotheosis-1.20.1-7.4.6.jar%23185!/:7.4.6]
	at dev.shadowsoffire.apotheosis.adventure.loot.AffixLootRegistry.validateItem(AffixLootRegistry.java:30) ~[%5B神化%5D%20Apotheosis-1.20.1-7.4.6.jar%23185!/:7.4.6]
	at dev.shadowsoffire.apotheosis.adventure.loot.AffixLootRegistry.validateItem(AffixLootRegistry.java:13) ~[%5B神化%5D%20Apotheosis-1.20.1-7.4.6.jar%23185!/:7.4.6]
	at dev.shadowsoffire.placebo.reload.DynamicRegistry.register(DynamicRegistry.java:322) ~[Placebo-1.20.1-8.6.3.jar%23203!/:8.6.3]
	at dev.shadowsoffire.placebo.reload.DynamicRegistry.lambda$apply$0(DynamicRegistry.java:143) ~[Placebo-1.20.1-8.6.3.jar%23203!/:8.6.3]
	at java.util.HashMap.forEach(HashMap.java:1429) ~[?:?]
	at dev.shadowsoffire.placebo.reload.DynamicRegistry.apply(DynamicRegistry.java:136) ~[Placebo-1.20.1-8.6.3.jar%23203!/:8.6.3]
	at dev.shadowsoffire.placebo.reload.DynamicRegistry.m_5787_(DynamicRegistry.java:62) ~[Placebo-1.20.1-8.6.3.jar%23203!/:8.6.3]
	at net.minecraft.server.packs.resources.SimplePreparableReloadListener.m_10789_(SimplePreparableReloadListener.java:13) ~[client-1.20.1-20230612.114412-srg.jar%23206!/:?]
	at java.util.concurrent.CompletableFuture$UniAccept.tryFire(CompletableFuture.java:718) ~[?:?]
	at java.util.concurrent.CompletableFuture$Completion.run(CompletableFuture.java:482) ~[?:?]
	at net.minecraft.server.packs.resources.SimpleReloadInstance.m_143940_(SimpleReloadInstance.java:69) ~[client-1.20.1-20230612.114412-srg.jar%23206!/:?]
	at net.minecraft.util.thread.BlockableEventLoop.m_6367_(BlockableEventLoop.java:156) ~[client-1.20.1-20230612.114412-srg.jar%23206!/:?]
	at net.minecraft.util.thread.ReentrantBlockableEventLoop.m_6367_(ReentrantBlockableEventLoop.java:23) ~[client-1.20.1-20230612.114412-srg.jar%23206!/:?]
	at net.minecraft.util.thread.BlockableEventLoop.m_7245_(BlockableEventLoop.java:130) ~[client-1.20.1-20230612.114412-srg.jar%23206!/:?]
	at net.minecraft.util.thread.BlockableEventLoop.m_18701_(BlockableEventLoop.java:139) ~[client-1.20.1-20230612.114412-srg.jar%23206!/:?]
	at net.minecraft.client.gui.screens.worldselection.WorldOpenFlows.m_246486_(WorldOpenFlows.java:163) ~[client-1.20.1-20230612.114412-srg.jar%23206!/:?]
	at net.minecraft.client.gui.screens.worldselection.WorldOpenFlows.m_233122_(WorldOpenFlows.java:113) ~[client-1.20.1-20230612.114412-srg.jar%23206!/:?]
	at net.minecraft.client.gui.screens.worldselection.WorldOpenFlows.doLoadLevel(WorldOpenFlows.java:181) ~[client-1.20.1-20230612.114412-srg.jar%23206!/:?]
	at net.minecraft.client.gui.screens.worldselection.WorldOpenFlows.m_233145_(WorldOpenFlows.java:169) ~[client-1.20.1-20230612.114412-srg.jar%23206!/:?]
	at net.minecraft.client.gui.screens.worldselection.WorldOpenFlows.m_233133_(WorldOpenFlows.java:65) ~[client-1.20.1-20230612.114412-srg.jar%23206!/:?]
	at net.minecraft.client.gui.screens.worldselection.WorldSelectionList$WorldListEntry.m_101744_(WorldSelectionList.java:575) ~[client-1.20.1-20230612.114412-srg.jar%23206!/:?]
	at net.minecraft.client.gui.screens.worldselection.WorldSelectionList$WorldListEntry.m_101704_(WorldSelectionList.java:474) ~[client-1.20.1-20230612.114412-srg.jar%23206!/:?]
	at net.minecraft.client.gui.screens.worldselection.WorldSelectionList$WorldListEntry.m_6375_(WorldSelectionList.java:413) ~[client-1.20.1-20230612.114412-srg.jar%23206!/:?]
	at net.minecraft.client.gui.components.AbstractSelectionList.m_6375_(AbstractSelectionList.java:298) ~[client-1.20.1-20230612.114412-srg.jar%23206!/:?]
	at net.minecraft.client.gui.components.events.ContainerEventHandler.m_6375_(ContainerEventHandler.java:38) ~[client-1.20.1-20230612.114412-srg.jar%23206!/:?]
	at net.minecraft.client.MouseHandler.m_168084_(MouseHandler.java:92) ~[client-1.20.1-20230612.114412-srg.jar%23206!/:?]
	at net.minecraft.client.gui.screens.Screen.m_96579_(Screen.java:437) ~[client-1.20.1-20230612.114412-srg.jar%23206!/:?]
	at net.minecraft.client.MouseHandler.m_91530_(MouseHandler.java:89) ~[client-1.20.1-20230612.114412-srg.jar%23206!/:?]
	at net.minecraft.client.MouseHandler.m_168091_(MouseHandler.java:189) ~[client-1.20.1-20230612.114412-srg.jar%23206!/:?]
	at net.minecraft.util.thread.BlockableEventLoop.execute(BlockableEventLoop.java:102) ~[client-1.20.1-20230612.114412-srg.jar%23206!/:?]
	at net.minecraft.client.MouseHandler.m_91565_(MouseHandler.java:188) ~[client-1.20.1-20230612.114412-srg.jar%23206!/:?]
	at org.lwjgl.glfw.GLFWMouseButtonCallbackI.callback(GLFWMouseButtonCallbackI.java:43) ~[lwjgl-glfw-3.3.1.jar%23120!/:build 7]
	at org.lwjgl.system.JNI.invokeV(Native Method) ~[lwjgl-3.3.1.jar%23132!/:build 7]
	at org.lwjgl.glfw.GLFW.glfwWaitEventsTimeout(GLFW.java:3474) ~[lwjgl-glfw-3.3.1.jar%23120!/:build 7]
	at com.mojang.blaze3d.systems.RenderSystem.limitDisplayFPS(RenderSystem.java:237) ~[client-1.20.1-20230612.114412-srg.jar%23206!/:?]
	at net.minecraft.client.Minecraft.m_91383_(Minecraft.java:1173) ~[client-1.20.1-20230612.114412-srg.jar%23206!/:?]
	at net.minecraft.client.Minecraft.m_91374_(Minecraft.java:718) ~[client-1.20.1-20230612.114412-srg.jar%23206!/:?]
	at net.minecraft.client.main.Main.main(Main.java:218) ~[%e6%a4%8d%e7%89%a9%e7%a7%91%e6%8a%80.jar:?]
	at jdk.internal.reflect.DirectMethodHandleAccessor.invoke(DirectMethodHandleAccessor.java:103) ~[?:?]
	at java.lang.reflect.Method.invoke(Method.java:580) ~[?:?]
	at net.minecraftforge.fml.loading.targets.CommonLaunchHandler.runTarget(CommonLaunchHandler.java:111) ~[fmlloader-1.20.1-47.4.21.jar:?]
	at net.minecraftforge.fml.loading.targets.CommonLaunchHandler.clientService(CommonLaunchHandler.java:99) ~[fmlloader-1.20.1-47.4.21.jar:?]
	at net.minecraftforge.fml.loading.targets.CommonClientLaunchHandler.lambda$makeService$0(CommonClientLaunchHandler.java:25) ~[fmlloader-1.20.1-47.4.21.jar:?]
	at cpw.mods.modlauncher.LaunchServiceHandlerDecorator.launch(LaunchServiceHandlerDecorator.java:30) ~[modlauncher-10.0.9.jar:?]
	at cpw.mods.modlauncher.LaunchServiceHandler.launch(LaunchServiceHandler.java:53) ~[modlauncher-10.0.9.jar:?]
	at cpw.mods.modlauncher.LaunchServiceHandler.launch(LaunchServiceHandler.java:71) ~[modlauncher-10.0.9.jar:?]
	at cpw.mods.modlauncher.Launcher.run(Launcher.java:108) ~[modlauncher-10.0.9.jar:?]
	at cpw.mods.modlauncher.Launcher.main(Launcher.java:78) ~[modlauncher-10.0.9.jar:?]
	at cpw.mods.modlauncher.BootstrapLaunchConsumer.accept(BootstrapLaunchConsumer.java:26) ~[modlauncher-10.0.9.jar:?]
	at cpw.mods.modlauncher.BootstrapLaunchConsumer.accept(BootstrapLaunchConsumer.java:23) ~[modlauncher-10.0.9.jar:?]
	at cpw.mods.bootstraplauncher.BootstrapLauncher.main(BootstrapLauncher.java:141) ~[bootstraplauncher-1.1.2.jar:?]
[228月2026 22:28:25.104] [Render thread/ERROR] [Apotheosis : Adventure/]: Failed to execute ShieldBreakerTest
java.lang.NullPointerException: Cannot invoke "net.minecraft.world.entity.LivingEntity.m_213824_()" because "attacker" is null
	at net.minecraftforge.common.extensions.IForgeItem.canDisableShield(IForgeItem.java:695) ~[forge-1.20.1-47.4.21-universal.jar%23211!/:?]
	at net.minecraftforge.common.extensions.IForgeItemStack.canDisableShield(IForgeItemStack.java:233) ~[forge-1.20.1-47.4.21-universal.jar%23211!/:?]
	at dev.shadowsoffire.apotheosis.adventure.loot.ShieldBreakerTest.test(ShieldBreakerTest.java:48) ~[%5B神化%5D%20Apotheosis-1.20.1-7.4.6.jar%23185!/:7.4.6]
	at dev.shadowsoffire.apotheosis.adventure.loot.ShieldBreakerTest.test(ShieldBreakerTest.java:25) ~[%5B神化%5D%20Apotheosis-1.20.1-7.4.6.jar%23185!/:7.4.6]
	at dev.shadowsoffire.apotheosis.adventure.loot.LootCategory.isValid(LootCategory.java:89) ~[%5B神化%5D%20Apotheosis-1.20.1-7.4.6.jar%23185!/:7.4.6]
	at dev.shadowsoffire.apotheosis.adventure.loot.LootCategory.forItem(LootCategory.java:182) ~[%5B神化%5D%20Apotheosis-1.20.1-7.4.6.jar%23185!/:7.4.6]
	at dev.shadowsoffire.apotheosis.adventure.loot.AffixLootEntry.getType(AffixLootEntry.java:91) ~[%5B神化%5D%20Apotheosis-1.20.1-7.4.6.jar%23185!/:7.4.6]
	at dev.shadowsoffire.apotheosis.adventure.loot.AffixLootRegistry.validateItem(AffixLootRegistry.java:30) ~[%5B神化%5D%20Apotheosis-1.20.1-7.4.6.jar%23185!/:7.4.6]
	at dev.shadowsoffire.apotheosis.adventure.loot.AffixLootRegistry.validateItem(AffixLootRegistry.java:13) ~[%5B神化%5D%20Apotheosis-1.20.1-7.4.6.jar%23185!/:7.4.6]
	at dev.shadowsoffire.placebo.reload.DynamicRegistry.register(DynamicRegistry.java:322) ~[Placebo-1.20.1-8.6.3.jar%23203!/:8.6.3]
	at dev.shadowsoffire.placebo.reload.DynamicRegistry.lambda$apply$0(DynamicRegistry.java:143) ~[Placebo-1.20.1-8.6.3.jar%23203!/:8.6.3]
	at java.util.HashMap.forEach(HashMap.java:1429) ~[?:?]
	at dev.shadowsoffire.placebo.reload.DynamicRegistry.apply(DynamicRegistry.java:136) ~[Placebo-1.20.1-8.6.3.jar%23203!/:8.6.3]
	at dev.shadowsoffire.placebo.reload.DynamicRegistry.m_5787_(DynamicRegistry.java:62) ~[Placebo-1.20.1-8.6.3.jar%23203!/:8.6.3]
	at net.minecraft.server.packs.resources.SimplePreparableReloadListener.m_10789_(SimplePreparableReloadListener.java:13) ~[client-1.20.1-20230612.114412-srg.jar%23206!/:?]
	at java.util.concurrent.CompletableFuture$UniAccept.tryFire(CompletableFuture.java:718) ~[?:?]
	at java.util.concurrent.CompletableFuture$Completion.run(CompletableFuture.java:482) ~[?:?]
	at net.minecraft.server.packs.resources.SimpleReloadInstance.m_143940_(SimpleReloadInstance.java:69) ~[client-1.20.1-20230612.114412-srg.jar%23206!/:?]
	at net.minecraft.util.thread.BlockableEventLoop.m_6367_(BlockableEventLoop.java:156) ~[client-1.20.1-20230612.114412-srg.jar%23206!/:?]
	at net.minecraft.util.thread.ReentrantBlockableEventLoop.m_6367_(ReentrantBlockableEventLoop.java:23) ~[client-1.20.1-20230612.114412-srg.jar%23206!/:?]
	at net.minecraft.util.thread.BlockableEventLoop.m_7245_(BlockableEventLoop.java:130) ~[client-1.20.1-20230612.114412-srg.jar%23206!/:?]
	at net.minecraft.util.thread.BlockableEventLoop.m_18701_(BlockableEventLoop.java:139) ~[client-1.20.1-20230612.114412-srg.jar%23206!/:?]
	at net.minecraft.client.gui.screens.worldselection.WorldOpenFlows.m_246486_(WorldOpenFlows.java:163) ~[client-1.20.1-20230612.114412-srg.jar%23206!/:?]
	at net.minecraft.client.gui.screens.worldselection.WorldOpenFlows.m_233122_(WorldOpenFlows.java:113) ~[client-1.20.1-20230612.114412-srg.jar%23206!/:?]
	at net.minecraft.client.gui.screens.worldselection.WorldOpenFlows.doLoadLevel(WorldOpenFlows.java:181) ~[client-1.20.1-20230612.114412-srg.jar%23206!/:?]
	at net.minecraft.client.gui.screens.worldselection.WorldOpenFlows.m_233145_(WorldOpenFlows.java:169) ~[client-1.20.1-20230612.114412-srg.jar%23206!/:?]
	at net.minecraft.client.gui.screens.worldselection.WorldOpenFlows.m_233133_(WorldOpenFlows.java:65) ~[client-1.20.1-20230612.114412-srg.jar%23206!/:?]
	at net.minecraft.client.gui.screens.worldselection.WorldSelectionList$WorldListEntry.m_101744_(WorldSelectionList.java:575) ~[client-1.20.1-20230612.114412-srg.jar%23206!/:?]
	at net.minecraft.client.gui.screens.worldselection.WorldSelectionList$WorldListEntry.m_101704_(WorldSelectionList.java:474) ~[client-1.20.1-20230612.114412-srg.jar%23206!/:?]
	at net.minecraft.client.gui.screens.worldselection.WorldSelectionList$WorldListEntry.m_6375_(WorldSelectionList.java:413) ~[client-1.20.1-20230612.114412-srg.jar%23206!/:?]
	at net.minecraft.client.gui.components.AbstractSelectionList.m_6375_(AbstractSelectionList.java:298) ~[client-1.20.1-20230612.114412-srg.jar%23206!/:?]
	at net.minecraft.client.gui.components.events.ContainerEventHandler.m_6375_(ContainerEventHandler.java:38) ~[client-1.20.1-20230612.114412-srg.jar%23206!/:?]
	at net.minecraft.client.MouseHandler.m_168084_(MouseHandler.java:92) ~[client-1.20.1-20230612.114412-srg.jar%23206!/:?]
	at net.minecraft.client.gui.screens.Screen.m_96579_(Screen.java:437) ~[client-1.20.1-20230612.114412-srg.jar%23206!/:?]
	at net.minecraft.client.MouseHandler.m_91530_(MouseHandler.java:89) ~[client-1.20.1-20230612.114412-srg.jar%23206!/:?]
	at net.minecraft.client.MouseHandler.m_168091_(MouseHandler.java:189) ~[client-1.20.1-20230612.114412-srg.jar%23206!/:?]
	at net.minecraft.util.thread.BlockableEventLoop.execute(BlockableEventLoop.java:102) ~[client-1.20.1-20230612.114412-srg.jar%23206!/:?]
	at net.minecraft.client.MouseHandler.m_91565_(MouseHandler.java:188) ~[client-1.20.1-20230612.114412-srg.jar%23206!/:?]
	at org.lwjgl.glfw.GLFWMouseButtonCallbackI.callback(GLFWMouseButtonCallbackI.java:43) ~[lwjgl-glfw-3.3.1.jar%23120!/:build 7]
	at org.lwjgl.system.JNI.invokeV(Native Method) ~[lwjgl-3.3.1.jar%23132!/:build 7]
	at org.lwjgl.glfw.GLFW.glfwWaitEventsTimeout(GLFW.java:3474) ~[lwjgl-glfw-3.3.1.jar%23120!/:build 7]
	at com.mojang.blaze3d.systems.RenderSystem.limitDisplayFPS(RenderSystem.java:237) ~[client-1.20.1-20230612.114412-srg.jar%23206!/:?]
	at net.minecraft.client.Minecraft.m_91383_(Minecraft.java:1173) ~[client-1.20.1-20230612.114412-srg.jar%23206!/:?]
	at net.minecraft.client.Minecraft.m_91374_(Minecraft.java:718) ~[client-1.20.1-20230612.114412-srg.jar%23206!/:?]
	at net.minecraft.client.main.Main.main(Main.java:218) ~[%e6%a4%8d%e7%89%a9%e7%a7%91%e6%8a%80.jar:?]
	at jdk.internal.reflect.DirectMethodHandleAccessor.invoke(DirectMethodHandleAccessor.java:103) ~[?:?]
	at java.lang.reflect.Method.invoke(Method.java:580) ~[?:?]
	at net.minecraftforge.fml.loading.targets.CommonLaunchHandler.runTarget(CommonLaunchHandler.java:111) ~[fmlloader-1.20.1-47.4.21.jar:?]
	at net.minecraftforge.fml.loading.targets.CommonLaunchHandler.clientService(CommonLaunchHandler.java:99) ~[fmlloader-1.20.1-47.4.21.jar:?]
	at net.minecraftforge.fml.loading.targets.CommonClientLaunchHandler.lambda$makeService$0(CommonClientLaunchHandler.java:25) ~[fmlloader-1.20.1-47.4.21.jar:?]
	at cpw.mods.modlauncher.LaunchServiceHandlerDecorator.launch(LaunchServiceHandlerDecorator.java:30) ~[modlauncher-10.0.9.jar:?]
	at cpw.mods.modlauncher.LaunchServiceHandler.launch(LaunchServiceHandler.java:53) ~[modlauncher-10.0.9.jar:?]
	at cpw.mods.modlauncher.LaunchServiceHandler.launch(LaunchServiceHandler.java:71) ~[modlauncher-10.0.9.jar:?]
	at cpw.mods.modlauncher.Launcher.run(Launcher.java:108) ~[modlauncher-10.0.9.jar:?]
	at cpw.mods.modlauncher.Launcher.main(Launcher.java:78) ~[modlauncher-10.0.9.jar:?]
	at cpw.mods.modlauncher.BootstrapLaunchConsumer.accept(BootstrapLaunchConsumer.java:26) ~[modlauncher-10.0.9.jar:?]
	at cpw.mods.modlauncher.BootstrapLaunchConsumer.accept(BootstrapLaunchConsumer.java:23) ~[modlauncher-10.0.9.jar:?]
	at cpw.mods.bootstraplauncher.BootstrapLauncher.main(BootstrapLauncher.java:141) ~[bootstraplauncher-1.1.2.jar:?]
[228月2026 22:28:25.105] [Render thread/ERROR] [Apotheosis : Adventure/]: Failed to execute ShieldBreakerTest
java.lang.NullPointerException: Cannot invoke "net.minecraft.world.entity.LivingEntity.m_213824_()" because "attacker" is null
	at net.minecraftforge.common.extensions.IForgeItem.canDisableShield(IForgeItem.java:695) ~[forge-1.20.1-47.4.21-universal.jar%23211!/:?]
	at net.minecraftforge.common.extensions.IForgeItemStack.canDisableShield(IForgeItemStack.java:233) ~[forge-1.20.1-47.4.21-universal.jar%23211!/:?]
	at dev.shadowsoffire.apotheosis.adventure.loot.ShieldBreakerTest.test(ShieldBreakerTest.java:48) ~[%5B神化%5D%20Apotheosis-1.20.1-7.4.6.jar%23185!/:7.4.6]
	at dev.shadowsoffire.apotheosis.adventure.loot.ShieldBreakerTest.test(ShieldBreakerTest.java:25) ~[%5B神化%5D%20Apotheosis-1.20.1-7.4.6.jar%23185!/:7.4.6]
	at dev.shadowsoffire.apotheosis.adventure.loot.LootCategory.isValid(LootCategory.java:89) ~[%5B神化%5D%20Apotheosis-1.20.1-7.4.6.jar%23185!/:7.4.6]
	at dev.shadowsoffire.apotheosis.adventure.loot.LootCategory.forItem(LootCategory.java:182) ~[%5B神化%5D%20Apotheosis-1.20.1-7.4.6.jar%23185!/:7.4.6]
	at dev.shadowsoffire.apotheosis.adventure.loot.AffixLootEntry.getType(AffixLootEntry.java:91) ~[%5B神化%5D%20Apotheosis-1.20.1-7.4.6.jar%23185!/:7.4.6]
	at dev.shadowsoffire.apotheosis.adventure.loot.AffixLootRegistry.validateItem(AffixLootRegistry.java:30) ~[%5B神化%5D%20Apotheosis-1.20.1-7.4.6.jar%23185!/:7.4.6]
	at dev.shadowsoffire.apotheosis.adventure.loot.AffixLootRegistry.validateItem(AffixLootRegistry.java:13) ~[%5B神化%5D%20Apotheosis-1.20.1-7.4.6.jar%23185!/:7.4.6]
	at dev.shadowsoffire.placebo.reload.DynamicRegistry.register(DynamicRegistry.java:322) ~[Placebo-1.20.1-8.6.3.jar%23203!/:8.6.3]
	at dev.shadowsoffire.placebo.reload.DynamicRegistry.lambda$apply$0(DynamicRegistry.java:143) ~[Placebo-1.20.1-8.6.3.jar%23203!/:8.6.3]
	at java.util.HashMap.forEach(HashMap.java:1429) ~[?:?]
	at dev.shadowsoffire.placebo.reload.DynamicRegistry.apply(DynamicRegistry.java:136) ~[Placebo-1.20.1-8.6.3.jar%23203!/:8.6.3]
	at dev.shadowsoffire.placebo.reload.DynamicRegistry.m_5787_(DynamicRegistry.java:62) ~[Placebo-1.20.1-8.6.3.jar%23203!/:8.6.3]
	at net.minecraft.server.packs.resources.SimplePreparableReloadListener.m_10789_(SimplePreparableReloadListener.java:13) ~[client-1.20.1-20230612.114412-srg.jar%23206!/:?]
	at java.util.concurrent.CompletableFuture$UniAccept.tryFire(CompletableFuture.java:718) ~[?:?]
	at java.util.concurrent.CompletableFuture$Completion.run(CompletableFuture.java:482) ~[?:?]
	at net.minecraft.server.packs.resources.SimpleReloadInstance.m_143940_(SimpleReloadInstance.java:69) ~[client-1.20.1-20230612.114412-srg.jar%23206!/:?]
	at net.minecraft.util.thread.BlockableEventLoop.m_6367_(BlockableEventLoop.java:156) ~[client-1.20.1-20230612.114412-srg.jar%23206!/:?]
	at net.minecraft.util.thread.ReentrantBlockableEventLoop.m_6367_(ReentrantBlockableEventLoop.java:23) ~[client-1.20.1-20230612.114412-srg.jar%23206!/:?]
	at net.minecraft.util.thread.BlockableEventLoop.m_7245_(BlockableEventLoop.java:130) ~[client-1.20.1-20230612.114412-srg.jar%23206!/:?]
	at net.minecraft.util.thread.BlockableEventLoop.m_18701_(BlockableEventLoop.java:139) ~[client-1.20.1-20230612.114412-srg.jar%23206!/:?]
	at net.minecraft.client.gui.screens.worldselection.WorldOpenFlows.m_246486_(WorldOpenFlows.java:163) ~[client-1.20.1-20230612.114412-srg.jar%23206!/:?]
	at net.minecraft.client.gui.screens.worldselection.WorldOpenFlows.m_233122_(WorldOpenFlows.java:113) ~[client-1.20.1-20230612.114412-srg.jar%23206!/:?]
	at net.minecraft.client.gui.screens.worldselection.WorldOpenFlows.doLoadLevel(WorldOpenFlows.java:181) ~[client-1.20.1-20230612.114412-srg.jar%23206!/:?]
	at net.minecraft.client.gui.screens.worldselection.WorldOpenFlows.m_233145_(WorldOpenFlows.java:169) ~[client-1.20.1-20230612.114412-srg.jar%23206!/:?]
	at net.minecraft.client.gui.screens.worldselection.WorldOpenFlows.m_233133_(WorldOpenFlows.java:65) ~[client-1.20.1-20230612.114412-srg.jar%23206!/:?]
	at net.minecraft.client.gui.screens.worldselection.WorldSelectionList$WorldListEntry.m_101744_(WorldSelectionList.java:575) ~[client-1.20.1-20230612.114412-srg.jar%23206!/:?]
	at net.minecraft.client.gui.screens.worldselection.WorldSelectionList$WorldListEntry.m_101704_(WorldSelectionList.java:474) ~[client-1.20.1-20230612.114412-srg.jar%23206!/:?]
	at net.minecraft.client.gui.screens.worldselection.WorldSelectionList$WorldListEntry.m_6375_(WorldSelectionList.java:413) ~[client-1.20.1-20230612.114412-srg.jar%23206!/:?]
	at net.minecraft.client.gui.components.AbstractSelectionList.m_6375_(AbstractSelectionList.java:298) ~[client-1.20.1-20230612.114412-srg.jar%23206!/:?]
	at net.minecraft.client.gui.components.events.ContainerEventHandler.m_6375_(ContainerEventHandler.java:38) ~[client-1.20.1-20230612.114412-srg.jar%23206!/:?]
	at net.minecraft.client.MouseHandler.m_168084_(MouseHandler.java:92) ~[client-1.20.1-20230612.114412-srg.jar%23206!/:?]
	at net.minecraft.client.gui.screens.Screen.m_96579_(Screen.java:437) ~[client-1.20.1-20230612.114412-srg.jar%23206!/:?]
	at net.minecraft.client.MouseHandler.m_91530_(MouseHandler.java:89) ~[client-1.20.1-20230612.114412-srg.jar%23206!/:?]
	at net.minecraft.client.MouseHandler.m_168091_(MouseHandler.java:189) ~[client-1.20.1-20230612.114412-srg.jar%23206!/:?]
	at net.minecraft.util.thread.BlockableEventLoop.execute(BlockableEventLoop.java:102) ~[client-1.20.1-20230612.114412-srg.jar%23206!/:?]
	at net.minecraft.client.MouseHandler.m_91565_(MouseHandler.java:188) ~[client-1.20.1-20230612.114412-srg.jar%23206!/:?]
	at org.lwjgl.glfw.GLFWMouseButtonCallbackI.callback(GLFWMouseButtonCallbackI.java:43) ~[lwjgl-glfw-3.3.1.jar%23120!/:build 7]
	at org.lwjgl.system.JNI.invokeV(Native Method) ~[lwjgl-3.3.1.jar%23132!/:build 7]
	at org.lwjgl.glfw.GLFW.glfwWaitEventsTimeout(GLFW.java:3474) ~[lwjgl-glfw-3.3.1.jar%23120!/:build 7]
	at com.mojang.blaze3d.systems.RenderSystem.limitDisplayFPS(RenderSystem.java:237) ~[client-1.20.1-20230612.114412-srg.jar%23206!/:?]
	at net.minecraft.client.Minecraft.m_91383_(Minecraft.java:1173) ~[client-1.20.1-20230612.114412-srg.jar%23206!/:?]
	at net.minecraft.client.Minecraft.m_91374_(Minecraft.java:718) ~[client-1.20.1-20230612.114412-srg.jar%23206!/:?]
	at net.minecraft.client.main.Main.main(Main.java:218) ~[%e6%a4%8d%e7%89%a9%e7%a7%91%e6%8a%80.jar:?]
	at jdk.internal.reflect.DirectMethodHandleAccessor.invoke(DirectMethodHandleAccessor.java:103) ~[?:?]
	at java.lang.reflect.Method.invoke(Method.java:580) ~[?:?]
	at net.minecraftforge.fml.loading.targets.CommonLaunchHandler.runTarget(CommonLaunchHandler.java:111) ~[fmlloader-1.20.1-47.4.21.jar:?]
	at net.minecraftforge.fml.loading.targets.CommonLaunchHandler.clientService(CommonLaunchHandler.java:99) ~[fmlloader-1.20.1-47.4.21.jar:?]
	at net.minecraftforge.fml.loading.targets.CommonClientLaunchHandler.lambda$makeService$0(CommonClientLaunchHandler.java:25) ~[fmlloader-1.20.1-47.4.21.jar:?]
	at cpw.mods.modlauncher.LaunchServiceHandlerDecorator.launch(LaunchServiceHandlerDecorator.java:30) ~[modlauncher-10.0.9.jar:?]
	at cpw.mods.modlauncher.LaunchServiceHandler.launch(LaunchServiceHandler.java:53) ~[modlauncher-10.0.9.jar:?]
	at cpw.mods.modlauncher.LaunchServiceHandler.launch(LaunchServiceHandler.java:71) ~[modlauncher-10.0.9.jar:?]
	at cpw.mods.modlauncher.Launcher.run(Launcher.java:108) ~[modlauncher-10.0.9.jar:?]
	at cpw.mods.modlauncher.Launcher.main(Launcher.java:78) ~[modlauncher-10.0.9.jar:?]
	at cpw.mods.modlauncher.BootstrapLaunchConsumer.accept(BootstrapLaunchConsumer.java:26) ~[modlauncher-10.0.9.jar:?]
	at cpw.mods.modlauncher.BootstrapLaunchConsumer.accept(BootstrapLaunchConsumer.java:23) ~[modlauncher-10.0.9.jar:?]
	at cpw.mods.bootstraplauncher.BootstrapLauncher.main(BootstrapLauncher.java:141) ~[bootstraplauncher-1.1.2.jar:?]
[228月2026 22:28:25.107] [Render thread/ERROR] [Apotheosis : Adventure/]: Failed to execute ShieldBreakerTest
java.lang.NullPointerException: Cannot invoke "net.minecraft.world.entity.LivingEntity.m_213824_()" because "attacker" is null
	at net.minecraftforge.common.extensions.IForgeItem.canDisableShield(IForgeItem.java:695) ~[forge-1.20.1-47.4.21-universal.jar%23211!/:?]
	at net.minecraftforge.common.extensions.IForgeItemStack.canDisableShield(IForgeItemStack.java:233) ~[forge-1.20.1-47.4.21-universal.jar%23211!/:?]
	at dev.shadowsoffire.apotheosis.adventure.loot.ShieldBreakerTest.test(ShieldBreakerTest.java:48) ~[%5B神化%5D%20Apotheosis-1.20.1-7.4.6.jar%23185!/:7.4.6]
	at dev.shadowsoffire.apotheosis.adventure.loot.ShieldBreakerTest.test(ShieldBreakerTest.java:25) ~[%5B神化%5D%20Apotheosis-1.20.1-7.4.6.jar%23185!/:7.4.6]
	at dev.shadowsoffire.apotheosis.adventure.loot.LootCategory.isValid(LootCategory.java:89) ~[%5B神化%5D%20Apotheosis-1.20.1-7.4.6.jar%23185!/:7.4.6]
	at dev.shadowsoffire.apotheosis.adventure.loot.LootCategory.forItem(LootCategory.java:182) ~[%5B神化%5D%20Apotheosis-1.20.1-7.4.6.jar%23185!/:7.4.6]
	at dev.shadowsoffire.apotheosis.adventure.loot.AffixLootEntry.getType(AffixLootEntry.java:91) ~[%5B神化%5D%20Apotheosis-1.20.1-7.4.6.jar%23185!/:7.4.6]
	at dev.shadowsoffire.apotheosis.adventure.loot.AffixLootRegistry.validateItem(AffixLootRegistry.java:30) ~[%5B神化%5D%20Apotheosis-1.20.1-7.4.6.jar%23185!/:7.4.6]
	at dev.shadowsoffire.apotheosis.adventure.loot.AffixLootRegistry.validateItem(AffixLootRegistry.java:13) ~[%5B神化%5D%20Apotheosis-1.20.1-7.4.6.jar%23185!/:7.4.6]
	at dev.shadowsoffire.placebo.reload.DynamicRegistry.register(DynamicRegistry.java:322) ~[Placebo-1.20.1-8.6.3.jar%23203!/:8.6.3]
	at dev.shadowsoffire.placebo.reload.DynamicRegistry.lambda$apply$0(DynamicRegistry.java:143) ~[Placebo-1.20.1-8.6.3.jar%23203!/:8.6.3]
	at java.util.HashMap.forEach(HashMap.java:1429) ~[?:?]
	at dev.shadowsoffire.placebo.reload.DynamicRegistry.apply(DynamicRegistry.java:136) ~[Placebo-1.20.1-8.6.3.jar%23203!/:8.6.3]
	at dev.shadowsoffire.placebo.reload.DynamicRegistry.m_5787_(DynamicRegistry.java:62) ~[Placebo-1.20.1-8.6.3.jar%23203!/:8.6.3]
	at net.minecraft.server.packs.resources.SimplePreparableReloadListener.m_10789_(SimplePreparableReloadListener.java:13) ~[client-1.20.1-20230612.114412-srg.jar%23206!/:?]
	at java.util.concurrent.CompletableFuture$UniAccept.tryFire(CompletableFuture.java:718) ~[?:?]
	at java.util.concurrent.CompletableFuture$Completion.run(CompletableFuture.java:482) ~[?:?]
	at net.minecraft.server.packs.resources.SimpleReloadInstance.m_143940_(SimpleReloadInstance.java:69) ~[client-1.20.1-20230612.114412-srg.jar%23206!/:?]
	at net.minecraft.util.thread.BlockableEventLoop.m_6367_(BlockableEventLoop.java:156) ~[client-1.20.1-20230612.114412-srg.jar%23206!/:?]
	at net.minecraft.util.thread.ReentrantBlockableEventLoop.m_6367_(ReentrantBlockableEventLoop.java:23) ~[client-1.20.1-20230612.114412-srg.jar%23206!/:?]
	at net.minecraft.util.thread.BlockableEventLoop.m_7245_(BlockableEventLoop.java:130) ~[client-1.20.1-20230612.114412-srg.jar%23206!/:?]
	at net.minecraft.util.thread.BlockableEventLoop.m_18701_(BlockableEventLoop.java:139) ~[client-1.20.1-20230612.114412-srg.jar%23206!/:?]
	at net.minecraft.client.gui.screens.worldselection.WorldOpenFlows.m_246486_(WorldOpenFlows.java:163) ~[client-1.20.1-20230612.114412-srg.jar%23206!/:?]
	at net.minecraft.client.gui.screens.worldselection.WorldOpenFlows.m_233122_(WorldOpenFlows.java:113) ~[client-1.20.1-20230612.114412-srg.jar%23206!/:?]
	at net.minecraft.client.gui.screens.worldselection.WorldOpenFlows.doLoadLevel(WorldOpenFlows.java:181) ~[client-1.20.1-20230612.114412-srg.jar%23206!/:?]
	at net.minecraft.client.gui.screens.worldselection.WorldOpenFlows.m_233145_(WorldOpenFlows.java:169) ~[client-1.20.1-20230612.114412-srg.jar%23206!/:?]
	at net.minecraft.client.gui.screens.worldselection.WorldOpenFlows.m_233133_(WorldOpenFlows.java:65) ~[client-1.20.1-20230612.114412-srg.jar%23206!/:?]
	at net.minecraft.client.gui.screens.worldselection.WorldSelectionList$WorldListEntry.m_101744_(WorldSelectionList.java:575) ~[client-1.20.1-20230612.114412-srg.jar%23206!/:?]
	at net.minecraft.client.gui.screens.worldselection.WorldSelectionList$WorldListEntry.m_101704_(WorldSelectionList.java:474) ~[client-1.20.1-20230612.114412-srg.jar%23206!/:?]
	at net.minecraft.client.gui.screens.worldselection.WorldSelectionList$WorldListEntry.m_6375_(WorldSelectionList.java:413) ~[client-1.20.1-20230612.114412-srg.jar%23206!/:?]
	at net.minecraft.client.gui.components.AbstractSelectionList.m_6375_(AbstractSelectionList.java:298) ~[client-1.20.1-20230612.114412-srg.jar%23206!/:?]
	at net.minecraft.client.gui.components.events.ContainerEventHandler.m_6375_(ContainerEventHandler.java:38) ~[client-1.20.1-20230612.114412-srg.jar%23206!/:?]
	at net.minecraft.client.MouseHandler.m_168084_(MouseHandler.java:92) ~[client-1.20.1-20230612.114412-srg.jar%23206!/:?]
	at net.minecraft.client.gui.screens.Screen.m_96579_(Screen.java:437) ~[client-1.20.1-20230612.114412-srg.jar%23206!/:?]
	at net.minecraft.client.MouseHandler.m_91530_(MouseHandler.java:89) ~[client-1.20.1-20230612.114412-srg.jar%23206!/:?]
	at net.minecraft.client.MouseHandler.m_168091_(MouseHandler.java:189) ~[client-1.20.1-20230612.114412-srg.jar%23206!/:?]
	at net.minecraft.util.thread.BlockableEventLoop.execute(BlockableEventLoop.java:102) ~[client-1.20.1-20230612.114412-srg.jar%23206!/:?]
	at net.minecraft.client.MouseHandler.m_91565_(MouseHandler.java:188) ~[client-1.20.1-20230612.114412-srg.jar%23206!/:?]
	at org.lwjgl.glfw.GLFWMouseButtonCallbackI.callback(GLFWMouseButtonCallbackI.java:43) ~[lwjgl-glfw-3.3.1.jar%23120!/:build 7]
	at org.lwjgl.system.JNI.invokeV(Native Method) ~[lwjgl-3.3.1.jar%23132!/:build 7]
	at org.lwjgl.glfw.GLFW.glfwWaitEventsTimeout(GLFW.java:3474) ~[lwjgl-glfw-3.3.1.jar%23120!/:build 7]
	at com.mojang.blaze3d.systems.RenderSystem.limitDisplayFPS(RenderSystem.java:237) ~[client-1.20.1-20230612.114412-srg.jar%23206!/:?]
	at net.minecraft.client.Minecraft.m_91383_(Minecraft.java:1173) ~[client-1.20.1-20230612.114412-srg.jar%23206!/:?]
	at net.minecraft.client.Minecraft.m_91374_(Minecraft.java:718) ~[client-1.20.1-20230612.114412-srg.jar%23206!/:?]
	at net.minecraft.client.main.Main.main(Main.java:218) ~[%e6%a4%8d%e7%89%a9%e7%a7%91%e6%8a%80.jar:?]
	at jdk.internal.reflect.DirectMethodHandleAccessor.invoke(DirectMethodHandleAccessor.java:103) ~[?:?]
	at java.lang.reflect.Method.invoke(Method.java:580) ~[?:?]
	at net.minecraftforge.fml.loading.targets.CommonLaunchHandler.runTarget(CommonLaunchHandler.java:111) ~[fmlloader-1.20.1-47.4.21.jar:?]
	at net.minecraftforge.fml.loading.targets.CommonLaunchHandler.clientService(CommonLaunchHandler.java:99) ~[fmlloader-1.20.1-47.4.21.jar:?]
	at net.minecraftforge.fml.loading.targets.CommonClientLaunchHandler.lambda$makeService$0(CommonClientLaunchHandler.java:25) ~[fmlloader-1.20.1-47.4.21.jar:?]
	at cpw.mods.modlauncher.LaunchServiceHandlerDecorator.launch(LaunchServiceHandlerDecorator.java:30) ~[modlauncher-10.0.9.jar:?]
	at cpw.mods.modlauncher.LaunchServiceHandler.launch(LaunchServiceHandler.java:53) ~[modlauncher-10.0.9.jar:?]
	at cpw.mods.modlauncher.LaunchServiceHandler.launch(LaunchServiceHandler.java:71) ~[modlauncher-10.0.9.jar:?]
	at cpw.mods.modlauncher.Launcher.run(Launcher.java:108) ~[modlauncher-10.0.9.jar:?]
	at cpw.mods.modlauncher.Launcher.main(Launcher.java:78) ~[modlauncher-10.0.9.jar:?]
	at cpw.mods.modlauncher.BootstrapLaunchConsumer.accept(BootstrapLaunchConsumer.java:26) ~[modlauncher-10.0.9.jar:?]
	at cpw.mods.modlauncher.BootstrapLaunchConsumer.accept(BootstrapLaunchConsumer.java:23) ~[modlauncher-10.0.9.jar:?]
	at cpw.mods.bootstraplauncher.BootstrapLauncher.main(BootstrapLauncher.java:141) ~[bootstraplauncher-1.1.2.jar:?]
[228月2026 22:28:25.108] [Render thread/ERROR] [Apotheosis : Adventure/]: Failed to execute ShieldBreakerTest
java.lang.NullPointerException: Cannot invoke "net.minecraft.world.entity.LivingEntity.m_213824_()" because "attacker" is null
	at net.minecraftforge.common.extensions.IForgeItem.canDisableShield(IForgeItem.java:695) ~[forge-1.20.1-47.4.21-universal.jar%23211!/:?]
	at net.minecraftforge.common.extensions.IForgeItemStack.canDisableShield(IForgeItemStack.java:233) ~[forge-1.20.1-47.4.21-universal.jar%23211!/:?]
	at dev.shadowsoffire.apotheosis.adventure.loot.ShieldBreakerTest.test(ShieldBreakerTest.java:48) ~[%5B神化%5D%20Apotheosis-1.20.1-7.4.6.jar%23185!/:7.4.6]
	at dev.shadowsoffire.apotheosis.adventure.loot.ShieldBreakerTest.test(ShieldBreakerTest.java:25) ~[%5B神化%5D%20Apotheosis-1.20.1-7.4.6.jar%23185!/:7.4.6]
	at dev.shadowsoffire.apotheosis.adventure.loot.LootCategory.isValid(LootCategory.java:89) ~[%5B神化%5D%20Apotheosis-1.20.1-7.4.6.jar%23185!/:7.4.6]
	at dev.shadowsoffire.apotheosis.adventure.loot.LootCategory.forItem(LootCategory.java:182) ~[%5B神化%5D%20Apotheosis-1.20.1-7.4.6.jar%23185!/:7.4.6]
	at dev.shadowsoffire.apotheosis.adventure.loot.AffixLootEntry.getType(AffixLootEntry.java:91) ~[%5B神化%5D%20Apotheosis-1.20.1-7.4.6.jar%23185!/:7.4.6]
	at dev.shadowsoffire.apotheosis.adventure.loot.AffixLootRegistry.validateItem(AffixLootRegistry.java:30) ~[%5B神化%5D%20Apotheosis-1.20.1-7.4.6.jar%23185!/:7.4.6]
	at dev.shadowsoffire.apotheosis.adventure.loot.AffixLootRegistry.validateItem(AffixLootRegistry.java:13) ~[%5B神化%5D%20Apotheosis-1.20.1-7.4.6.jar%23185!/:7.4.6]
	at dev.shadowsoffire.placebo.reload.DynamicRegistry.register(DynamicRegistry.java:322) ~[Placebo-1.20.1-8.6.3.jar%23203!/:8.6.3]
	at dev.shadowsoffire.placebo.reload.DynamicRegistry.lambda$apply$0(DynamicRegistry.java:143) ~[Placebo-1.20.1-8.6.3.jar%23203!/:8.6.3]
	at java.util.HashMap.forEach(HashMap.java:1429) ~[?:?]
	at dev.shadowsoffire.placebo.reload.DynamicRegistry.apply(DynamicRegistry.java:136) ~[Placebo-1.20.1-8.6.3.jar%23203!/:8.6.3]
	at dev.shadowsoffire.placebo.reload.DynamicRegistry.m_5787_(DynamicRegistry.java:62) ~[Placebo-1.20.1-8.6.3.jar%23203!/:8.6.3]
	at net.minecraft.server.packs.resources.SimplePreparableReloadListener.m_10789_(SimplePreparableReloadListener.java:13) ~[client-1.20.1-20230612.114412-srg.jar%23206!/:?]
	at java.util.concurrent.CompletableFuture$UniAccept.tryFire(CompletableFuture.java:718) ~[?:?]
	at java.util.concurrent.CompletableFuture$Completion.run(CompletableFuture.java:482) ~[?:?]
	at net.minecraft.server.packs.resources.SimpleReloadInstance.m_143940_(SimpleReloadInstance.java:69) ~[client-1.20.1-20230612.114412-srg.jar%23206!/:?]
	at net.minecraft.util.thread.BlockableEventLoop.m_6367_(BlockableEventLoop.java:156) ~[client-1.20.1-20230612.114412-srg.jar%23206!/:?]
	at net.minecraft.util.thread.ReentrantBlockableEventLoop.m_6367_(ReentrantBlockableEventLoop.java:23) ~[client-1.20.1-20230612.114412-srg.jar%23206!/:?]
	at net.minecraft.util.thread.BlockableEventLoop.m_7245_(BlockableEventLoop.java:130) ~[client-1.20.1-20230612.114412-srg.jar%23206!/:?]
	at net.minecraft.util.thread.BlockableEventLoop.m_18701_(BlockableEventLoop.java:139) ~[client-1.20.1-20230612.114412-srg.jar%23206!/:?]
	at net.minecraft.client.gui.screens.worldselection.WorldOpenFlows.m_246486_(WorldOpenFlows.java:163) ~[client-1.20.1-20230612.114412-srg.jar%23206!/:?]
	at net.minecraft.client.gui.screens.worldselection.WorldOpenFlows.m_233122_(WorldOpenFlows.java:113) ~[client-1.20.1-20230612.114412-srg.jar%23206!/:?]
	at net.minecraft.client.gui.screens.worldselection.WorldOpenFlows.doLoadLevel(WorldOpenFlows.java:181) ~[client-1.20.1-20230612.114412-srg.jar%23206!/:?]
	at net.minecraft.client.gui.screens.worldselection.WorldOpenFlows.m_233145_(WorldOpenFlows.java:169) ~[client-1.20.1-20230612.114412-srg.jar%23206!/:?]
	at net.minecraft.client.gui.screens.worldselection.WorldOpenFlows.m_233133_(WorldOpenFlows.java:65) ~[client-1.20.1-20230612.114412-srg.jar%23206!/:?]
	at net.minecraft.client.gui.screens.worldselection.WorldSelectionList$WorldListEntry.m_101744_(WorldSelectionList.java:575) ~[client-1.20.1-20230612.114412-srg.jar%23206!/:?]
	at net.minecraft.client.gui.screens.worldselection.WorldSelectionList$WorldListEntry.m_101704_(WorldSelectionList.java:474) ~[client-1.20.1-20230612.114412-srg.jar%23206!/:?]
	at net.minecraft.client.gui.screens.worldselection.WorldSelectionList$WorldListEntry.m_6375_(WorldSelectionList.java:413) ~[client-1.20.1-20230612.114412-srg.jar%23206!/:?]
	at net.minecraft.client.gui.components.AbstractSelectionList.m_6375_(AbstractSelectionList.java:298) ~[client-1.20.1-20230612.114412-srg.jar%23206!/:?]
	at net.minecraft.client.gui.components.events.ContainerEventHandler.m_6375_(ContainerEventHandler.java:38) ~[client-1.20.1-20230612.114412-srg.jar%23206!/:?]
	at net.minecraft.client.MouseHandler.m_168084_(MouseHandler.java:92) ~[client-1.20.1-20230612.114412-srg.jar%23206!/:?]
	at net.minecraft.client.gui.screens.Screen.m_96579_(Screen.java:437) ~[client-1.20.1-20230612.114412-srg.jar%23206!/:?]
	at net.minecraft.client.MouseHandler.m_91530_(MouseHandler.java:89) ~[client-1.20.1-20230612.114412-srg.jar%23206!/:?]
	at net.minecraft.client.MouseHandler.m_168091_(MouseHandler.java:189) ~[client-1.20.1-20230612.114412-srg.jar%23206!/:?]
	at net.minecraft.util.thread.BlockableEventLoop.execute(BlockableEventLoop.java:102) ~[client-1.20.1-20230612.114412-srg.jar%23206!/:?]
	at net.minecraft.client.MouseHandler.m_91565_(MouseHandler.java:188) ~[client-1.20.1-20230612.114412-srg.jar%23206!/:?]
	at org.lwjgl.glfw.GLFWMouseButtonCallbackI.callback(GLFWMouseButtonCallbackI.java:43) ~[lwjgl-glfw-3.3.1.jar%23120!/:build 7]
	at org.lwjgl.system.JNI.invokeV(Native Method) ~[lwjgl-3.3.1.jar%23132!/:build 7]
	at org.lwjgl.glfw.GLFW.glfwWaitEventsTimeout(GLFW.java:3474) ~[lwjgl-glfw-3.3.1.jar%23120!/:build 7]
	at com.mojang.blaze3d.systems.RenderSystem.limitDisplayFPS(RenderSystem.java:237) ~[client-1.20.1-20230612.114412-srg.jar%23206!/:?]
	at net.minecraft.client.Minecraft.m_91383_(Minecraft.java:1173) ~[client-1.20.1-20230612.114412-srg.jar%23206!/:?]
	at net.minecraft.client.Minecraft.m_91374_(Minecraft.java:718) ~[client-1.20.1-20230612.114412-srg.jar%23206!/:?]
	at net.minecraft.client.main.Main.main(Main.java:218) ~[%e6%a4%8d%e7%89%a9%e7%a7%91%e6%8a%80.jar:?]
	at jdk.internal.reflect.DirectMethodHandleAccessor.invoke(DirectMethodHandleAccessor.java:103) ~[?:?]
	at java.lang.reflect.Method.invoke(Method.java:580) ~[?:?]
	at net.minecraftforge.fml.loading.targets.CommonLaunchHandler.runTarget(CommonLaunchHandler.java:111) ~[fmlloader-1.20.1-47.4.21.jar:?]
	at net.minecraftforge.fml.loading.targets.CommonLaunchHandler.clientService(CommonLaunchHandler.java:99) ~[fmlloader-1.20.1-47.4.21.jar:?]
	at net.minecraftforge.fml.loading.targets.CommonClientLaunchHandler.lambda$makeService$0(CommonClientLaunchHandler.java:25) ~[fmlloader-1.20.1-47.4.21.jar:?]
	at cpw.mods.modlauncher.LaunchServiceHandlerDecorator.launch(LaunchServiceHandlerDecorator.java:30) ~[modlauncher-10.0.9.jar:?]
	at cpw.mods.modlauncher.LaunchServiceHandler.launch(LaunchServiceHandler.java:53) ~[modlauncher-10.0.9.jar:?]
	at cpw.mods.modlauncher.LaunchServiceHandler.launch(LaunchServiceHandler.java:71) ~[modlauncher-10.0.9.jar:?]
	at cpw.mods.modlauncher.Launcher.run(Launcher.java:108) ~[modlauncher-10.0.9.jar:?]
	at cpw.mods.modlauncher.Launcher.main(Launcher.java:78) ~[modlauncher-10.0.9.jar:?]
	at cpw.mods.modlauncher.BootstrapLaunchConsumer.accept(BootstrapLaunchConsumer.java:26) ~[modlauncher-10.0.9.jar:?]
	at cpw.mods.modlauncher.BootstrapLaunchConsumer.accept(BootstrapLaunchConsumer.java:23) ~[modlauncher-10.0.9.jar:?]
	at cpw.mods.bootstraplauncher.BootstrapLauncher.main(BootstrapLauncher.java:141) ~[bootstraplauncher-1.1.2.jar:?]
[228月2026 22:28:25.110] [Render thread/ERROR] [Apotheosis : Adventure/]: Failed to execute ShieldBreakerTest
java.lang.NullPointerException: Cannot invoke "net.minecraft.world.entity.LivingEntity.m_213824_()" because "attacker" is null
	at net.minecraftforge.common.extensions.IForgeItem.canDisableShield(IForgeItem.java:695) ~[forge-1.20.1-47.4.21-universal.jar%23211!/:?]
	at net.minecraftforge.common.extensions.IForgeItemStack.canDisableShield(IForgeItemStack.java:233) ~[forge-1.20.1-47.4.21-universal.jar%23211!/:?]
	at dev.shadowsoffire.apotheosis.adventure.loot.ShieldBreakerTest.test(ShieldBreakerTest.java:48) ~[%5B神化%5D%20Apotheosis-1.20.1-7.4.6.jar%23185!/:7.4.6]
	at dev.shadowsoffire.apotheosis.adventure.loot.ShieldBreakerTest.test(ShieldBreakerTest.java:25) ~[%5B神化%5D%20Apotheosis-1.20.1-7.4.6.jar%23185!/:7.4.6]
	at dev.shadowsoffire.apotheosis.adventure.loot.LootCategory.isValid(LootCategory.java:89) ~[%5B神化%5D%20Apotheosis-1.20.1-7.4.6.jar%23185!/:7.4.6]
	at dev.shadowsoffire.apotheosis.adventure.loot.LootCategory.forItem(LootCategory.java:182) ~[%5B神化%5D%20Apotheosis-1.20.1-7.4.6.jar%23185!/:7.4.6]
	at dev.shadowsoffire.apotheosis.adventure.loot.AffixLootEntry.getType(AffixLootEntry.java:91) ~[%5B神化%5D%20Apotheosis-1.20.1-7.4.6.jar%23185!/:7.4.6]
	at dev.shadowsoffire.apotheosis.adventure.loot.AffixLootRegistry.validateItem(AffixLootRegistry.java:30) ~[%5B神化%5D%20Apotheosis-1.20.1-7.4.6.jar%23185!/:7.4.6]
	at dev.shadowsoffire.apotheosis.adventure.loot.AffixLootRegistry.validateItem(AffixLootRegistry.java:13) ~[%5B神化%5D%20Apotheosis-1.20.1-7.4.6.jar%23185!/:7.4.6]
	at dev.shadowsoffire.placebo.reload.DynamicRegistry.register(DynamicRegistry.java:322) ~[Placebo-1.20.1-8.6.3.jar%23203!/:8.6.3]
	at dev.shadowsoffire.placebo.reload.DynamicRegistry.lambda$apply$0(DynamicRegistry.java:143) ~[Placebo-1.20.1-8.6.3.jar%23203!/:8.6.3]
	at java.util.HashMap.forEach(HashMap.java:1429) ~[?:?]
	at dev.shadowsoffire.placebo.reload.DynamicRegistry.apply(DynamicRegistry.java:136) ~[Placebo-1.20.1-8.6.3.jar%23203!/:8.6.3]
	at dev.shadowsoffire.placebo.reload.DynamicRegistry.m_5787_(DynamicRegistry.java:62) ~[Placebo-1.20.1-8.6.3.jar%23203!/:8.6.3]
	at net.minecraft.server.packs.resources.SimplePreparableReloadListener.m_10789_(SimplePreparableReloadListener.java:13) ~[client-1.20.1-20230612.114412-srg.jar%23206!/:?]
	at java.util.concurrent.CompletableFuture$UniAccept.tryFire(CompletableFuture.java:718) ~[?:?]
	at java.util.concurrent.CompletableFuture$Completion.run(CompletableFuture.java:482) ~[?:?]
	at net.minecraft.server.packs.resources.SimpleReloadInstance.m_143940_(SimpleReloadInstance.java:69) ~[client-1.20.1-20230612.114412-srg.jar%23206!/:?]
	at net.minecraft.util.thread.BlockableEventLoop.m_6367_(BlockableEventLoop.java:156) ~[client-1.20.1-20230612.114412-srg.jar%23206!/:?]
	at net.minecraft.util.thread.ReentrantBlockableEventLoop.m_6367_(ReentrantBlockableEventLoop.java:23) ~[client-1.20.1-20230612.114412-srg.jar%23206!/:?]
	at net.minecraft.util.thread.BlockableEventLoop.m_7245_(BlockableEventLoop.java:130) ~[client-1.20.1-20230612.114412-srg.jar%23206!/:?]
	at net.minecraft.util.thread.BlockableEventLoop.m_18701_(BlockableEventLoop.java:139) ~[client-1.20.1-20230612.114412-srg.jar%23206!/:?]
	at net.minecraft.client.gui.screens.worldselection.WorldOpenFlows.m_246486_(WorldOpenFlows.java:163) ~[client-1.20.1-20230612.114412-srg.jar%23206!/:?]
	at net.minecraft.client.gui.screens.worldselection.WorldOpenFlows.m_233122_(WorldOpenFlows.java:113) ~[client-1.20.1-20230612.114412-srg.jar%23206!/:?]
	at net.minecraft.client.gui.screens.worldselection.WorldOpenFlows.doLoadLevel(WorldOpenFlows.java:181) ~[client-1.20.1-20230612.114412-srg.jar%23206!/:?]
	at net.minecraft.client.gui.screens.worldselection.WorldOpenFlows.m_233145_(WorldOpenFlows.java:169) ~[client-1.20.1-20230612.114412-srg.jar%23206!/:?]
	at net.minecraft.client.gui.screens.worldselection.WorldOpenFlows.m_233133_(WorldOpenFlows.java:65) ~[client-1.20.1-20230612.114412-srg.jar%23206!/:?]
	at net.minecraft.client.gui.screens.worldselection.WorldSelectionList$WorldListEntry.m_101744_(WorldSelectionList.java:575) ~[client-1.20.1-20230612.114412-srg.jar%23206!/:?]
	at net.minecraft.client.gui.screens.worldselection.WorldSelectionList$WorldListEntry.m_101704_(WorldSelectionList.java:474) ~[client-1.20.1-20230612.114412-srg.jar%23206!/:?]
	at net.minecraft.client.gui.screens.worldselection.WorldSelectionList$WorldListEntry.m_6375_(WorldSelectionList.java:413) ~[client-1.20.1-20230612.114412-srg.jar%23206!/:?]
	at net.minecraft.client.gui.components.AbstractSelectionList.m_6375_(AbstractSelectionList.java:298) ~[client-1.20.1-20230612.114412-srg.jar%23206!/:?]
	at net.minecraft.client.gui.components.events.ContainerEventHandler.m_6375_(ContainerEventHandler.java:38) ~[client-1.20.1-20230612.114412-srg.jar%23206!/:?]
	at net.minecraft.client.MouseHandler.m_168084_(MouseHandler.java:92) ~[client-1.20.1-20230612.114412-srg.jar%23206!/:?]
	at net.minecraft.client.gui.screens.Screen.m_96579_(Screen.java:437) ~[client-1.20.1-20230612.114412-srg.jar%23206!/:?]
	at net.minecraft.client.MouseHandler.m_91530_(MouseHandler.java:89) ~[client-1.20.1-20230612.114412-srg.jar%23206!/:?]
	at net.minecraft.client.MouseHandler.m_168091_(MouseHandler.java:189) ~[client-1.20.1-20230612.114412-srg.jar%23206!/:?]
	at net.minecraft.util.thread.BlockableEventLoop.execute(BlockableEventLoop.java:102) ~[client-1.20.1-20230612.114412-srg.jar%23206!/:?]
	at net.minecraft.client.MouseHandler.m_91565_(MouseHandler.java:188) ~[client-1.20.1-20230612.114412-srg.jar%23206!/:?]
	at org.lwjgl.glfw.GLFWMouseButtonCallbackI.callback(GLFWMouseButtonCallbackI.java:43) ~[lwjgl-glfw-3.3.1.jar%23120!/:build 7]
	at org.lwjgl.system.JNI.invokeV(Native Method) ~[lwjgl-3.3.1.jar%23132!/:build 7]
	at org.lwjgl.glfw.GLFW.glfwWaitEventsTimeout(GLFW.java:3474) ~[lwjgl-glfw-3.3.1.jar%23120!/:build 7]
	at com.mojang.blaze3d.systems.RenderSystem.limitDisplayFPS(RenderSystem.java:237) ~[client-1.20.1-20230612.114412-srg.jar%23206!/:?]
	at net.minecraft.client.Minecraft.m_91383_(Minecraft.java:1173) ~[client-1.20.1-20230612.114412-srg.jar%23206!/:?]
	at net.minecraft.client.Minecraft.m_91374_(Minecraft.java:718) ~[client-1.20.1-20230612.114412-srg.jar%23206!/:?]
	at net.minecraft.client.main.Main.main(Main.java:218) ~[%e6%a4%8d%e7%89%a9%e7%a7%91%e6%8a%80.jar:?]
	at jdk.internal.reflect.DirectMethodHandleAccessor.invoke(DirectMethodHandleAccessor.java:103) ~[?:?]
	at java.lang.reflect.Method.invoke(Method.java:580) ~[?:?]
	at net.minecraftforge.fml.loading.targets.CommonLaunchHandler.runTarget(CommonLaunchHandler.java:111) ~[fmlloader-1.20.1-47.4.21.jar:?]
	at net.minecraftforge.fml.loading.targets.CommonLaunchHandler.clientService(CommonLaunchHandler.java:99) ~[fmlloader-1.20.1-47.4.21.jar:?]
	at net.minecraftforge.fml.loading.targets.CommonClientLaunchHandler.lambda$makeService$0(CommonClientLaunchHandler.java:25) ~[fmlloader-1.20.1-47.4.21.jar:?]
	at cpw.mods.modlauncher.LaunchServiceHandlerDecorator.launch(LaunchServiceHandlerDecorator.java:30) ~[modlauncher-10.0.9.jar:?]
	at cpw.mods.modlauncher.LaunchServiceHandler.launch(LaunchServiceHandler.java:53) ~[modlauncher-10.0.9.jar:?]
	at cpw.mods.modlauncher.LaunchServiceHandler.launch(LaunchServiceHandler.java:71) ~[modlauncher-10.0.9.jar:?]
	at cpw.mods.modlauncher.Launcher.run(Launcher.java:108) ~[modlauncher-10.0.9.jar:?]
	at cpw.mods.modlauncher.Launcher.main(Launcher.java:78) ~[modlauncher-10.0.9.jar:?]
	at cpw.mods.modlauncher.BootstrapLaunchConsumer.accept(BootstrapLaunchConsumer.java:26) ~[modlauncher-10.0.9.jar:?]
	at cpw.mods.modlauncher.BootstrapLaunchConsumer.accept(BootstrapLaunchConsumer.java:23) ~[modlauncher-10.0.9.jar:?]
	at cpw.mods.bootstraplauncher.BootstrapLauncher.main(BootstrapLauncher.java:141) ~[bootstraplauncher-1.1.2.jar:?]
[228月2026 22:28:25.111] [Render thread/ERROR] [Apotheosis : Adventure/]: Failed to execute ShieldBreakerTest
java.lang.NullPointerException: Cannot invoke "net.minecraft.world.entity.LivingEntity.m_213824_()" because "attacker" is null
	at net.minecraftforge.common.extensions.IForgeItem.canDisableShield(IForgeItem.java:695) ~[forge-1.20.1-47.4.21-universal.jar%23211!/:?]
	at net.minecraftforge.common.extensions.IForgeItemStack.canDisableShield(IForgeItemStack.java:233) ~[forge-1.20.1-47.4.21-universal.jar%23211!/:?]
	at dev.shadowsoffire.apotheosis.adventure.loot.ShieldBreakerTest.test(ShieldBreakerTest.java:48) ~[%5B神化%5D%20Apotheosis-1.20.1-7.4.6.jar%23185!/:7.4.6]
	at dev.shadowsoffire.apotheosis.adventure.loot.ShieldBreakerTest.test(ShieldBreakerTest.java:25) ~[%5B神化%5D%20Apotheosis-1.20.1-7.4.6.jar%23185!/:7.4.6]
	at dev.shadowsoffire.apotheosis.adventure.loot.LootCategory.isValid(LootCategory.java:89) ~[%5B神化%5D%20Apotheosis-1.20.1-7.4.6.jar%23185!/:7.4.6]
	at dev.shadowsoffire.apotheosis.adventure.loot.LootCategory.forItem(LootCategory.java:182) ~[%5B神化%5D%20Apotheosis-1.20.1-7.4.6.jar%23185!/:7.4.6]
	at dev.shadowsoffire.apotheosis.adventure.loot.AffixLootEntry.getType(AffixLootEntry.java:91) ~[%5B神化%5D%20Apotheosis-1.20.1-7.4.6.jar%23185!/:7.4.6]
	at dev.shadowsoffire.apotheosis.adventure.loot.AffixLootRegistry.validateItem(AffixLootRegistry.java:30) ~[%5B神化%5D%20Apotheosis-1.20.1-7.4.6.jar%23185!/:7.4.6]
	at dev.shadowsoffire.apotheosis.adventure.loot.AffixLootRegistry.validateItem(AffixLootRegistry.java:13) ~[%5B神化%5D%20Apotheosis-1.20.1-7.4.6.jar%23185!/:7.4.6]
	at dev.shadowsoffire.placebo.reload.DynamicRegistry.register(DynamicRegistry.java:322) ~[Placebo-1.20.1-8.6.3.jar%23203!/:8.6.3]
	at dev.shadowsoffire.placebo.reload.DynamicRegistry.lambda$apply$0(DynamicRegistry.java:143) ~[Placebo-1.20.1-8.6.3.jar%23203!/:8.6.3]
	at java.util.HashMap.forEach(HashMap.java:1429) ~[?:?]
	at dev.shadowsoffire.placebo.reload.DynamicRegistry.apply(DynamicRegistry.java:136) ~[Placebo-1.20.1-8.6.3.jar%23203!/:8.6.3]
	at dev.shadowsoffire.placebo.reload.DynamicRegistry.m_5787_(DynamicRegistry.java:62) ~[Placebo-1.20.1-8.6.3.jar%23203!/:8.6.3]
	at net.minecraft.server.packs.resources.SimplePreparableReloadListener.m_10789_(SimplePreparableReloadListener.java:13) ~[client-1.20.1-20230612.114412-srg.jar%23206!/:?]
	at java.util.concurrent.CompletableFuture$UniAccept.tryFire(CompletableFuture.java:718) ~[?:?]
	at java.util.concurrent.CompletableFuture$Completion.run(CompletableFuture.java:482) ~[?:?]
	at net.minecraft.server.packs.resources.SimpleReloadInstance.m_143940_(SimpleReloadInstance.java:69) ~[client-1.20.1-20230612.114412-srg.jar%23206!/:?]
	at net.minecraft.util.thread.BlockableEventLoop.m_6367_(BlockableEventLoop.java:156) ~[client-1.20.1-20230612.114412-srg.jar%23206!/:?]
	at net.minecraft.util.thread.ReentrantBlockableEventLoop.m_6367_(ReentrantBlockableEventLoop.java:23) ~[client-1.20.1-20230612.114412-srg.jar%23206!/:?]
	at net.minecraft.util.thread.BlockableEventLoop.m_7245_(BlockableEventLoop.java:130) ~[client-1.20.1-20230612.114412-srg.jar%23206!/:?]
	at net.minecraft.util.thread.BlockableEventLoop.m_18701_(BlockableEventLoop.java:139) ~[client-1.20.1-20230612.114412-srg.jar%23206!/:?]
	at net.minecraft.client.gui.screens.worldselection.WorldOpenFlows.m_246486_(WorldOpenFlows.java:163) ~[client-1.20.1-20230612.114412-srg.jar%23206!/:?]
	at net.minecraft.client.gui.screens.worldselection.WorldOpenFlows.m_233122_(WorldOpenFlows.java:113) ~[client-1.20.1-20230612.114412-srg.jar%23206!/:?]
	at net.minecraft.client.gui.screens.worldselection.WorldOpenFlows.doLoadLevel(WorldOpenFlows.java:181) ~[client-1.20.1-20230612.114412-srg.jar%23206!/:?]
	at net.minecraft.client.gui.screens.worldselection.WorldOpenFlows.m_233145_(WorldOpenFlows.java:169) ~[client-1.20.1-20230612.114412-srg.jar%23206!/:?]
	at net.minecraft.client.gui.screens.worldselection.WorldOpenFlows.m_233133_(WorldOpenFlows.java:65) ~[client-1.20.1-20230612.114412-srg.jar%23206!/:?]
	at net.minecraft.client.gui.screens.worldselection.WorldSelectionList$WorldListEntry.m_101744_(WorldSelectionList.java:575) ~[client-1.20.1-20230612.114412-srg.jar%23206!/:?]
	at net.minecraft.client.gui.screens.worldselection.WorldSelectionList$WorldListEntry.m_101704_(WorldSelectionList.java:474) ~[client-1.20.1-20230612.114412-srg.jar%23206!/:?]
	at net.minecraft.client.gui.screens.worldselection.WorldSelectionList$WorldListEntry.m_6375_(WorldSelectionList.java:413) ~[client-1.20.1-20230612.114412-srg.jar%23206!/:?]
	at net.minecraft.client.gui.components.AbstractSelectionList.m_6375_(AbstractSelectionList.java:298) ~[client-1.20.1-20230612.114412-srg.jar%23206!/:?]
	at net.minecraft.client.gui.components.events.ContainerEventHandler.m_6375_(ContainerEventHandler.java:38) ~[client-1.20.1-20230612.114412-srg.jar%23206!/:?]
	at net.minecraft.client.MouseHandler.m_168084_(MouseHandler.java:92) ~[client-1.20.1-20230612.114412-srg.jar%23206!/:?]
	at net.minecraft.client.gui.screens.Screen.m_96579_(Screen.java:437) ~[client-1.20.1-20230612.114412-srg.jar%23206!/:?]
	at net.minecraft.client.MouseHandler.m_91530_(MouseHandler.java:89) ~[client-1.20.1-20230612.114412-srg.jar%23206!/:?]
	at net.minecraft.client.MouseHandler.m_168091_(MouseHandler.java:189) ~[client-1.20.1-20230612.114412-srg.jar%23206!/:?]
	at net.minecraft.util.thread.BlockableEventLoop.execute(BlockableEventLoop.java:102) ~[client-1.20.1-20230612.114412-srg.jar%23206!/:?]
	at net.minecraft.client.MouseHandler.m_91565_(MouseHandler.java:188) ~[client-1.20.1-20230612.114412-srg.jar%23206!/:?]
	at org.lwjgl.glfw.GLFWMouseButtonCallbackI.callback(GLFWMouseButtonCallbackI.java:43) ~[lwjgl-glfw-3.3.1.jar%23120!/:build 7]
	at org.lwjgl.system.JNI.invokeV(Native Method) ~[lwjgl-3.3.1.jar%23132!/:build 7]
	at org.lwjgl.glfw.GLFW.glfwWaitEventsTimeout(GLFW.java:3474) ~[lwjgl-glfw-3.3.1.jar%23120!/:build 7]
	at com.mojang.blaze3d.systems.RenderSystem.limitDisplayFPS(RenderSystem.java:237) ~[client-1.20.1-20230612.114412-srg.jar%23206!/:?]
	at net.minecraft.client.Minecraft.m_91383_(Minecraft.java:1173) ~[client-1.20.1-20230612.114412-srg.jar%23206!/:?]
	at net.minecraft.client.Minecraft.m_91374_(Minecraft.java:718) ~[client-1.20.1-20230612.114412-srg.jar%23206!/:?]
	at net.minecraft.client.main.Main.main(Main.java:218) ~[%e6%a4%8d%e7%89%a9%e7%a7%91%e6%8a%80.jar:?]
	at jdk.internal.reflect.DirectMethodHandleAccessor.invoke(DirectMethodHandleAccessor.java:103) ~[?:?]
	at java.lang.reflect.Method.invoke(Method.java:580) ~[?:?]
	at net.minecraftforge.fml.loading.targets.CommonLaunchHandler.runTarget(CommonLaunchHandler.java:111) ~[fmlloader-1.20.1-47.4.21.jar:?]
	at net.minecraftforge.fml.loading.targets.CommonLaunchHandler.clientService(CommonLaunchHandler.java:99) ~[fmlloader-1.20.1-47.4.21.jar:?]
	at net.minecraftforge.fml.loading.targets.CommonClientLaunchHandler.lambda$makeService$0(CommonClientLaunchHandler.java:25) ~[fmlloader-1.20.1-47.4.21.jar:?]
	at cpw.mods.modlauncher.LaunchServiceHandlerDecorator.launch(LaunchServiceHandlerDecorator.java:30) ~[modlauncher-10.0.9.jar:?]
	at cpw.mods.modlauncher.LaunchServiceHandler.launch(LaunchServiceHandler.java:53) ~[modlauncher-10.0.9.jar:?]
	at cpw.mods.modlauncher.LaunchServiceHandler.launch(LaunchServiceHandler.java:71) ~[modlauncher-10.0.9.jar:?]
	at cpw.mods.modlauncher.Launcher.run(Launcher.java:108) ~[modlauncher-10.0.9.jar:?]
	at cpw.mods.modlauncher.Launcher.main(Launcher.java:78) ~[modlauncher-10.0.9.jar:?]
	at cpw.mods.modlauncher.BootstrapLaunchConsumer.accept(BootstrapLaunchConsumer.java:26) ~[modlauncher-10.0.9.jar:?]
	at cpw.mods.modlauncher.BootstrapLaunchConsumer.accept(BootstrapLaunchConsumer.java:23) ~[modlauncher-10.0.9.jar:?]
	at cpw.mods.bootstraplauncher.BootstrapLauncher.main(BootstrapLauncher.java:141) ~[bootstraplauncher-1.1.2.jar:?]
[228月2026 22:28:25.112] [Render thread/ERROR] [Apotheosis : Adventure/]: Failed to execute ShieldBreakerTest
java.lang.NullPointerException: Cannot invoke "net.minecraft.world.entity.LivingEntity.m_213824_()" because "attacker" is null
	at net.minecraftforge.common.extensions.IForgeItem.canDisableShield(IForgeItem.java:695) ~[forge-1.20.1-47.4.21-universal.jar%23211!/:?]
	at net.minecraftforge.common.extensions.IForgeItemStack.canDisableShield(IForgeItemStack.java:233) ~[forge-1.20.1-47.4.21-universal.jar%23211!/:?]
	at dev.shadowsoffire.apotheosis.adventure.loot.ShieldBreakerTest.test(ShieldBreakerTest.java:48) ~[%5B神化%5D%20Apotheosis-1.20.1-7.4.6.jar%23185!/:7.4.6]
	at dev.shadowsoffire.apotheosis.adventure.loot.ShieldBreakerTest.test(ShieldBreakerTest.java:25) ~[%5B神化%5D%20Apotheosis-1.20.1-7.4.6.jar%23185!/:7.4.6]
	at dev.shadowsoffire.apotheosis.adventure.loot.LootCategory.isValid(LootCategory.java:89) ~[%5B神化%5D%20Apotheosis-1.20.1-7.4.6.jar%23185!/:7.4.6]
	at dev.shadowsoffire.apotheosis.adventure.loot.LootCategory.forItem(LootCategory.java:182) ~[%5B神化%5D%20Apotheosis-1.20.1-7.4.6.jar%23185!/:7.4.6]
	at dev.shadowsoffire.apotheosis.adventure.loot.AffixLootEntry.getType(AffixLootEntry.java:91) ~[%5B神化%5D%20Apotheosis-1.20.1-7.4.6.jar%23185!/:7.4.6]
	at dev.shadowsoffire.apotheosis.adventure.loot.AffixLootRegistry.validateItem(AffixLootRegistry.java:30) ~[%5B神化%5D%20Apotheosis-1.20.1-7.4.6.jar%23185!/:7.4.6]
	at dev.shadowsoffire.apotheosis.adventure.loot.AffixLootRegistry.validateItem(AffixLootRegistry.java:13) ~[%5B神化%5D%20Apotheosis-1.20.1-7.4.6.jar%23185!/:7.4.6]
	at dev.shadowsoffire.placebo.reload.DynamicRegistry.register(DynamicRegistry.java:322) ~[Placebo-1.20.1-8.6.3.jar%23203!/:8.6.3]
	at dev.shadowsoffire.placebo.reload.DynamicRegistry.lambda$apply$0(DynamicRegistry.java:143) ~[Placebo-1.20.1-8.6.3.jar%23203!/:8.6.3]
	at java.util.HashMap.forEach(HashMap.java:1429) ~[?:?]
	at dev.shadowsoffire.placebo.reload.DynamicRegistry.apply(DynamicRegistry.java:136) ~[Placebo-1.20.1-8.6.3.jar%23203!/:8.6.3]
	at dev.shadowsoffire.placebo.reload.DynamicRegistry.m_5787_(DynamicRegistry.java:62) ~[Placebo-1.20.1-8.6.3.jar%23203!/:8.6.3]
	at net.minecraft.server.packs.resources.SimplePreparableReloadListener.m_10789_(SimplePreparableReloadListener.java:13) ~[client-1.20.1-20230612.114412-srg.jar%23206!/:?]
	at java.util.concurrent.CompletableFuture$UniAccept.tryFire(CompletableFuture.java:718) ~[?:?]
	at java.util.concurrent.CompletableFuture$Completion.run(CompletableFuture.java:482) ~[?:?]
	at net.minecraft.server.packs.resources.SimpleReloadInstance.m_143940_(SimpleReloadInstance.java:69) ~[client-1.20.1-20230612.114412-srg.jar%23206!/:?]
	at net.minecraft.util.thread.BlockableEventLoop.m_6367_(BlockableEventLoop.java:156) ~[client-1.20.1-20230612.114412-srg.jar%23206!/:?]
	at net.minecraft.util.thread.ReentrantBlockableEventLoop.m_6367_(ReentrantBlockableEventLoop.java:23) ~[client-1.20.1-20230612.114412-srg.jar%23206!/:?]
	at net.minecraft.util.thread.BlockableEventLoop.m_7245_(BlockableEventLoop.java:130) ~[client-1.20.1-20230612.114412-srg.jar%23206!/:?]
	at net.minecraft.util.thread.BlockableEventLoop.m_18701_(BlockableEventLoop.java:139) ~[client-1.20.1-20230612.114412-srg.jar%23206!/:?]
	at net.minecraft.client.gui.screens.worldselection.WorldOpenFlows.m_246486_(WorldOpenFlows.java:163) ~[client-1.20.1-20230612.114412-srg.jar%23206!/:?]
	at net.minecraft.client.gui.screens.worldselection.WorldOpenFlows.m_233122_(WorldOpenFlows.java:113) ~[client-1.20.1-20230612.114412-srg.jar%23206!/:?]
	at net.minecraft.client.gui.screens.worldselection.WorldOpenFlows.doLoadLevel(WorldOpenFlows.java:181) ~[client-1.20.1-20230612.114412-srg.jar%23206!/:?]
	at net.minecraft.client.gui.screens.worldselection.WorldOpenFlows.m_233145_(WorldOpenFlows.java:169) ~[client-1.20.1-20230612.114412-srg.jar%23206!/:?]
	at net.minecraft.client.gui.screens.worldselection.WorldOpenFlows.m_233133_(WorldOpenFlows.java:65) ~[client-1.20.1-20230612.114412-srg.jar%23206!/:?]
	at net.minecraft.client.gui.screens.worldselection.WorldSelectionList$WorldListEntry.m_101744_(WorldSelectionList.java:575) ~[client-1.20.1-20230612.114412-srg.jar%23206!/:?]
	at net.minecraft.client.gui.screens.worldselection.WorldSelectionList$WorldListEntry.m_101704_(WorldSelectionList.java:474) ~[client-1.20.1-20230612.114412-srg.jar%23206!/:?]
	at net.minecraft.client.gui.screens.worldselection.WorldSelectionList$WorldListEntry.m_6375_(WorldSelectionList.java:413) ~[client-1.20.1-20230612.114412-srg.jar%23206!/:?]
	at net.minecraft.client.gui.components.AbstractSelectionList.m_6375_(AbstractSelectionList.java:298) ~[client-1.20.1-20230612.114412-srg.jar%23206!/:?]
	at net.minecraft.client.gui.components.events.ContainerEventHandler.m_6375_(ContainerEventHandler.java:38) ~[client-1.20.1-20230612.114412-srg.jar%23206!/:?]
	at net.minecraft.client.MouseHandler.m_168084_(MouseHandler.java:92) ~[client-1.20.1-20230612.114412-srg.jar%23206!/:?]
	at net.minecraft.client.gui.screens.Screen.m_96579_(Screen.java:437) ~[client-1.20.1-20230612.114412-srg.jar%23206!/:?]
	at net.minecraft.client.MouseHandler.m_91530_(MouseHandler.java:89) ~[client-1.20.1-20230612.114412-srg.jar%23206!/:?]
	at net.minecraft.client.MouseHandler.m_168091_(MouseHandler.java:189) ~[client-1.20.1-20230612.114412-srg.jar%23206!/:?]
	at net.minecraft.util.thread.BlockableEventLoop.execute(BlockableEventLoop.java:102) ~[client-1.20.1-20230612.114412-srg.jar%23206!/:?]
	at net.minecraft.client.MouseHandler.m_91565_(MouseHandler.java:188) ~[client-1.20.1-20230612.114412-srg.jar%23206!/:?]
	at org.lwjgl.glfw.GLFWMouseButtonCallbackI.callback(GLFWMouseButtonCallbackI.java:43) ~[lwjgl-glfw-3.3.1.jar%23120!/:build 7]
	at org.lwjgl.system.JNI.invokeV(Native Method) ~[lwjgl-3.3.1.jar%23132!/:build 7]
	at org.lwjgl.glfw.GLFW.glfwWaitEventsTimeout(GLFW.java:3474) ~[lwjgl-glfw-3.3.1.jar%23120!/:build 7]
	at com.mojang.blaze3d.systems.RenderSystem.limitDisplayFPS(RenderSystem.java:237) ~[client-1.20.1-20230612.114412-srg.jar%23206!/:?]
	at net.minecraft.client.Minecraft.m_91383_(Minecraft.java:1173) ~[client-1.20.1-20230612.114412-srg.jar%23206!/:?]
	at net.minecraft.client.Minecraft.m_91374_(Minecraft.java:718) ~[client-1.20.1-20230612.114412-srg.jar%23206!/:?]
	at net.minecraft.client.main.Main.main(Main.java:218) ~[%e6%a4%8d%e7%89%a9%e7%a7%91%e6%8a%80.jar:?]
	at jdk.internal.reflect.DirectMethodHandleAccessor.invoke(DirectMethodHandleAccessor.java:103) ~[?:?]
	at java.lang.reflect.Method.invoke(Method.java:580) ~[?:?]
	at net.minecraftforge.fml.loading.targets.CommonLaunchHandler.runTarget(CommonLaunchHandler.java:111) ~[fmlloader-1.20.1-47.4.21.jar:?]
	at net.minecraftforge.fml.loading.targets.CommonLaunchHandler.clientService(CommonLaunchHandler.java:99) ~[fmlloader-1.20.1-47.4.21.jar:?]
	at net.minecraftforge.fml.loading.targets.CommonClientLaunchHandler.lambda$makeService$0(CommonClientLaunchHandler.java:25) ~[fmlloader-1.20.1-47.4.21.jar:?]
	at cpw.mods.modlauncher.LaunchServiceHandlerDecorator.launch(LaunchServiceHandlerDecorator.java:30) ~[modlauncher-10.0.9.jar:?]
	at cpw.mods.modlauncher.LaunchServiceHandler.launch(LaunchServiceHandler.java:53) ~[modlauncher-10.0.9.jar:?]
	at cpw.mods.modlauncher.LaunchServiceHandler.launch(LaunchServiceHandler.java:71) ~[modlauncher-10.0.9.jar:?]
	at cpw.mods.modlauncher.Launcher.run(Launcher.java:108) ~[modlauncher-10.0.9.jar:?]
	at cpw.mods.modlauncher.Launcher.main(Launcher.java:78) ~[modlauncher-10.0.9.jar:?]
	at cpw.mods.modlauncher.BootstrapLaunchConsumer.accept(BootstrapLaunchConsumer.java:26) ~[modlauncher-10.0.9.jar:?]
	at cpw.mods.modlauncher.BootstrapLaunchConsumer.accept(BootstrapLaunchConsumer.java:23) ~[modlauncher-10.0.9.jar:?]
	at cpw.mods.bootstraplauncher.BootstrapLauncher.main(BootstrapLauncher.java:141) ~[bootstraplauncher-1.1.2.jar:?]
[228月2026 22:28:25.113] [Render thread/ERROR] [Apotheosis : Adventure/]: Failed to execute ShieldBreakerTest
java.lang.NullPointerException: Cannot invoke "net.minecraft.world.entity.LivingEntity.m_213824_()" because "attacker" is null
	at net.minecraftforge.common.extensions.IForgeItem.canDisableShield(IForgeItem.java:695) ~[forge-1.20.1-47.4.21-universal.jar%23211!/:?]
	at net.minecraftforge.common.extensions.IForgeItemStack.canDisableShield(IForgeItemStack.java:233) ~[forge-1.20.1-47.4.21-universal.jar%23211!/:?]
	at dev.shadowsoffire.apotheosis.adventure.loot.ShieldBreakerTest.test(ShieldBreakerTest.java:48) ~[%5B神化%5D%20Apotheosis-1.20.1-7.4.6.jar%23185!/:7.4.6]
	at dev.shadowsoffire.apotheosis.adventure.loot.ShieldBreakerTest.test(ShieldBreakerTest.java:25) ~[%5B神化%5D%20Apotheosis-1.20.1-7.4.6.jar%23185!/:7.4.6]
	at dev.shadowsoffire.apotheosis.adventure.loot.LootCategory.isValid(LootCategory.java:89) ~[%5B神化%5D%20Apotheosis-1.20.1-7.4.6.jar%23185!/:7.4.6]
	at dev.shadowsoffire.apotheosis.adventure.loot.LootCategory.forItem(LootCategory.java:182) ~[%5B神化%5D%20Apotheosis-1.20.1-7.4.6.jar%23185!/:7.4.6]
	at dev.shadowsoffire.apotheosis.adventure.loot.AffixLootEntry.getType(AffixLootEntry.java:91) ~[%5B神化%5D%20Apotheosis-1.20.1-7.4.6.jar%23185!/:7.4.6]
	at dev.shadowsoffire.apotheosis.adventure.loot.AffixLootRegistry.validateItem(AffixLootRegistry.java:30) ~[%5B神化%5D%20Apotheosis-1.20.1-7.4.6.jar%23185!/:7.4.6]
	at dev.shadowsoffire.apotheosis.adventure.loot.AffixLootRegistry.validateItem(AffixLootRegistry.java:13) ~[%5B神化%5D%20Apotheosis-1.20.1-7.4.6.jar%23185!/:7.4.6]
	at dev.shadowsoffire.placebo.reload.DynamicRegistry.register(DynamicRegistry.java:322) ~[Placebo-1.20.1-8.6.3.jar%23203!/:8.6.3]
	at dev.shadowsoffire.placebo.reload.DynamicRegistry.lambda$apply$0(DynamicRegistry.java:143) ~[Placebo-1.20.1-8.6.3.jar%23203!/:8.6.3]
	at java.util.HashMap.forEach(HashMap.java:1429) ~[?:?]
	at dev.shadowsoffire.placebo.reload.DynamicRegistry.apply(DynamicRegistry.java:136) ~[Placebo-1.20.1-8.6.3.jar%23203!/:8.6.3]
	at dev.shadowsoffire.placebo.reload.DynamicRegistry.m_5787_(DynamicRegistry.java:62) ~[Placebo-1.20.1-8.6.3.jar%23203!/:8.6.3]
	at net.minecraft.server.packs.resources.SimplePreparableReloadListener.m_10789_(SimplePreparableReloadListener.java:13) ~[client-1.20.1-20230612.114412-srg.jar%23206!/:?]
	at java.util.concurrent.CompletableFuture$UniAccept.tryFire(CompletableFuture.java:718) ~[?:?]
	at java.util.concurrent.CompletableFuture$Completion.run(CompletableFuture.java:482) ~[?:?]
	at net.minecraft.server.packs.resources.SimpleReloadInstance.m_143940_(SimpleReloadInstance.java:69) ~[client-1.20.1-20230612.114412-srg.jar%23206!/:?]
	at net.minecraft.util.thread.BlockableEventLoop.m_6367_(BlockableEventLoop.java:156) ~[client-1.20.1-20230612.114412-srg.jar%23206!/:?]
	at net.minecraft.util.thread.ReentrantBlockableEventLoop.m_6367_(ReentrantBlockableEventLoop.java:23) ~[client-1.20.1-20230612.114412-srg.jar%23206!/:?]
	at net.minecraft.util.thread.BlockableEventLoop.m_7245_(BlockableEventLoop.java:130) ~[client-1.20.1-20230612.114412-srg.jar%23206!/:?]
	at net.minecraft.util.thread.BlockableEventLoop.m_18701_(BlockableEventLoop.java:139) ~[client-1.20.1-20230612.114412-srg.jar%23206!/:?]
	at net.minecraft.client.gui.screens.worldselection.WorldOpenFlows.m_246486_(WorldOpenFlows.java:163) ~[client-1.20.1-20230612.114412-srg.jar%23206!/:?]
	at net.minecraft.client.gui.screens.worldselection.WorldOpenFlows.m_233122_(WorldOpenFlows.java:113) ~[client-1.20.1-20230612.114412-srg.jar%23206!/:?]
	at net.minecraft.client.gui.screens.worldselection.WorldOpenFlows.doLoadLevel(WorldOpenFlows.java:181) ~[client-1.20.1-20230612.114412-srg.jar%23206!/:?]
	at net.minecraft.client.gui.screens.worldselection.WorldOpenFlows.m_233145_(WorldOpenFlows.java:169) ~[client-1.20.1-20230612.114412-srg.jar%23206!/:?]
	at net.minecraft.client.gui.screens.worldselection.WorldOpenFlows.m_233133_(WorldOpenFlows.java:65) ~[client-1.20.1-20230612.114412-srg.jar%23206!/:?]
	at net.minecraft.client.gui.screens.worldselection.WorldSelectionList$WorldListEntry.m_101744_(WorldSelectionList.java:575) ~[client-1.20.1-20230612.114412-srg.jar%23206!/:?]
	at net.minecraft.client.gui.screens.worldselection.WorldSelectionList$WorldListEntry.m_101704_(WorldSelectionList.java:474) ~[client-1.20.1-20230612.114412-srg.jar%23206!/:?]
	at net.minecraft.client.gui.screens.worldselection.WorldSelectionList$WorldListEntry.m_6375_(WorldSelectionList.java:413) ~[client-1.20.1-20230612.114412-srg.jar%23206!/:?]
	at net.minecraft.client.gui.components.AbstractSelectionList.m_6375_(AbstractSelectionList.java:298) ~[client-1.20.1-20230612.114412-srg.jar%23206!/:?]
	at net.minecraft.client.gui.components.events.ContainerEventHandler.m_6375_(ContainerEventHandler.java:38) ~[client-1.20.1-20230612.114412-srg.jar%23206!/:?]
	at net.minecraft.client.MouseHandler.m_168084_(MouseHandler.java:92) ~[client-1.20.1-20230612.114412-srg.jar%23206!/:?]
	at net.minecraft.client.gui.screens.Screen.m_96579_(Screen.java:437) ~[client-1.20.1-20230612.114412-srg.jar%23206!/:?]
	at net.minecraft.client.MouseHandler.m_91530_(MouseHandler.java:89) ~[client-1.20.1-20230612.114412-srg.jar%23206!/:?]
	at net.minecraft.client.MouseHandler.m_168091_(MouseHandler.java:189) ~[client-1.20.1-20230612.114412-srg.jar%23206!/:?]
	at net.minecraft.util.thread.BlockableEventLoop.execute(BlockableEventLoop.java:102) ~[client-1.20.1-20230612.114412-srg.jar%23206!/:?]
	at net.minecraft.client.MouseHandler.m_91565_(MouseHandler.java:188) ~[client-1.20.1-20230612.114412-srg.jar%23206!/:?]
	at org.lwjgl.glfw.GLFWMouseButtonCallbackI.callback(GLFWMouseButtonCallbackI.java:43) ~[lwjgl-glfw-3.3.1.jar%23120!/:build 7]
	at org.lwjgl.system.JNI.invokeV(Native Method) ~[lwjgl-3.3.1.jar%23132!/:build 7]
	at org.lwjgl.glfw.GLFW.glfwWaitEventsTimeout(GLFW.java:3474) ~[lwjgl-glfw-3.3.1.jar%23120!/:build 7]
	at com.mojang.blaze3d.systems.RenderSystem.limitDisplayFPS(RenderSystem.java:237) ~[client-1.20.1-20230612.114412-srg.jar%23206!/:?]
	at net.minecraft.client.Minecraft.m_91383_(Minecraft.java:1173) ~[client-1.20.1-20230612.114412-srg.jar%23206!/:?]
	at net.minecraft.client.Minecraft.m_91374_(Minecraft.java:718) ~[client-1.20.1-20230612.114412-srg.jar%23206!/:?]
	at net.minecraft.client.main.Main.main(Main.java:218) ~[%e6%a4%8d%e7%89%a9%e7%a7%91%e6%8a%80.jar:?]
	at jdk.internal.reflect.DirectMethodHandleAccessor.invoke(DirectMethodHandleAccessor.java:103) ~[?:?]
	at java.lang.reflect.Method.invoke(Method.java:580) ~[?:?]
	at net.minecraftforge.fml.loading.targets.CommonLaunchHandler.runTarget(CommonLaunchHandler.java:111) ~[fmlloader-1.20.1-47.4.21.jar:?]
	at net.minecraftforge.fml.loading.targets.CommonLaunchHandler.clientService(CommonLaunchHandler.java:99) ~[fmlloader-1.20.1-47.4.21.jar:?]
	at net.minecraftforge.fml.loading.targets.CommonClientLaunchHandler.lambda$makeService$0(CommonClientLaunchHandler.java:25) ~[fmlloader-1.20.1-47.4.21.jar:?]
	at cpw.mods.modlauncher.LaunchServiceHandlerDecorator.launch(LaunchServiceHandlerDecorator.java:30) ~[modlauncher-10.0.9.jar:?]
	at cpw.mods.modlauncher.LaunchServiceHandler.launch(LaunchServiceHandler.java:53) ~[modlauncher-10.0.9.jar:?]
	at cpw.mods.modlauncher.LaunchServiceHandler.launch(LaunchServiceHandler.java:71) ~[modlauncher-10.0.9.jar:?]
	at cpw.mods.modlauncher.Launcher.run(Launcher.java:108) ~[modlauncher-10.0.9.jar:?]
	at cpw.mods.modlauncher.Launcher.main(Launcher.java:78) ~[modlauncher-10.0.9.jar:?]
	at cpw.mods.modlauncher.BootstrapLaunchConsumer.accept(BootstrapLaunchConsumer.java:26) ~[modlauncher-10.0.9.jar:?]
	at cpw.mods.modlauncher.BootstrapLaunchConsumer.accept(BootstrapLaunchConsumer.java:23) ~[modlauncher-10.0.9.jar:?]
	at cpw.mods.bootstraplauncher.BootstrapLauncher.main(BootstrapLauncher.java:141) ~[bootstraplauncher-1.1.2.jar:?]
[228月2026 22:28:25.115] [Render thread/ERROR] [Apotheosis : Adventure/]: Failed to execute ShieldBreakerTest
java.lang.NullPointerException: Cannot invoke "net.minecraft.world.entity.LivingEntity.m_213824_()" because "attacker" is null
	at net.minecraftforge.common.extensions.IForgeItem.canDisableShield(IForgeItem.java:695) ~[forge-1.20.1-47.4.21-universal.jar%23211!/:?]
	at net.minecraftforge.common.extensions.IForgeItemStack.canDisableShield(IForgeItemStack.java:233) ~[forge-1.20.1-47.4.21-universal.jar%23211!/:?]
	at dev.shadowsoffire.apotheosis.adventure.loot.ShieldBreakerTest.test(ShieldBreakerTest.java:48) ~[%5B神化%5D%20Apotheosis-1.20.1-7.4.6.jar%23185!/:7.4.6]
	at dev.shadowsoffire.apotheosis.adventure.loot.ShieldBreakerTest.test(ShieldBreakerTest.java:25) ~[%5B神化%5D%20Apotheosis-1.20.1-7.4.6.jar%23185!/:7.4.6]
	at dev.shadowsoffire.apotheosis.adventure.loot.LootCategory.isValid(LootCategory.java:89) ~[%5B神化%5D%20Apotheosis-1.20.1-7.4.6.jar%23185!/:7.4.6]
	at dev.shadowsoffire.apotheosis.adventure.loot.LootCategory.forItem(LootCategory.java:182) ~[%5B神化%5D%20Apotheosis-1.20.1-7.4.6.jar%23185!/:7.4.6]
	at dev.shadowsoffire.apotheosis.adventure.loot.AffixLootEntry.getType(AffixLootEntry.java:91) ~[%5B神化%5D%20Apotheosis-1.20.1-7.4.6.jar%23185!/:7.4.6]
	at dev.shadowsoffire.apotheosis.adventure.loot.AffixLootRegistry.validateItem(AffixLootRegistry.java:30) ~[%5B神化%5D%20Apotheosis-1.20.1-7.4.6.jar%23185!/:7.4.6]
	at dev.shadowsoffire.apotheosis.adventure.loot.AffixLootRegistry.validateItem(AffixLootRegistry.java:13) ~[%5B神化%5D%20Apotheosis-1.20.1-7.4.6.jar%23185!/:7.4.6]
	at dev.shadowsoffire.placebo.reload.DynamicRegistry.register(DynamicRegistry.java:322) ~[Placebo-1.20.1-8.6.3.jar%23203!/:8.6.3]
	at dev.shadowsoffire.placebo.reload.DynamicRegistry.lambda$apply$0(DynamicRegistry.java:143) ~[Placebo-1.20.1-8.6.3.jar%23203!/:8.6.3]
	at java.util.HashMap.forEach(HashMap.java:1429) ~[?:?]
	at dev.shadowsoffire.placebo.reload.DynamicRegistry.apply(DynamicRegistry.java:136) ~[Placebo-1.20.1-8.6.3.jar%23203!/:8.6.3]
	at dev.shadowsoffire.placebo.reload.DynamicRegistry.m_5787_(DynamicRegistry.java:62) ~[Placebo-1.20.1-8.6.3.jar%23203!/:8.6.3]
	at net.minecraft.server.packs.resources.SimplePreparableReloadListener.m_10789_(SimplePreparableReloadListener.java:13) ~[client-1.20.1-20230612.114412-srg.jar%23206!/:?]
	at java.util.concurrent.CompletableFuture$UniAccept.tryFire(CompletableFuture.java:718) ~[?:?]
	at java.util.concurrent.CompletableFuture$Completion.run(CompletableFuture.java:482) ~[?:?]
	at net.minecraft.server.packs.resources.SimpleReloadInstance.m_143940_(SimpleReloadInstance.java:69) ~[client-1.20.1-20230612.114412-srg.jar%23206!/:?]
	at net.minecraft.util.thread.BlockableEventLoop.m_6367_(BlockableEventLoop.java:156) ~[client-1.20.1-20230612.114412-srg.jar%23206!/:?]
	at net.minecraft.util.thread.ReentrantBlockableEventLoop.m_6367_(ReentrantBlockableEventLoop.java:23) ~[client-1.20.1-20230612.114412-srg.jar%23206!/:?]
	at net.minecraft.util.thread.BlockableEventLoop.m_7245_(BlockableEventLoop.java:130) ~[client-1.20.1-20230612.114412-srg.jar%23206!/:?]
	at net.minecraft.util.thread.BlockableEventLoop.m_18701_(BlockableEventLoop.java:139) ~[client-1.20.1-20230612.114412-srg.jar%23206!/:?]
	at net.minecraft.client.gui.screens.worldselection.WorldOpenFlows.m_246486_(WorldOpenFlows.java:163) ~[client-1.20.1-20230612.114412-srg.jar%23206!/:?]
	at net.minecraft.client.gui.screens.worldselection.WorldOpenFlows.m_233122_(WorldOpenFlows.java:113) ~[client-1.20.1-20230612.114412-srg.jar%23206!/:?]
	at net.minecraft.client.gui.screens.worldselection.WorldOpenFlows.doLoadLevel(WorldOpenFlows.java:181) ~[client-1.20.1-20230612.114412-srg.jar%23206!/:?]
	at net.minecraft.client.gui.screens.worldselection.WorldOpenFlows.m_233145_(WorldOpenFlows.java:169) ~[client-1.20.1-20230612.114412-srg.jar%23206!/:?]
	at net.minecraft.client.gui.screens.worldselection.WorldOpenFlows.m_233133_(WorldOpenFlows.java:65) ~[client-1.20.1-20230612.114412-srg.jar%23206!/:?]
	at net.minecraft.client.gui.screens.worldselection.WorldSelectionList$WorldListEntry.m_101744_(WorldSelectionList.java:575) ~[client-1.20.1-20230612.114412-srg.jar%23206!/:?]
	at net.minecraft.client.gui.screens.worldselection.WorldSelectionList$WorldListEntry.m_101704_(WorldSelectionList.java:474) ~[client-1.20.1-20230612.114412-srg.jar%23206!/:?]
	at net.minecraft.client.gui.screens.worldselection.WorldSelectionList$WorldListEntry.m_6375_(WorldSelectionList.java:413) ~[client-1.20.1-20230612.114412-srg.jar%23206!/:?]
	at net.minecraft.client.gui.components.AbstractSelectionList.m_6375_(AbstractSelectionList.java:298) ~[client-1.20.1-20230612.114412-srg.jar%23206!/:?]
	at net.minecraft.client.gui.components.events.ContainerEventHandler.m_6375_(ContainerEventHandler.java:38) ~[client-1.20.1-20230612.114412-srg.jar%23206!/:?]
	at net.minecraft.client.MouseHandler.m_168084_(MouseHandler.java:92) ~[client-1.20.1-20230612.114412-srg.jar%23206!/:?]
	at net.minecraft.client.gui.screens.Screen.m_96579_(Screen.java:437) ~[client-1.20.1-20230612.114412-srg.jar%23206!/:?]
	at net.minecraft.client.MouseHandler.m_91530_(MouseHandler.java:89) ~[client-1.20.1-20230612.114412-srg.jar%23206!/:?]
	at net.minecraft.client.MouseHandler.m_168091_(MouseHandler.java:189) ~[client-1.20.1-20230612.114412-srg.jar%23206!/:?]
	at net.minecraft.util.thread.BlockableEventLoop.execute(BlockableEventLoop.java:102) ~[client-1.20.1-20230612.114412-srg.jar%23206!/:?]
	at net.minecraft.client.MouseHandler.m_91565_(MouseHandler.java:188) ~[client-1.20.1-20230612.114412-srg.jar%23206!/:?]
	at org.lwjgl.glfw.GLFWMouseButtonCallbackI.callback(GLFWMouseButtonCallbackI.java:43) ~[lwjgl-glfw-3.3.1.jar%23120!/:build 7]
	at org.lwjgl.system.JNI.invokeV(Native Method) ~[lwjgl-3.3.1.jar%23132!/:build 7]
	at org.lwjgl.glfw.GLFW.glfwWaitEventsTimeout(GLFW.java:3474) ~[lwjgl-glfw-3.3.1.jar%23120!/:build 7]
	at com.mojang.blaze3d.systems.RenderSystem.limitDisplayFPS(RenderSystem.java:237) ~[client-1.20.1-20230612.114412-srg.jar%23206!/:?]
	at net.minecraft.client.Minecraft.m_91383_(Minecraft.java:1173) ~[client-1.20.1-20230612.114412-srg.jar%23206!/:?]
	at net.minecraft.client.Minecraft.m_91374_(Minecraft.java:718) ~[client-1.20.1-20230612.114412-srg.jar%23206!/:?]
	at net.minecraft.client.main.Main.main(Main.java:218) ~[%e6%a4%8d%e7%89%a9%e7%a7%91%e6%8a%80.jar:?]
	at jdk.internal.reflect.DirectMethodHandleAccessor.invoke(DirectMethodHandleAccessor.java:103) ~[?:?]
	at java.lang.reflect.Method.invoke(Method.java:580) ~[?:?]
	at net.minecraftforge.fml.loading.targets.CommonLaunchHandler.runTarget(CommonLaunchHandler.java:111) ~[fmlloader-1.20.1-47.4.21.jar:?]
	at net.minecraftforge.fml.loading.targets.CommonLaunchHandler.clientService(CommonLaunchHandler.java:99) ~[fmlloader-1.20.1-47.4.21.jar:?]
	at net.minecraftforge.fml.loading.targets.CommonClientLaunchHandler.lambda$makeService$0(CommonClientLaunchHandler.java:25) ~[fmlloader-1.20.1-47.4.21.jar:?]
	at cpw.mods.modlauncher.LaunchServiceHandlerDecorator.launch(LaunchServiceHandlerDecorator.java:30) ~[modlauncher-10.0.9.jar:?]
	at cpw.mods.modlauncher.LaunchServiceHandler.launch(LaunchServiceHandler.java:53) ~[modlauncher-10.0.9.jar:?]
	at cpw.mods.modlauncher.LaunchServiceHandler.launch(LaunchServiceHandler.java:71) ~[modlauncher-10.0.9.jar:?]
	at cpw.mods.modlauncher.Launcher.run(Launcher.java:108) ~[modlauncher-10.0.9.jar:?]
	at cpw.mods.modlauncher.Launcher.main(Launcher.java:78) ~[modlauncher-10.0.9.jar:?]
	at cpw.mods.modlauncher.BootstrapLaunchConsumer.accept(BootstrapLaunchConsumer.java:26) ~[modlauncher-10.0.9.jar:?]
	at cpw.mods.modlauncher.BootstrapLaunchConsumer.accept(BootstrapLaunchConsumer.java:23) ~[modlauncher-10.0.9.jar:?]
	at cpw.mods.bootstraplauncher.BootstrapLauncher.main(BootstrapLauncher.java:141) ~[bootstraplauncher-1.1.2.jar:?]
[228月2026 22:28:25.117] [Render thread/ERROR] [Apotheosis : Adventure/]: Failed to execute ShieldBreakerTest
java.lang.NullPointerException: Cannot invoke "net.minecraft.world.entity.LivingEntity.m_213824_()" because "attacker" is null
	at net.minecraftforge.common.extensions.IForgeItem.canDisableShield(IForgeItem.java:695) ~[forge-1.20.1-47.4.21-universal.jar%23211!/:?]
	at net.minecraftforge.common.extensions.IForgeItemStack.canDisableShield(IForgeItemStack.java:233) ~[forge-1.20.1-47.4.21-universal.jar%23211!/:?]
	at dev.shadowsoffire.apotheosis.adventure.loot.ShieldBreakerTest.test(ShieldBreakerTest.java:48) ~[%5B神化%5D%20Apotheosis-1.20.1-7.4.6.jar%23185!/:7.4.6]
	at dev.shadowsoffire.apotheosis.adventure.loot.ShieldBreakerTest.test(ShieldBreakerTest.java:25) ~[%5B神化%5D%20Apotheosis-1.20.1-7.4.6.jar%23185!/:7.4.6]
	at dev.shadowsoffire.apotheosis.adventure.loot.LootCategory.isValid(LootCategory.java:89) ~[%5B神化%5D%20Apotheosis-1.20.1-7.4.6.jar%23185!/:7.4.6]
	at dev.shadowsoffire.apotheosis.adventure.loot.LootCategory.forItem(LootCategory.java:182) ~[%5B神化%5D%20Apotheosis-1.20.1-7.4.6.jar%23185!/:7.4.6]
	at dev.shadowsoffire.apotheosis.adventure.loot.AffixLootEntry.getType(AffixLootEntry.java:91) ~[%5B神化%5D%20Apotheosis-1.20.1-7.4.6.jar%23185!/:7.4.6]
	at dev.shadowsoffire.apotheosis.adventure.loot.AffixLootRegistry.validateItem(AffixLootRegistry.java:30) ~[%5B神化%5D%20Apotheosis-1.20.1-7.4.6.jar%23185!/:7.4.6]
	at dev.shadowsoffire.apotheosis.adventure.loot.AffixLootRegistry.validateItem(AffixLootRegistry.java:13) ~[%5B神化%5D%20Apotheosis-1.20.1-7.4.6.jar%23185!/:7.4.6]
	at dev.shadowsoffire.placebo.reload.DynamicRegistry.register(DynamicRegistry.java:322) ~[Placebo-1.20.1-8.6.3.jar%23203!/:8.6.3]
	at dev.shadowsoffire.placebo.reload.DynamicRegistry.lambda$apply$0(DynamicRegistry.java:143) ~[Placebo-1.20.1-8.6.3.jar%23203!/:8.6.3]
	at java.util.HashMap.forEach(HashMap.java:1429) ~[?:?]
	at dev.shadowsoffire.placebo.reload.DynamicRegistry.apply(DynamicRegistry.java:136) ~[Placebo-1.20.1-8.6.3.jar%23203!/:8.6.3]
	at dev.shadowsoffire.placebo.reload.DynamicRegistry.m_5787_(DynamicRegistry.java:62) ~[Placebo-1.20.1-8.6.3.jar%23203!/:8.6.3]
	at net.minecraft.server.packs.resources.SimplePreparableReloadListener.m_10789_(SimplePreparableReloadListener.java:13) ~[client-1.20.1-20230612.114412-srg.jar%23206!/:?]
	at java.util.concurrent.CompletableFuture$UniAccept.tryFire(CompletableFuture.java:718) ~[?:?]
	at java.util.concurrent.CompletableFuture$Completion.run(CompletableFuture.java:482) ~[?:?]
	at net.minecraft.server.packs.resources.SimpleReloadInstance.m_143940_(SimpleReloadInstance.java:69) ~[client-1.20.1-20230612.114412-srg.jar%23206!/:?]
	at net.minecraft.util.thread.BlockableEventLoop.m_6367_(BlockableEventLoop.java:156) ~[client-1.20.1-20230612.114412-srg.jar%23206!/:?]
	at net.minecraft.util.thread.ReentrantBlockableEventLoop.m_6367_(ReentrantBlockableEventLoop.java:23) ~[client-1.20.1-20230612.114412-srg.jar%23206!/:?]
	at net.minecraft.util.thread.BlockableEventLoop.m_7245_(BlockableEventLoop.java:130) ~[client-1.20.1-20230612.114412-srg.jar%23206!/:?]
	at net.minecraft.util.thread.BlockableEventLoop.m_18701_(BlockableEventLoop.java:139) ~[client-1.20.1-20230612.114412-srg.jar%23206!/:?]
	at net.minecraft.client.gui.screens.worldselection.WorldOpenFlows.m_246486_(WorldOpenFlows.java:163) ~[client-1.20.1-20230612.114412-srg.jar%23206!/:?]
	at net.minecraft.client.gui.screens.worldselection.WorldOpenFlows.m_233122_(WorldOpenFlows.java:113) ~[client-1.20.1-20230612.114412-srg.jar%23206!/:?]
	at net.minecraft.client.gui.screens.worldselection.WorldOpenFlows.doLoadLevel(WorldOpenFlows.java:181) ~[client-1.20.1-20230612.114412-srg.jar%23206!/:?]
	at net.minecraft.client.gui.screens.worldselection.WorldOpenFlows.m_233145_(WorldOpenFlows.java:169) ~[client-1.20.1-20230612.114412-srg.jar%23206!/:?]
	at net.minecraft.client.gui.screens.worldselection.WorldOpenFlows.m_233133_(WorldOpenFlows.java:65) ~[client-1.20.1-20230612.114412-srg.jar%23206!/:?]
	at net.minecraft.client.gui.screens.worldselection.WorldSelectionList$WorldListEntry.m_101744_(WorldSelectionList.java:575) ~[client-1.20.1-20230612.114412-srg.jar%23206!/:?]
	at net.minecraft.client.gui.screens.worldselection.WorldSelectionList$WorldListEntry.m_101704_(WorldSelectionList.java:474) ~[client-1.20.1-20230612.114412-srg.jar%23206!/:?]
	at net.minecraft.client.gui.screens.worldselection.WorldSelectionList$WorldListEntry.m_6375_(WorldSelectionList.java:413) ~[client-1.20.1-20230612.114412-srg.jar%23206!/:?]
	at net.minecraft.client.gui.components.AbstractSelectionList.m_6375_(AbstractSelectionList.java:298) ~[client-1.20.1-20230612.114412-srg.jar%23206!/:?]
	at net.minecraft.client.gui.components.events.ContainerEventHandler.m_6375_(ContainerEventHandler.java:38) ~[client-1.20.1-20230612.114412-srg.jar%23206!/:?]
	at net.minecraft.client.MouseHandler.m_168084_(MouseHandler.java:92) ~[client-1.20.1-20230612.114412-srg.jar%23206!/:?]
	at net.minecraft.client.gui.screens.Screen.m_96579_(Screen.java:437) ~[client-1.20.1-20230612.114412-srg.jar%23206!/:?]
	at net.minecraft.client.MouseHandler.m_91530_(MouseHandler.java:89) ~[client-1.20.1-20230612.114412-srg.jar%23206!/:?]
	at net.minecraft.client.MouseHandler.m_168091_(MouseHandler.java:189) ~[client-1.20.1-20230612.114412-srg.jar%23206!/:?]
	at net.minecraft.util.thread.BlockableEventLoop.execute(BlockableEventLoop.java:102) ~[client-1.20.1-20230612.114412-srg.jar%23206!/:?]
	at net.minecraft.client.MouseHandler.m_91565_(MouseHandler.java:188) ~[client-1.20.1-20230612.114412-srg.jar%23206!/:?]
	at org.lwjgl.glfw.GLFWMouseButtonCallbackI.callback(GLFWMouseButtonCallbackI.java:43) ~[lwjgl-glfw-3.3.1.jar%23120!/:build 7]
	at org.lwjgl.system.JNI.invokeV(Native Method) ~[lwjgl-3.3.1.jar%23132!/:build 7]
	at org.lwjgl.glfw.GLFW.glfwWaitEventsTimeout(GLFW.java:3474) ~[lwjgl-glfw-3.3.1.jar%23120!/:build 7]
	at com.mojang.blaze3d.systems.RenderSystem.limitDisplayFPS(RenderSystem.java:237) ~[client-1.20.1-20230612.114412-srg.jar%23206!/:?]
	at net.minecraft.client.Minecraft.m_91383_(Minecraft.java:1173) ~[client-1.20.1-20230612.114412-srg.jar%23206!/:?]
	at net.minecraft.client.Minecraft.m_91374_(Minecraft.java:718) ~[client-1.20.1-20230612.114412-srg.jar%23206!/:?]
	at net.minecraft.client.main.Main.main(Main.java:218) ~[%e6%a4%8d%e7%89%a9%e7%a7%91%e6%8a%80.jar:?]
	at jdk.internal.reflect.DirectMethodHandleAccessor.invoke(DirectMethodHandleAccessor.java:103) ~[?:?]
	at java.lang.reflect.Method.invoke(Method.java:580) ~[?:?]
	at net.minecraftforge.fml.loading.targets.CommonLaunchHandler.runTarget(CommonLaunchHandler.java:111) ~[fmlloader-1.20.1-47.4.21.jar:?]
	at net.minecraftforge.fml.loading.targets.CommonLaunchHandler.clientService(CommonLaunchHandler.java:99) ~[fmlloader-1.20.1-47.4.21.jar:?]
	at net.minecraftforge.fml.loading.targets.CommonClientLaunchHandler.lambda$makeService$0(CommonClientLaunchHandler.java:25) ~[fmlloader-1.20.1-47.4.21.jar:?]
	at cpw.mods.modlauncher.LaunchServiceHandlerDecorator.launch(LaunchServiceHandlerDecorator.java:30) ~[modlauncher-10.0.9.jar:?]
	at cpw.mods.modlauncher.LaunchServiceHandler.launch(LaunchServiceHandler.java:53) ~[modlauncher-10.0.9.jar:?]
	at cpw.mods.modlauncher.LaunchServiceHandler.launch(LaunchServiceHandler.java:71) ~[modlauncher-10.0.9.jar:?]
	at cpw.mods.modlauncher.Launcher.run(Launcher.java:108) ~[modlauncher-10.0.9.jar:?]
	at cpw.mods.modlauncher.Launcher.main(Launcher.java:78) ~[modlauncher-10.0.9.jar:?]
	at cpw.mods.modlauncher.BootstrapLaunchConsumer.accept(BootstrapLaunchConsumer.java:26) ~[modlauncher-10.0.9.jar:?]
	at cpw.mods.modlauncher.BootstrapLaunchConsumer.accept(BootstrapLaunchConsumer.java:23) ~[modlauncher-10.0.9.jar:?]
	at cpw.mods.bootstraplauncher.BootstrapLauncher.main(BootstrapLauncher.java:141) ~[bootstraplauncher-1.1.2.jar:?]
[228月2026 22:28:25.118] [Render thread/ERROR] [Apotheosis : Adventure/]: Failed to execute ShieldBreakerTest
java.lang.NullPointerException: Cannot invoke "net.minecraft.world.entity.LivingEntity.m_213824_()" because "attacker" is null
	at net.minecraftforge.common.extensions.IForgeItem.canDisableShield(IForgeItem.java:695) ~[forge-1.20.1-47.4.21-universal.jar%23211!/:?]
	at net.minecraftforge.common.extensions.IForgeItemStack.canDisableShield(IForgeItemStack.java:233) ~[forge-1.20.1-47.4.21-universal.jar%23211!/:?]
	at dev.shadowsoffire.apotheosis.adventure.loot.ShieldBreakerTest.test(ShieldBreakerTest.java:48) ~[%5B神化%5D%20Apotheosis-1.20.1-7.4.6.jar%23185!/:7.4.6]
	at dev.shadowsoffire.apotheosis.adventure.loot.ShieldBreakerTest.test(ShieldBreakerTest.java:25) ~[%5B神化%5D%20Apotheosis-1.20.1-7.4.6.jar%23185!/:7.4.6]
	at dev.shadowsoffire.apotheosis.adventure.loot.LootCategory.isValid(LootCategory.java:89) ~[%5B神化%5D%20Apotheosis-1.20.1-7.4.6.jar%23185!/:7.4.6]
	at dev.shadowsoffire.apotheosis.adventure.loot.LootCategory.forItem(LootCategory.java:182) ~[%5B神化%5D%20Apotheosis-1.20.1-7.4.6.jar%23185!/:7.4.6]
	at dev.shadowsoffire.apotheosis.adventure.loot.AffixLootEntry.getType(AffixLootEntry.java:91) ~[%5B神化%5D%20Apotheosis-1.20.1-7.4.6.jar%23185!/:7.4.6]
	at dev.shadowsoffire.apotheosis.adventure.loot.AffixLootRegistry.validateItem(AffixLootRegistry.java:30) ~[%5B神化%5D%20Apotheosis-1.20.1-7.4.6.jar%23185!/:7.4.6]
	at dev.shadowsoffire.apotheosis.adventure.loot.AffixLootRegistry.validateItem(AffixLootRegistry.java:13) ~[%5B神化%5D%20Apotheosis-1.20.1-7.4.6.jar%23185!/:7.4.6]
	at dev.shadowsoffire.placebo.reload.DynamicRegistry.register(DynamicRegistry.java:322) ~[Placebo-1.20.1-8.6.3.jar%23203!/:8.6.3]
	at dev.shadowsoffire.placebo.reload.DynamicRegistry.lambda$apply$0(DynamicRegistry.java:143) ~[Placebo-1.20.1-8.6.3.jar%23203!/:8.6.3]
	at java.util.HashMap.forEach(HashMap.java:1429) ~[?:?]
	at dev.shadowsoffire.placebo.reload.DynamicRegistry.apply(DynamicRegistry.java:136) ~[Placebo-1.20.1-8.6.3.jar%23203!/:8.6.3]
	at dev.shadowsoffire.placebo.reload.DynamicRegistry.m_5787_(DynamicRegistry.java:62) ~[Placebo-1.20.1-8.6.3.jar%23203!/:8.6.3]
	at net.minecraft.server.packs.resources.SimplePreparableReloadListener.m_10789_(SimplePreparableReloadListener.java:13) ~[client-1.20.1-20230612.114412-srg.jar%23206!/:?]
	at java.util.concurrent.CompletableFuture$UniAccept.tryFire(CompletableFuture.java:718) ~[?:?]
	at java.util.concurrent.CompletableFuture$Completion.run(CompletableFuture.java:482) ~[?:?]
	at net.minecraft.server.packs.resources.SimpleReloadInstance.m_143940_(SimpleReloadInstance.java:69) ~[client-1.20.1-20230612.114412-srg.jar%23206!/:?]
	at net.minecraft.util.thread.BlockableEventLoop.m_6367_(BlockableEventLoop.java:156) ~[client-1.20.1-20230612.114412-srg.jar%23206!/:?]
	at net.minecraft.util.thread.ReentrantBlockableEventLoop.m_6367_(ReentrantBlockableEventLoop.java:23) ~[client-1.20.1-20230612.114412-srg.jar%23206!/:?]
	at net.minecraft.util.thread.BlockableEventLoop.m_7245_(BlockableEventLoop.java:130) ~[client-1.20.1-20230612.114412-srg.jar%23206!/:?]
	at net.minecraft.util.thread.BlockableEventLoop.m_18701_(BlockableEventLoop.java:139) ~[client-1.20.1-20230612.114412-srg.jar%23206!/:?]
	at net.minecraft.client.gui.screens.worldselection.WorldOpenFlows.m_246486_(WorldOpenFlows.java:163) ~[client-1.20.1-20230612.114412-srg.jar%23206!/:?]
	at net.minecraft.client.gui.screens.worldselection.WorldOpenFlows.m_233122_(WorldOpenFlows.java:113) ~[client-1.20.1-20230612.114412-srg.jar%23206!/:?]
	at net.minecraft.client.gui.screens.worldselection.WorldOpenFlows.doLoadLevel(WorldOpenFlows.java:181) ~[client-1.20.1-20230612.114412-srg.jar%23206!/:?]
	at net.minecraft.client.gui.screens.worldselection.WorldOpenFlows.m_233145_(WorldOpenFlows.java:169) ~[client-1.20.1-20230612.114412-srg.jar%23206!/:?]
	at net.minecraft.client.gui.screens.worldselection.WorldOpenFlows.m_233133_(WorldOpenFlows.java:65) ~[client-1.20.1-20230612.114412-srg.jar%23206!/:?]
	at net.minecraft.client.gui.screens.worldselection.WorldSelectionList$WorldListEntry.m_101744_(WorldSelectionList.java:575) ~[client-1.20.1-20230612.114412-srg.jar%23206!/:?]
	at net.minecraft.client.gui.screens.worldselection.WorldSelectionList$WorldListEntry.m_101704_(WorldSelectionList.java:474) ~[client-1.20.1-20230612.114412-srg.jar%23206!/:?]
	at net.minecraft.client.gui.screens.worldselection.WorldSelectionList$WorldListEntry.m_6375_(WorldSelectionList.java:413) ~[client-1.20.1-20230612.114412-srg.jar%23206!/:?]
	at net.minecraft.client.gui.components.AbstractSelectionList.m_6375_(AbstractSelectionList.java:298) ~[client-1.20.1-20230612.114412-srg.jar%23206!/:?]
	at net.minecraft.client.gui.components.events.ContainerEventHandler.m_6375_(ContainerEventHandler.java:38) ~[client-1.20.1-20230612.114412-srg.jar%23206!/:?]
	at net.minecraft.client.MouseHandler.m_168084_(MouseHandler.java:92) ~[client-1.20.1-20230612.114412-srg.jar%23206!/:?]
	at net.minecraft.client.gui.screens.Screen.m_96579_(Screen.java:437) ~[client-1.20.1-20230612.114412-srg.jar%23206!/:?]
	at net.minecraft.client.MouseHandler.m_91530_(MouseHandler.java:89) ~[client-1.20.1-20230612.114412-srg.jar%23206!/:?]
	at net.minecraft.client.MouseHandler.m_168091_(MouseHandler.java:189) ~[client-1.20.1-20230612.114412-srg.jar%23206!/:?]
	at net.minecraft.util.thread.BlockableEventLoop.execute(BlockableEventLoop.java:102) ~[client-1.20.1-20230612.114412-srg.jar%23206!/:?]
	at net.minecraft.client.MouseHandler.m_91565_(MouseHandler.java:188) ~[client-1.20.1-20230612.114412-srg.jar%23206!/:?]
	at org.lwjgl.glfw.GLFWMouseButtonCallbackI.callback(GLFWMouseButtonCallbackI.java:43) ~[lwjgl-glfw-3.3.1.jar%23120!/:build 7]
	at org.lwjgl.system.JNI.invokeV(Native Method) ~[lwjgl-3.3.1.jar%23132!/:build 7]
	at org.lwjgl.glfw.GLFW.glfwWaitEventsTimeout(GLFW.java:3474) ~[lwjgl-glfw-3.3.1.jar%23120!/:build 7]
	at com.mojang.blaze3d.systems.RenderSystem.limitDisplayFPS(RenderSystem.java:237) ~[client-1.20.1-20230612.114412-srg.jar%23206!/:?]
	at net.minecraft.client.Minecraft.m_91383_(Minecraft.java:1173) ~[client-1.20.1-20230612.114412-srg.jar%23206!/:?]
	at net.minecraft.client.Minecraft.m_91374_(Minecraft.java:718) ~[client-1.20.1-20230612.114412-srg.jar%23206!/:?]
	at net.minecraft.client.main.Main.main(Main.java:218) ~[%e6%a4%8d%e7%89%a9%e7%a7%91%e6%8a%80.jar:?]
	at jdk.internal.reflect.DirectMethodHandleAccessor.invoke(DirectMethodHandleAccessor.java:103) ~[?:?]
	at java.lang.reflect.Method.invoke(Method.java:580) ~[?:?]
	at net.minecraftforge.fml.loading.targets.CommonLaunchHandler.runTarget(CommonLaunchHandler.java:111) ~[fmlloader-1.20.1-47.4.21.jar:?]
	at net.minecraftforge.fml.loading.targets.CommonLaunchHandler.clientService(CommonLaunchHandler.java:99) ~[fmlloader-1.20.1-47.4.21.jar:?]
	at net.minecraftforge.fml.loading.targets.CommonClientLaunchHandler.lambda$makeService$0(CommonClientLaunchHandler.java:25) ~[fmlloader-1.20.1-47.4.21.jar:?]
	at cpw.mods.modlauncher.LaunchServiceHandlerDecorator.launch(LaunchServiceHandlerDecorator.java:30) ~[modlauncher-10.0.9.jar:?]
	at cpw.mods.modlauncher.LaunchServiceHandler.launch(LaunchServiceHandler.java:53) ~[modlauncher-10.0.9.jar:?]
	at cpw.mods.modlauncher.LaunchServiceHandler.launch(LaunchServiceHandler.java:71) ~[modlauncher-10.0.9.jar:?]
	at cpw.mods.modlauncher.Launcher.run(Launcher.java:108) ~[modlauncher-10.0.9.jar:?]
	at cpw.mods.modlauncher.Launcher.main(Launcher.java:78) ~[modlauncher-10.0.9.jar:?]
	at cpw.mods.modlauncher.BootstrapLaunchConsumer.accept(BootstrapLaunchConsumer.java:26) ~[modlauncher-10.0.9.jar:?]
	at cpw.mods.modlauncher.BootstrapLaunchConsumer.accept(BootstrapLaunchConsumer.java:23) ~[modlauncher-10.0.9.jar:?]
	at cpw.mods.bootstraplauncher.BootstrapLauncher.main(BootstrapLauncher.java:141) ~[bootstraplauncher-1.1.2.jar:?]
[228月2026 22:28:25.120] [Render thread/ERROR] [Apotheosis : Adventure/]: Failed to execute ShieldBreakerTest
java.lang.NullPointerException: Cannot invoke "net.minecraft.world.entity.LivingEntity.m_213824_()" because "attacker" is null
	at net.minecraftforge.common.extensions.IForgeItem.canDisableShield(IForgeItem.java:695) ~[forge-1.20.1-47.4.21-universal.jar%23211!/:?]
	at net.minecraftforge.common.extensions.IForgeItemStack.canDisableShield(IForgeItemStack.java:233) ~[forge-1.20.1-47.4.21-universal.jar%23211!/:?]
	at dev.shadowsoffire.apotheosis.adventure.loot.ShieldBreakerTest.test(ShieldBreakerTest.java:48) ~[%5B神化%5D%20Apotheosis-1.20.1-7.4.6.jar%23185!/:7.4.6]
	at dev.shadowsoffire.apotheosis.adventure.loot.ShieldBreakerTest.test(ShieldBreakerTest.java:25) ~[%5B神化%5D%20Apotheosis-1.20.1-7.4.6.jar%23185!/:7.4.6]
	at dev.shadowsoffire.apotheosis.adventure.loot.LootCategory.isValid(LootCategory.java:89) ~[%5B神化%5D%20Apotheosis-1.20.1-7.4.6.jar%23185!/:7.4.6]
	at dev.shadowsoffire.apotheosis.adventure.loot.LootCategory.forItem(LootCategory.java:182) ~[%5B神化%5D%20Apotheosis-1.20.1-7.4.6.jar%23185!/:7.4.6]
	at dev.shadowsoffire.apotheosis.adventure.loot.AffixLootEntry.getType(AffixLootEntry.java:91) ~[%5B神化%5D%20Apotheosis-1.20.1-7.4.6.jar%23185!/:7.4.6]
	at dev.shadowsoffire.apotheosis.adventure.loot.AffixLootRegistry.validateItem(AffixLootRegistry.java:30) ~[%5B神化%5D%20Apotheosis-1.20.1-7.4.6.jar%23185!/:7.4.6]
	at dev.shadowsoffire.apotheosis.adventure.loot.AffixLootRegistry.validateItem(AffixLootRegistry.java:13) ~[%5B神化%5D%20Apotheosis-1.20.1-7.4.6.jar%23185!/:7.4.6]
	at dev.shadowsoffire.placebo.reload.DynamicRegistry.register(DynamicRegistry.java:322) ~[Placebo-1.20.1-8.6.3.jar%23203!/:8.6.3]
	at dev.shadowsoffire.placebo.reload.DynamicRegistry.lambda$apply$0(DynamicRegistry.java:143) ~[Placebo-1.20.1-8.6.3.jar%23203!/:8.6.3]
	at java.util.HashMap.forEach(HashMap.java:1429) ~[?:?]
	at dev.shadowsoffire.placebo.reload.DynamicRegistry.apply(DynamicRegistry.java:136) ~[Placebo-1.20.1-8.6.3.jar%23203!/:8.6.3]
	at dev.shadowsoffire.placebo.reload.DynamicRegistry.m_5787_(DynamicRegistry.java:62) ~[Placebo-1.20.1-8.6.3.jar%23203!/:8.6.3]
	at net.minecraft.server.packs.resources.SimplePreparableReloadListener.m_10789_(SimplePreparableReloadListener.java:13) ~[client-1.20.1-20230612.114412-srg.jar%23206!/:?]
	at java.util.concurrent.CompletableFuture$UniAccept.tryFire(CompletableFuture.java:718) ~[?:?]
	at java.util.concurrent.CompletableFuture$Completion.run(CompletableFuture.java:482) ~[?:?]
	at net.minecraft.server.packs.resources.SimpleReloadInstance.m_143940_(SimpleReloadInstance.java:69) ~[client-1.20.1-20230612.114412-srg.jar%23206!/:?]
	at net.minecraft.util.thread.BlockableEventLoop.m_6367_(BlockableEventLoop.java:156) ~[client-1.20.1-20230612.114412-srg.jar%23206!/:?]
	at net.minecraft.util.thread.ReentrantBlockableEventLoop.m_6367_(ReentrantBlockableEventLoop.java:23) ~[client-1.20.1-20230612.114412-srg.jar%23206!/:?]
	at net.minecraft.util.thread.BlockableEventLoop.m_7245_(BlockableEventLoop.java:130) ~[client-1.20.1-20230612.114412-srg.jar%23206!/:?]
	at net.minecraft.util.thread.BlockableEventLoop.m_18701_(BlockableEventLoop.java:139) ~[client-1.20.1-20230612.114412-srg.jar%23206!/:?]
	at net.minecraft.client.gui.screens.worldselection.WorldOpenFlows.m_246486_(WorldOpenFlows.java:163) ~[client-1.20.1-20230612.114412-srg.jar%23206!/:?]
	at net.minecraft.client.gui.screens.worldselection.WorldOpenFlows.m_233122_(WorldOpenFlows.java:113) ~[client-1.20.1-20230612.114412-srg.jar%23206!/:?]
	at net.minecraft.client.gui.screens.worldselection.WorldOpenFlows.doLoadLevel(WorldOpenFlows.java:181) ~[client-1.20.1-20230612.114412-srg.jar%23206!/:?]
	at net.minecraft.client.gui.screens.worldselection.WorldOpenFlows.m_233145_(WorldOpenFlows.java:169) ~[client-1.20.1-20230612.114412-srg.jar%23206!/:?]
	at net.minecraft.client.gui.screens.worldselection.WorldOpenFlows.m_233133_(WorldOpenFlows.java:65) ~[client-1.20.1-20230612.114412-srg.jar%23206!/:?]
	at net.minecraft.client.gui.screens.worldselection.WorldSelectionList$WorldListEntry.m_101744_(WorldSelectionList.java:575) ~[client-1.20.1-20230612.114412-srg.jar%23206!/:?]
	at net.minecraft.client.gui.screens.worldselection.WorldSelectionList$WorldListEntry.m_101704_(WorldSelectionList.java:474) ~[client-1.20.1-20230612.114412-srg.jar%23206!/:?]
	at net.minecraft.client.gui.screens.worldselection.WorldSelectionList$WorldListEntry.m_6375_(WorldSelectionList.java:413) ~[client-1.20.1-20230612.114412-srg.jar%23206!/:?]
	at net.minecraft.client.gui.components.AbstractSelectionList.m_6375_(AbstractSelectionList.java:298) ~[client-1.20.1-20230612.114412-srg.jar%23206!/:?]
	at net.minecraft.client.gui.components.events.ContainerEventHandler.m_6375_(ContainerEventHandler.java:38) ~[client-1.20.1-20230612.114412-srg.jar%23206!/:?]
	at net.minecraft.client.MouseHandler.m_168084_(MouseHandler.java:92) ~[client-1.20.1-20230612.114412-srg.jar%23206!/:?]
	at net.minecraft.client.gui.screens.Screen.m_96579_(Screen.java:437) ~[client-1.20.1-20230612.114412-srg.jar%23206!/:?]
	at net.minecraft.client.MouseHandler.m_91530_(MouseHandler.java:89) ~[client-1.20.1-20230612.114412-srg.jar%23206!/:?]
	at net.minecraft.client.MouseHandler.m_168091_(MouseHandler.java:189) ~[client-1.20.1-20230612.114412-srg.jar%23206!/:?]
	at net.minecraft.util.thread.BlockableEventLoop.execute(BlockableEventLoop.java:102) ~[client-1.20.1-20230612.114412-srg.jar%23206!/:?]
	at net.minecraft.client.MouseHandler.m_91565_(MouseHandler.java:188) ~[client-1.20.1-20230612.114412-srg.jar%23206!/:?]
	at org.lwjgl.glfw.GLFWMouseButtonCallbackI.callback(GLFWMouseButtonCallbackI.java:43) ~[lwjgl-glfw-3.3.1.jar%23120!/:build 7]
	at org.lwjgl.system.JNI.invokeV(Native Method) ~[lwjgl-3.3.1.jar%23132!/:build 7]
	at org.lwjgl.glfw.GLFW.glfwWaitEventsTimeout(GLFW.java:3474) ~[lwjgl-glfw-3.3.1.jar%23120!/:build 7]
	at com.mojang.blaze3d.systems.RenderSystem.limitDisplayFPS(RenderSystem.java:237) ~[client-1.20.1-20230612.114412-srg.jar%23206!/:?]
	at net.minecraft.client.Minecraft.m_91383_(Minecraft.java:1173) ~[client-1.20.1-20230612.114412-srg.jar%23206!/:?]
	at net.minecraft.client.Minecraft.m_91374_(Minecraft.java:718) ~[client-1.20.1-20230612.114412-srg.jar%23206!/:?]
	at net.minecraft.client.main.Main.main(Main.java:218) ~[%e6%a4%8d%e7%89%a9%e7%a7%91%e6%8a%80.jar:?]
	at jdk.internal.reflect.DirectMethodHandleAccessor.invoke(DirectMethodHandleAccessor.java:103) ~[?:?]
	at java.lang.reflect.Method.invoke(Method.java:580) ~[?:?]
	at net.minecraftforge.fml.loading.targets.CommonLaunchHandler.runTarget(CommonLaunchHandler.java:111) ~[fmlloader-1.20.1-47.4.21.jar:?]
	at net.minecraftforge.fml.loading.targets.CommonLaunchHandler.clientService(CommonLaunchHandler.java:99) ~[fmlloader-1.20.1-47.4.21.jar:?]
	at net.minecraftforge.fml.loading.targets.CommonClientLaunchHandler.lambda$makeService$0(CommonClientLaunchHandler.java:25) ~[fmlloader-1.20.1-47.4.21.jar:?]
	at cpw.mods.modlauncher.LaunchServiceHandlerDecorator.launch(LaunchServiceHandlerDecorator.java:30) ~[modlauncher-10.0.9.jar:?]
	at cpw.mods.modlauncher.LaunchServiceHandler.launch(LaunchServiceHandler.java:53) ~[modlauncher-10.0.9.jar:?]
	at cpw.mods.modlauncher.LaunchServiceHandler.launch(LaunchServiceHandler.java:71) ~[modlauncher-10.0.9.jar:?]
	at cpw.mods.modlauncher.Launcher.run(Launcher.java:108) ~[modlauncher-10.0.9.jar:?]
	at cpw.mods.modlauncher.Launcher.main(Launcher.java:78) ~[modlauncher-10.0.9.jar:?]
	at cpw.mods.modlauncher.BootstrapLaunchConsumer.accept(BootstrapLaunchConsumer.java:26) ~[modlauncher-10.0.9.jar:?]
	at cpw.mods.modlauncher.BootstrapLaunchConsumer.accept(BootstrapLaunchConsumer.java:23) ~[modlauncher-10.0.9.jar:?]
	at cpw.mods.bootstraplauncher.BootstrapLauncher.main(BootstrapLauncher.java:141) ~[bootstraplauncher-1.1.2.jar:?]
[228月2026 22:28:25.121] [Render thread/ERROR] [Apotheosis : Adventure/]: Failed to execute ShieldBreakerTest
java.lang.NullPointerException: Cannot invoke "net.minecraft.world.entity.LivingEntity.m_213824_()" because "attacker" is null
	at net.minecraftforge.common.extensions.IForgeItem.canDisableShield(IForgeItem.java:695) ~[forge-1.20.1-47.4.21-universal.jar%23211!/:?]
	at net.minecraftforge.common.extensions.IForgeItemStack.canDisableShield(IForgeItemStack.java:233) ~[forge-1.20.1-47.4.21-universal.jar%23211!/:?]
	at dev.shadowsoffire.apotheosis.adventure.loot.ShieldBreakerTest.test(ShieldBreakerTest.java:48) ~[%5B神化%5D%20Apotheosis-1.20.1-7.4.6.jar%23185!/:7.4.6]
	at dev.shadowsoffire.apotheosis.adventure.loot.ShieldBreakerTest.test(ShieldBreakerTest.java:25) ~[%5B神化%5D%20Apotheosis-1.20.1-7.4.6.jar%23185!/:7.4.6]
	at dev.shadowsoffire.apotheosis.adventure.loot.LootCategory.isValid(LootCategory.java:89) ~[%5B神化%5D%20Apotheosis-1.20.1-7.4.6.jar%23185!/:7.4.6]
	at dev.shadowsoffire.apotheosis.adventure.loot.LootCategory.forItem(LootCategory.java:182) ~[%5B神化%5D%20Apotheosis-1.20.1-7.4.6.jar%23185!/:7.4.6]
	at dev.shadowsoffire.apotheosis.adventure.loot.AffixLootEntry.getType(AffixLootEntry.java:91) ~[%5B神化%5D%20Apotheosis-1.20.1-7.4.6.jar%23185!/:7.4.6]
	at dev.shadowsoffire.apotheosis.adventure.loot.AffixLootRegistry.validateItem(AffixLootRegistry.java:30) ~[%5B神化%5D%20Apotheosis-1.20.1-7.4.6.jar%23185!/:7.4.6]
	at dev.shadowsoffire.apotheosis.adventure.loot.AffixLootRegistry.validateItem(AffixLootRegistry.java:13) ~[%5B神化%5D%20Apotheosis-1.20.1-7.4.6.jar%23185!/:7.4.6]
	at dev.shadowsoffire.placebo.reload.DynamicRegistry.register(DynamicRegistry.java:322) ~[Placebo-1.20.1-8.6.3.jar%23203!/:8.6.3]
	at dev.shadowsoffire.placebo.reload.DynamicRegistry.lambda$apply$0(DynamicRegistry.java:143) ~[Placebo-1.20.1-8.6.3.jar%23203!/:8.6.3]
	at java.util.HashMap.forEach(HashMap.java:1429) ~[?:?]
	at dev.shadowsoffire.placebo.reload.DynamicRegistry.apply(DynamicRegistry.java:136) ~[Placebo-1.20.1-8.6.3.jar%23203!/:8.6.3]
	at dev.shadowsoffire.placebo.reload.DynamicRegistry.m_5787_(DynamicRegistry.java:62) ~[Placebo-1.20.1-8.6.3.jar%23203!/:8.6.3]
	at net.minecraft.server.packs.resources.SimplePreparableReloadListener.m_10789_(SimplePreparableReloadListener.java:13) ~[client-1.20.1-20230612.114412-srg.jar%23206!/:?]
	at java.util.concurrent.CompletableFuture$UniAccept.tryFire(CompletableFuture.java:718) ~[?:?]
	at java.util.concurrent.CompletableFuture$Completion.run(CompletableFuture.java:482) ~[?:?]
	at net.minecraft.server.packs.resources.SimpleReloadInstance.m_143940_(SimpleReloadInstance.java:69) ~[client-1.20.1-20230612.114412-srg.jar%23206!/:?]
	at net.minecraft.util.thread.BlockableEventLoop.m_6367_(BlockableEventLoop.java:156) ~[client-1.20.1-20230612.114412-srg.jar%23206!/:?]
	at net.minecraft.util.thread.ReentrantBlockableEventLoop.m_6367_(ReentrantBlockableEventLoop.java:23) ~[client-1.20.1-20230612.114412-srg.jar%23206!/:?]
	at net.minecraft.util.thread.BlockableEventLoop.m_7245_(BlockableEventLoop.java:130) ~[client-1.20.1-20230612.114412-srg.jar%23206!/:?]
	at net.minecraft.util.thread.BlockableEventLoop.m_18701_(BlockableEventLoop.java:139) ~[client-1.20.1-20230612.114412-srg.jar%23206!/:?]
	at net.minecraft.client.gui.screens.worldselection.WorldOpenFlows.m_246486_(WorldOpenFlows.java:163) ~[client-1.20.1-20230612.114412-srg.jar%23206!/:?]
	at net.minecraft.client.gui.screens.worldselection.WorldOpenFlows.m_233122_(WorldOpenFlows.java:113) ~[client-1.20.1-20230612.114412-srg.jar%23206!/:?]
	at net.minecraft.client.gui.screens.worldselection.WorldOpenFlows.doLoadLevel(WorldOpenFlows.java:181) ~[client-1.20.1-20230612.114412-srg.jar%23206!/:?]
	at net.minecraft.client.gui.screens.worldselection.WorldOpenFlows.m_233145_(WorldOpenFlows.java:169) ~[client-1.20.1-20230612.114412-srg.jar%23206!/:?]
	at net.minecraft.client.gui.screens.worldselection.WorldOpenFlows.m_233133_(WorldOpenFlows.java:65) ~[client-1.20.1-20230612.114412-srg.jar%23206!/:?]
	at net.minecraft.client.gui.screens.worldselection.WorldSelectionList$WorldListEntry.m_101744_(WorldSelectionList.java:575) ~[client-1.20.1-20230612.114412-srg.jar%23206!/:?]
	at net.minecraft.client.gui.screens.worldselection.WorldSelectionList$WorldListEntry.m_101704_(WorldSelectionList.java:474) ~[client-1.20.1-20230612.114412-srg.jar%23206!/:?]
	at net.minecraft.client.gui.screens.worldselection.WorldSelectionList$WorldListEntry.m_6375_(WorldSelectionList.java:413) ~[client-1.20.1-20230612.114412-srg.jar%23206!/:?]
	at net.minecraft.client.gui.components.AbstractSelectionList.m_6375_(AbstractSelectionList.java:298) ~[client-1.20.1-20230612.114412-srg.jar%23206!/:?]
	at net.minecraft.client.gui.components.events.ContainerEventHandler.m_6375_(ContainerEventHandler.java:38) ~[client-1.20.1-20230612.114412-srg.jar%23206!/:?]
	at net.minecraft.client.MouseHandler.m_168084_(MouseHandler.java:92) ~[client-1.20.1-20230612.114412-srg.jar%23206!/:?]
	at net.minecraft.client.gui.screens.Screen.m_96579_(Screen.java:437) ~[client-1.20.1-20230612.114412-srg.jar%23206!/:?]
	at net.minecraft.client.MouseHandler.m_91530_(MouseHandler.java:89) ~[client-1.20.1-20230612.114412-srg.jar%23206!/:?]
	at net.minecraft.client.MouseHandler.m_168091_(MouseHandler.java:189) ~[client-1.20.1-20230612.114412-srg.jar%23206!/:?]
	at net.minecraft.util.thread.BlockableEventLoop.execute(BlockableEventLoop.java:102) ~[client-1.20.1-20230612.114412-srg.jar%23206!/:?]
	at net.minecraft.client.MouseHandler.m_91565_(MouseHandler.java:188) ~[client-1.20.1-20230612.114412-srg.jar%23206!/:?]
	at org.lwjgl.glfw.GLFWMouseButtonCallbackI.callback(GLFWMouseButtonCallbackI.java:43) ~[lwjgl-glfw-3.3.1.jar%23120!/:build 7]
	at org.lwjgl.system.JNI.invokeV(Native Method) ~[lwjgl-3.3.1.jar%23132!/:build 7]
	at org.lwjgl.glfw.GLFW.glfwWaitEventsTimeout(GLFW.java:3474) ~[lwjgl-glfw-3.3.1.jar%23120!/:build 7]
	at com.mojang.blaze3d.systems.RenderSystem.limitDisplayFPS(RenderSystem.java:237) ~[client-1.20.1-20230612.114412-srg.jar%23206!/:?]
	at net.minecraft.client.Minecraft.m_91383_(Minecraft.java:1173) ~[client-1.20.1-20230612.114412-srg.jar%23206!/:?]
	at net.minecraft.client.Minecraft.m_91374_(Minecraft.java:718) ~[client-1.20.1-20230612.114412-srg.jar%23206!/:?]
	at net.minecraft.client.main.Main.main(Main.java:218) ~[%e6%a4%8d%e7%89%a9%e7%a7%91%e6%8a%80.jar:?]
	at jdk.internal.reflect.DirectMethodHandleAccessor.invoke(DirectMethodHandleAccessor.java:103) ~[?:?]
	at java.lang.reflect.Method.invoke(Method.java:580) ~[?:?]
	at net.minecraftforge.fml.loading.targets.CommonLaunchHandler.runTarget(CommonLaunchHandler.java:111) ~[fmlloader-1.20.1-47.4.21.jar:?]
	at net.minecraftforge.fml.loading.targets.CommonLaunchHandler.clientService(CommonLaunchHandler.java:99) ~[fmlloader-1.20.1-47.4.21.jar:?]
	at net.minecraftforge.fml.loading.targets.CommonClientLaunchHandler.lambda$makeService$0(CommonClientLaunchHandler.java:25) ~[fmlloader-1.20.1-47.4.21.jar:?]
	at cpw.mods.modlauncher.LaunchServiceHandlerDecorator.launch(LaunchServiceHandlerDecorator.java:30) ~[modlauncher-10.0.9.jar:?]
	at cpw.mods.modlauncher.LaunchServiceHandler.launch(LaunchServiceHandler.java:53) ~[modlauncher-10.0.9.jar:?]
	at cpw.mods.modlauncher.LaunchServiceHandler.launch(LaunchServiceHandler.java:71) ~[modlauncher-10.0.9.jar:?]
	at cpw.mods.modlauncher.Launcher.run(Launcher.java:108) ~[modlauncher-10.0.9.jar:?]
	at cpw.mods.modlauncher.Launcher.main(Launcher.java:78) ~[modlauncher-10.0.9.jar:?]
	at cpw.mods.modlauncher.BootstrapLaunchConsumer.accept(BootstrapLaunchConsumer.java:26) ~[modlauncher-10.0.9.jar:?]
	at cpw.mods.modlauncher.BootstrapLaunchConsumer.accept(BootstrapLaunchConsumer.java:23) ~[modlauncher-10.0.9.jar:?]
	at cpw.mods.bootstraplauncher.BootstrapLauncher.main(BootstrapLauncher.java:141) ~[bootstraplauncher-1.1.2.jar:?]
[228月2026 22:28:25.122] [Render thread/ERROR] [Apotheosis : Adventure/]: Failed to execute ShieldBreakerTest
java.lang.NullPointerException: Cannot invoke "net.minecraft.world.entity.LivingEntity.m_213824_()" because "attacker" is null
	at net.minecraftforge.common.extensions.IForgeItem.canDisableShield(IForgeItem.java:695) ~[forge-1.20.1-47.4.21-universal.jar%23211!/:?]
	at net.minecraftforge.common.extensions.IForgeItemStack.canDisableShield(IForgeItemStack.java:233) ~[forge-1.20.1-47.4.21-universal.jar%23211!/:?]
	at dev.shadowsoffire.apotheosis.adventure.loot.ShieldBreakerTest.test(ShieldBreakerTest.java:48) ~[%5B神化%5D%20Apotheosis-1.20.1-7.4.6.jar%23185!/:7.4.6]
	at dev.shadowsoffire.apotheosis.adventure.loot.ShieldBreakerTest.test(ShieldBreakerTest.java:25) ~[%5B神化%5D%20Apotheosis-1.20.1-7.4.6.jar%23185!/:7.4.6]
	at dev.shadowsoffire.apotheosis.adventure.loot.LootCategory.isValid(LootCategory.java:89) ~[%5B神化%5D%20Apotheosis-1.20.1-7.4.6.jar%23185!/:7.4.6]
	at dev.shadowsoffire.apotheosis.adventure.loot.LootCategory.forItem(LootCategory.java:182) ~[%5B神化%5D%20Apotheosis-1.20.1-7.4.6.jar%23185!/:7.4.6]
	at dev.shadowsoffire.apotheosis.adventure.loot.AffixLootEntry.getType(AffixLootEntry.java:91) ~[%5B神化%5D%20Apotheosis-1.20.1-7.4.6.jar%23185!/:7.4.6]
	at dev.shadowsoffire.apotheosis.adventure.loot.AffixLootRegistry.validateItem(AffixLootRegistry.java:30) ~[%5B神化%5D%20Apotheosis-1.20.1-7.4.6.jar%23185!/:7.4.6]
	at dev.shadowsoffire.apotheosis.adventure.loot.AffixLootRegistry.validateItem(AffixLootRegistry.java:13) ~[%5B神化%5D%20Apotheosis-1.20.1-7.4.6.jar%23185!/:7.4.6]
	at dev.shadowsoffire.placebo.reload.DynamicRegistry.register(DynamicRegistry.java:322) ~[Placebo-1.20.1-8.6.3.jar%23203!/:8.6.3]
	at dev.shadowsoffire.placebo.reload.DynamicRegistry.lambda$apply$0(DynamicRegistry.java:143) ~[Placebo-1.20.1-8.6.3.jar%23203!/:8.6.3]
	at java.util.HashMap.forEach(HashMap.java:1429) ~[?:?]
	at dev.shadowsoffire.placebo.reload.DynamicRegistry.apply(DynamicRegistry.java:136) ~[Placebo-1.20.1-8.6.3.jar%23203!/:8.6.3]
	at dev.shadowsoffire.placebo.reload.DynamicRegistry.m_5787_(DynamicRegistry.java:62) ~[Placebo-1.20.1-8.6.3.jar%23203!/:8.6.3]
	at net.minecraft.server.packs.resources.SimplePreparableReloadListener.m_10789_(SimplePreparableReloadListener.java:13) ~[client-1.20.1-20230612.114412-srg.jar%23206!/:?]
	at java.util.concurrent.CompletableFuture$UniAccept.tryFire(CompletableFuture.java:718) ~[?:?]
	at java.util.concurrent.CompletableFuture$Completion.run(CompletableFuture.java:482) ~[?:?]
	at net.minecraft.server.packs.resources.SimpleReloadInstance.m_143940_(SimpleReloadInstance.java:69) ~[client-1.20.1-20230612.114412-srg.jar%23206!/:?]
	at net.minecraft.util.thread.BlockableEventLoop.m_6367_(BlockableEventLoop.java:156) ~[client-1.20.1-20230612.114412-srg.jar%23206!/:?]
	at net.minecraft.util.thread.ReentrantBlockableEventLoop.m_6367_(ReentrantBlockableEventLoop.java:23) ~[client-1.20.1-20230612.114412-srg.jar%23206!/:?]
	at net.minecraft.util.thread.BlockableEventLoop.m_7245_(BlockableEventLoop.java:130) ~[client-1.20.1-20230612.114412-srg.jar%23206!/:?]
	at net.minecraft.util.thread.BlockableEventLoop.m_18701_(BlockableEventLoop.java:139) ~[client-1.20.1-20230612.114412-srg.jar%23206!/:?]
	at net.minecraft.client.gui.screens.worldselection.WorldOpenFlows.m_246486_(WorldOpenFlows.java:163) ~[client-1.20.1-20230612.114412-srg.jar%23206!/:?]
	at net.minecraft.client.gui.screens.worldselection.WorldOpenFlows.m_233122_(WorldOpenFlows.java:113) ~[client-1.20.1-20230612.114412-srg.jar%23206!/:?]
	at net.minecraft.client.gui.screens.worldselection.WorldOpenFlows.doLoadLevel(WorldOpenFlows.java:181) ~[client-1.20.1-20230612.114412-srg.jar%23206!/:?]
	at net.minecraft.client.gui.screens.worldselection.WorldOpenFlows.m_233145_(WorldOpenFlows.java:169) ~[client-1.20.1-20230612.114412-srg.jar%23206!/:?]
	at net.minecraft.client.gui.screens.worldselection.WorldOpenFlows.m_233133_(WorldOpenFlows.java:65) ~[client-1.20.1-20230612.114412-srg.jar%23206!/:?]
	at net.minecraft.client.gui.screens.worldselection.WorldSelectionList$WorldListEntry.m_101744_(WorldSelectionList.java:575) ~[client-1.20.1-20230612.114412-srg.jar%23206!/:?]
	at net.minecraft.client.gui.screens.worldselection.WorldSelectionList$WorldListEntry.m_101704_(WorldSelectionList.java:474) ~[client-1.20.1-20230612.114412-srg.jar%23206!/:?]
	at net.minecraft.client.gui.screens.worldselection.WorldSelectionList$WorldListEntry.m_6375_(WorldSelectionList.java:413) ~[client-1.20.1-20230612.114412-srg.jar%23206!/:?]
	at net.minecraft.client.gui.components.AbstractSelectionList.m_6375_(AbstractSelectionList.java:298) ~[client-1.20.1-20230612.114412-srg.jar%23206!/:?]
	at net.minecraft.client.gui.components.events.ContainerEventHandler.m_6375_(ContainerEventHandler.java:38) ~[client-1.20.1-20230612.114412-srg.jar%23206!/:?]
	at net.minecraft.client.MouseHandler.m_168084_(MouseHandler.java:92) ~[client-1.20.1-20230612.114412-srg.jar%23206!/:?]
	at net.minecraft.client.gui.screens.Screen.m_96579_(Screen.java:437) ~[client-1.20.1-20230612.114412-srg.jar%23206!/:?]
	at net.minecraft.client.MouseHandler.m_91530_(MouseHandler.java:89) ~[client-1.20.1-20230612.114412-srg.jar%23206!/:?]
	at net.minecraft.client.MouseHandler.m_168091_(MouseHandler.java:189) ~[client-1.20.1-20230612.114412-srg.jar%23206!/:?]
	at net.minecraft.util.thread.BlockableEventLoop.execute(BlockableEventLoop.java:102) ~[client-1.20.1-20230612.114412-srg.jar%23206!/:?]
	at net.minecraft.client.MouseHandler.m_91565_(MouseHandler.java:188) ~[client-1.20.1-20230612.114412-srg.jar%23206!/:?]
	at org.lwjgl.glfw.GLFWMouseButtonCallbackI.callback(GLFWMouseButtonCallbackI.java:43) ~[lwjgl-glfw-3.3.1.jar%23120!/:build 7]
	at org.lwjgl.system.JNI.invokeV(Native Method) ~[lwjgl-3.3.1.jar%23132!/:build 7]
	at org.lwjgl.glfw.GLFW.glfwWaitEventsTimeout(GLFW.java:3474) ~[lwjgl-glfw-3.3.1.jar%23120!/:build 7]
	at com.mojang.blaze3d.systems.RenderSystem.limitDisplayFPS(RenderSystem.java:237) ~[client-1.20.1-20230612.114412-srg.jar%23206!/:?]
	at net.minecraft.client.Minecraft.m_91383_(Minecraft.java:1173) ~[client-1.20.1-20230612.114412-srg.jar%23206!/:?]
	at net.minecraft.client.Minecraft.m_91374_(Minecraft.java:718) ~[client-1.20.1-20230612.114412-srg.jar%23206!/:?]
	at net.minecraft.client.main.Main.main(Main.java:218) ~[%e6%a4%8d%e7%89%a9%e7%a7%91%e6%8a%80.jar:?]
	at jdk.internal.reflect.DirectMethodHandleAccessor.invoke(DirectMethodHandleAccessor.java:103) ~[?:?]
	at java.lang.reflect.Method.invoke(Method.java:580) ~[?:?]
	at net.minecraftforge.fml.loading.targets.CommonLaunchHandler.runTarget(CommonLaunchHandler.java:111) ~[fmlloader-1.20.1-47.4.21.jar:?]
	at net.minecraftforge.fml.loading.targets.CommonLaunchHandler.clientService(CommonLaunchHandler.java:99) ~[fmlloader-1.20.1-47.4.21.jar:?]
	at net.minecraftforge.fml.loading.targets.CommonClientLaunchHandler.lambda$makeService$0(CommonClientLaunchHandler.java:25) ~[fmlloader-1.20.1-47.4.21.jar:?]
	at cpw.mods.modlauncher.LaunchServiceHandlerDecorator.launch(LaunchServiceHandlerDecorator.java:30) ~[modlauncher-10.0.9.jar:?]
	at cpw.mods.modlauncher.LaunchServiceHandler.launch(LaunchServiceHandler.java:53) ~[modlauncher-10.0.9.jar:?]
	at cpw.mods.modlauncher.LaunchServiceHandler.launch(LaunchServiceHandler.java:71) ~[modlauncher-10.0.9.jar:?]
	at cpw.mods.modlauncher.Launcher.run(Launcher.java:108) ~[modlauncher-10.0.9.jar:?]
	at cpw.mods.modlauncher.Launcher.main(Launcher.java:78) ~[modlauncher-10.0.9.jar:?]
	at cpw.mods.modlauncher.BootstrapLaunchConsumer.accept(BootstrapLaunchConsumer.java:26) ~[modlauncher-10.0.9.jar:?]
	at cpw.mods.modlauncher.BootstrapLaunchConsumer.accept(BootstrapLaunchConsumer.java:23) ~[modlauncher-10.0.9.jar:?]
	at cpw.mods.bootstraplauncher.BootstrapLauncher.main(BootstrapLauncher.java:141) ~[bootstraplauncher-1.1.2.jar:?]
[228月2026 22:28:25.124] [Render thread/ERROR] [Apotheosis : Adventure/]: Failed to execute ShieldBreakerTest
java.lang.NullPointerException: Cannot invoke "net.minecraft.world.entity.LivingEntity.m_213824_()" because "attacker" is null
	at net.minecraftforge.common.extensions.IForgeItem.canDisableShield(IForgeItem.java:695) ~[forge-1.20.1-47.4.21-universal.jar%23211!/:?]
	at net.minecraftforge.common.extensions.IForgeItemStack.canDisableShield(IForgeItemStack.java:233) ~[forge-1.20.1-47.4.21-universal.jar%23211!/:?]
	at dev.shadowsoffire.apotheosis.adventure.loot.ShieldBreakerTest.test(ShieldBreakerTest.java:48) ~[%5B神化%5D%20Apotheosis-1.20.1-7.4.6.jar%23185!/:7.4.6]
	at dev.shadowsoffire.apotheosis.adventure.loot.ShieldBreakerTest.test(ShieldBreakerTest.java:25) ~[%5B神化%5D%20Apotheosis-1.20.1-7.4.6.jar%23185!/:7.4.6]
	at dev.shadowsoffire.apotheosis.adventure.loot.LootCategory.isValid(LootCategory.java:89) ~[%5B神化%5D%20Apotheosis-1.20.1-7.4.6.jar%23185!/:7.4.6]
	at dev.shadowsoffire.apotheosis.adventure.loot.LootCategory.forItem(LootCategory.java:182) ~[%5B神化%5D%20Apotheosis-1.20.1-7.4.6.jar%23185!/:7.4.6]
	at dev.shadowsoffire.apotheosis.adventure.loot.AffixLootEntry.getType(AffixLootEntry.java:91) ~[%5B神化%5D%20Apotheosis-1.20.1-7.4.6.jar%23185!/:7.4.6]
	at dev.shadowsoffire.apotheosis.adventure.loot.AffixLootRegistry.validateItem(AffixLootRegistry.java:30) ~[%5B神化%5D%20Apotheosis-1.20.1-7.4.6.jar%23185!/:7.4.6]
	at dev.shadowsoffire.apotheosis.adventure.loot.AffixLootRegistry.validateItem(AffixLootRegistry.java:13) ~[%5B神化%5D%20Apotheosis-1.20.1-7.4.6.jar%23185!/:7.4.6]
	at dev.shadowsoffire.placebo.reload.DynamicRegistry.register(DynamicRegistry.java:322) ~[Placebo-1.20.1-8.6.3.jar%23203!/:8.6.3]
	at dev.shadowsoffire.placebo.reload.DynamicRegistry.lambda$apply$0(DynamicRegistry.java:143) ~[Placebo-1.20.1-8.6.3.jar%23203!/:8.6.3]
	at java.util.HashMap.forEach(HashMap.java:1429) ~[?:?]
	at dev.shadowsoffire.placebo.reload.DynamicRegistry.apply(DynamicRegistry.java:136) ~[Placebo-1.20.1-8.6.3.jar%23203!/:8.6.3]
	at dev.shadowsoffire.placebo.reload.DynamicRegistry.m_5787_(DynamicRegistry.java:62) ~[Placebo-1.20.1-8.6.3.jar%23203!/:8.6.3]
	at net.minecraft.server.packs.resources.SimplePreparableReloadListener.m_10789_(SimplePreparableReloadListener.java:13) ~[client-1.20.1-20230612.114412-srg.jar%23206!/:?]
	at java.util.concurrent.CompletableFuture$UniAccept.tryFire(CompletableFuture.java:718) ~[?:?]
	at java.util.concurrent.CompletableFuture$Completion.run(CompletableFuture.java:482) ~[?:?]
	at net.minecraft.server.packs.resources.SimpleReloadInstance.m_143940_(SimpleReloadInstance.java:69) ~[client-1.20.1-20230612.114412-srg.jar%23206!/:?]
	at net.minecraft.util.thread.BlockableEventLoop.m_6367_(BlockableEventLoop.java:156) ~[client-1.20.1-20230612.114412-srg.jar%23206!/:?]
	at net.minecraft.util.thread.ReentrantBlockableEventLoop.m_6367_(ReentrantBlockableEventLoop.java:23) ~[client-1.20.1-20230612.114412-srg.jar%23206!/:?]
	at net.minecraft.util.thread.BlockableEventLoop.m_7245_(BlockableEventLoop.java:130) ~[client-1.20.1-20230612.114412-srg.jar%23206!/:?]
	at net.minecraft.util.thread.BlockableEventLoop.m_18701_(BlockableEventLoop.java:139) ~[client-1.20.1-20230612.114412-srg.jar%23206!/:?]
	at net.minecraft.client.gui.screens.worldselection.WorldOpenFlows.m_246486_(WorldOpenFlows.java:163) ~[client-1.20.1-20230612.114412-srg.jar%23206!/:?]
	at net.minecraft.client.gui.screens.worldselection.WorldOpenFlows.m_233122_(WorldOpenFlows.java:113) ~[client-1.20.1-20230612.114412-srg.jar%23206!/:?]
	at net.minecraft.client.gui.screens.worldselection.WorldOpenFlows.doLoadLevel(WorldOpenFlows.java:181) ~[client-1.20.1-20230612.114412-srg.jar%23206!/:?]
	at net.minecraft.client.gui.screens.worldselection.WorldOpenFlows.m_233145_(WorldOpenFlows.java:169) ~[client-1.20.1-20230612.114412-srg.jar%23206!/:?]
	at net.minecraft.client.gui.screens.worldselection.WorldOpenFlows.m_233133_(WorldOpenFlows.java:65) ~[client-1.20.1-20230612.114412-srg.jar%23206!/:?]
	at net.minecraft.client.gui.screens.worldselection.WorldSelectionList$WorldListEntry.m_101744_(WorldSelectionList.java:575) ~[client-1.20.1-20230612.114412-srg.jar%23206!/:?]
	at net.minecraft.client.gui.screens.worldselection.WorldSelectionList$WorldListEntry.m_101704_(WorldSelectionList.java:474) ~[client-1.20.1-20230612.114412-srg.jar%23206!/:?]
	at net.minecraft.client.gui.screens.worldselection.WorldSelectionList$WorldListEntry.m_6375_(WorldSelectionList.java:413) ~[client-1.20.1-20230612.114412-srg.jar%23206!/:?]
	at net.minecraft.client.gui.components.AbstractSelectionList.m_6375_(AbstractSelectionList.java:298) ~[client-1.20.1-20230612.114412-srg.jar%23206!/:?]
	at net.minecraft.client.gui.components.events.ContainerEventHandler.m_6375_(ContainerEventHandler.java:38) ~[client-1.20.1-20230612.114412-srg.jar%23206!/:?]
	at net.minecraft.client.MouseHandler.m_168084_(MouseHandler.java:92) ~[client-1.20.1-20230612.114412-srg.jar%23206!/:?]
	at net.minecraft.client.gui.screens.Screen.m_96579_(Screen.java:437) ~[client-1.20.1-20230612.114412-srg.jar%23206!/:?]
	at net.minecraft.client.MouseHandler.m_91530_(MouseHandler.java:89) ~[client-1.20.1-20230612.114412-srg.jar%23206!/:?]
	at net.minecraft.client.MouseHandler.m_168091_(MouseHandler.java:189) ~[client-1.20.1-20230612.114412-srg.jar%23206!/:?]
	at net.minecraft.util.thread.BlockableEventLoop.execute(BlockableEventLoop.java:102) ~[client-1.20.1-20230612.114412-srg.jar%23206!/:?]
	at net.minecraft.client.MouseHandler.m_91565_(MouseHandler.java:188) ~[client-1.20.1-20230612.114412-srg.jar%23206!/:?]
	at org.lwjgl.glfw.GLFWMouseButtonCallbackI.callback(GLFWMouseButtonCallbackI.java:43) ~[lwjgl-glfw-3.3.1.jar%23120!/:build 7]
	at org.lwjgl.system.JNI.invokeV(Native Method) ~[lwjgl-3.3.1.jar%23132!/:build 7]
	at org.lwjgl.glfw.GLFW.glfwWaitEventsTimeout(GLFW.java:3474) ~[lwjgl-glfw-3.3.1.jar%23120!/:build 7]
	at com.mojang.blaze3d.systems.RenderSystem.limitDisplayFPS(RenderSystem.java:237) ~[client-1.20.1-20230612.114412-srg.jar%23206!/:?]
	at net.minecraft.client.Minecraft.m_91383_(Minecraft.java:1173) ~[client-1.20.1-20230612.114412-srg.jar%23206!/:?]
	at net.minecraft.client.Minecraft.m_91374_(Minecraft.java:718) ~[client-1.20.1-20230612.114412-srg.jar%23206!/:?]
	at net.minecraft.client.main.Main.main(Main.java:218) ~[%e6%a4%8d%e7%89%a9%e7%a7%91%e6%8a%80.jar:?]
	at jdk.internal.reflect.DirectMethodHandleAccessor.invoke(DirectMethodHandleAccessor.java:103) ~[?:?]
	at java.lang.reflect.Method.invoke(Method.java:580) ~[?:?]
	at net.minecraftforge.fml.loading.targets.CommonLaunchHandler.runTarget(CommonLaunchHandler.java:111) ~[fmlloader-1.20.1-47.4.21.jar:?]
	at net.minecraftforge.fml.loading.targets.CommonLaunchHandler.clientService(CommonLaunchHandler.java:99) ~[fmlloader-1.20.1-47.4.21.jar:?]
	at net.minecraftforge.fml.loading.targets.CommonClientLaunchHandler.lambda$makeService$0(CommonClientLaunchHandler.java:25) ~[fmlloader-1.20.1-47.4.21.jar:?]
	at cpw.mods.modlauncher.LaunchServiceHandlerDecorator.launch(LaunchServiceHandlerDecorator.java:30) ~[modlauncher-10.0.9.jar:?]
	at cpw.mods.modlauncher.LaunchServiceHandler.launch(LaunchServiceHandler.java:53) ~[modlauncher-10.0.9.jar:?]
	at cpw.mods.modlauncher.LaunchServiceHandler.launch(LaunchServiceHandler.java:71) ~[modlauncher-10.0.9.jar:?]
	at cpw.mods.modlauncher.Launcher.run(Launcher.java:108) ~[modlauncher-10.0.9.jar:?]
	at cpw.mods.modlauncher.Launcher.main(Launcher.java:78) ~[modlauncher-10.0.9.jar:?]
	at cpw.mods.modlauncher.BootstrapLaunchConsumer.accept(BootstrapLaunchConsumer.java:26) ~[modlauncher-10.0.9.jar:?]
	at cpw.mods.modlauncher.BootstrapLaunchConsumer.accept(BootstrapLaunchConsumer.java:23) ~[modlauncher-10.0.9.jar:?]
	at cpw.mods.bootstraplauncher.BootstrapLauncher.main(BootstrapLauncher.java:141) ~[bootstraplauncher-1.1.2.jar:?]
[228月2026 22:28:25.125] [Render thread/INFO] [Apotheosis : Adventure/]: Registered 67 affix_loot_entries.
[228月2026 22:28:25.130] [Render thread/INFO] [Apotheosis : Adventure/]: Registered 17 bosses.
[228月2026 22:28:25.137] [Render thread/INFO] [Apotheosis : Adventure/]: Registered 8 rogue_spawners.
[228月2026 22:28:25.140] [Render thread/INFO] [Apotheosis : Adventure/]: Registered 5 minibosses.
[228月2026 22:28:25.145] [Render thread/INFO] [Apotheosis : Village/]: Registered 28 wanderer_trades.
[228月2026 22:28:26.354] [Server thread/INFO] [net.minecraft.client.server.IntegratedServer/]: Starting integrated minecraft server version 1.20.1
[228月2026 22:28:26.354] [Server thread/INFO] [net.minecraft.server.MinecraftServer/]: Generating keypair
[228月2026 22:28:26.434] [Forge Version Check/WARN] [net.minecraftforge.fml.VersionChecker/]: Failed to process update information
java.net.http.HttpConnectTimeoutException: HTTP connect timed out
	at jdk.internal.net.http.HttpClientImpl.send(HttpClientImpl.java:945) ~[java.net.http:?]
	at jdk.internal.net.http.HttpClientFacade.send(HttpClientFacade.java:133) ~[java.net.http:?]
	at net.minecraftforge.fml.VersionChecker$1.openUrlString(VersionChecker.java:142) ~[fmlcore-1.20.1-47.4.21.jar%23207!/:?]
	at net.minecraftforge.fml.VersionChecker$1.process(VersionChecker.java:180) ~[fmlcore-1.20.1-47.4.21.jar%23207!/:?]
	at java.lang.Iterable.forEach(Iterable.java:75) ~[?:?]
	at net.minecraftforge.fml.VersionChecker$1.run(VersionChecker.java:117) ~[fmlcore-1.20.1-47.4.21.jar%23207!/:?]
Caused by: java.net.http.HttpConnectTimeoutException: HTTP connect timed out
	at jdk.internal.net.http.ResponseTimerEvent.handle(ResponseTimerEvent.java:68) ~[java.net.http:?]
	at jdk.internal.net.http.HttpClientImpl.purgeTimeoutsAndReturnNextDeadline(HttpClientImpl.java:1778) ~[java.net.http:?]
	at jdk.internal.net.http.HttpClientImpl$SelectorManager.run(HttpClientImpl.java:1376) ~[java.net.http:?]
Caused by: java.net.ConnectException: HTTP connect timed out
	at jdk.internal.net.http.ResponseTimerEvent.handle(ResponseTimerEvent.java:69) ~[java.net.http:?]
	at jdk.internal.net.http.HttpClientImpl.purgeTimeoutsAndReturnNextDeadline(HttpClientImpl.java:1778) ~[java.net.http:?]
	at jdk.internal.net.http.HttpClientImpl$SelectorManager.run(HttpClientImpl.java:1376) ~[java.net.http:?]
[228月2026 22:28:26.435] [Forge Version Check/INFO] [net.minecraftforge.fml.VersionChecker/]: [cumulus_menus] Starting version check at https://github.com/The-Aether-Team/Cumulus/raw/1.20.1-develop/update.json
[228月2026 22:28:26.766] [Server thread/WARN] [net.zepalesque.redux.Redux/]: Found already existing holder minecraft:savanna_plateau from tag forge:is_sparse! Replacing value anyway! Old value was 16772502, new is 16774563
[228月2026 22:28:26.767] [Server thread/WARN] [net.zepalesque.redux.Redux/]: Found already existing holder minecraft:wooded_badlands from tag forge:is_sparse! Replacing value anyway! Old value was 16772502, new is 16774563
[228月2026 22:28:26.767] [Server thread/WARN] [net.zepalesque.redux.Redux/]: Found already existing holder minecraft:snowy_slopes from tag forge:is_cold! Replacing value anyway! Old value was 16774563, new is 13432831
[228月2026 22:28:26.767] [Server thread/WARN] [net.zepalesque.redux.Redux/]: Found already existing holder minecraft:jagged_peaks from tag forge:is_cold! Replacing value anyway! Old value was 16774563, new is 13432831
[228月2026 22:28:26.767] [Server thread/WARN] [net.zepalesque.redux.Redux/]: Found already existing holder minecraft:frozen_peaks from tag forge:is_cold! Replacing value anyway! Old value was 16774563, new is 13432831
[228月2026 22:28:26.767] [Server thread/WARN] [net.zepalesque.redux.Redux/]: Found already existing holder minecraft:the_end from tag forge:is_cold! Replacing value anyway! Old value was 14007039, new is 13432831
[228月2026 22:28:26.767] [Server thread/WARN] [net.zepalesque.redux.Redux/]: Found already existing holder minecraft:small_end_islands from tag forge:is_cold! Replacing value anyway! Old value was 14007039, new is 13432831
[228月2026 22:28:26.767] [Server thread/WARN] [net.zepalesque.redux.Redux/]: Found already existing holder minecraft:end_midlands from tag forge:is_cold! Replacing value anyway! Old value was 14007039, new is 13432831
[228月2026 22:28:26.767] [Server thread/WARN] [net.zepalesque.redux.Redux/]: Found already existing holder minecraft:end_highlands from tag forge:is_cold! Replacing value anyway! Old value was 14007039, new is 13432831
[228月2026 22:28:26.767] [Server thread/WARN] [net.zepalesque.redux.Redux/]: Found already existing holder minecraft:end_barrens from tag forge:is_cold! Replacing value anyway! Old value was 14007039, new is 13432831
[228月2026 22:28:26.791] [Server thread/INFO] [net.minecraftforge.coremod.CoreMod.apotheosis/COREMODLOG]: Replaced 1 calls to Enchantment#getMaxLevel() in net/minecraft/world/entity/npc/VillagerTrades$EnchantBookForEmeralds
[228月2026 22:28:26.792] [Server thread/INFO] [net.minecraftforge.coremod.CoreMod.apotheosis/COREMODLOG]: Replaced 1 calls to Enchantment#isTreasureOnly() in net/minecraft/world/entity/npc/VillagerTrades$EnchantBookForEmeralds
[228月2026 22:28:26.792] [Server thread/INFO] [net.minecraftforge.coremod.CoreMod.apotheosis/COREMODLOG]: Replaced 1 calls to Enchantment#isTradeable() in net/minecraft/world/entity/npc/VillagerTrades$EnchantBookForEmeralds
[228月2026 22:28:26.815] [Server thread/INFO] [terrablender/]: Initialized TerraBlender biomes for level stem minecraft:the_nether
[228月2026 22:28:26.816] [Server thread/INFO] [terrablender/]: Initialized TerraBlender biomes for level stem aether:the_aether
[228月2026 22:28:27.091] [Server thread/INFO] [net.minecraft.server.MinecraftServer/]: Preparing start region for dimension minecraft:overworld
[228月2026 22:28:28.521] [Render thread/INFO] [net.minecraft.server.level.progress.LoggerChunkProgressListener/]: 准备生成区域中：0%
[228月2026 22:28:28.521] [Render thread/INFO] [net.minecraft.server.level.progress.LoggerChunkProgressListener/]: 准备生成区域中：0%
[228月2026 22:28:28.522] [Render thread/INFO] [net.minecraft.server.level.progress.LoggerChunkProgressListener/]: 准备生成区域中：0%
[228月2026 22:28:28.611] [Render thread/INFO] [net.minecraft.server.level.progress.LoggerChunkProgressListener/]: 准备生成区域中：0%
[228月2026 22:28:29.108] [Render thread/INFO] [net.minecraft.server.level.progress.LoggerChunkProgressListener/]: 准备生成区域中：70%
[228月2026 22:28:29.206] [Server thread/INFO] [net.minecraftforge.server.permission.PermissionAPI/]: Successfully initialized permission handler forge:default_handler
[228月2026 22:28:29.207] [Server thread/INFO] [com.renyigesai.immortalers_delight.ImmortalersDelightMod/]: HELLO from server starting
[228月2026 22:28:29.208] [Server thread/INFO] [patchouli/]: Sending reload packet to clients
[228月2026 22:28:29.217] [Render thread/INFO] [net.minecraft.server.level.progress.LoggerChunkProgressListener/]: Time elapsed: 2124 ms
[228月2026 22:28:29.364] [Server thread/WARN] [RS Integration/]: [RecipeIndex] MarketRegistry not available — market entries will be skipped: java.lang.ClassNotFoundException: net.blay09.mods.farmingforblockheads.registry.MarketRegistry
[228月2026 22:28:29.510] [Server thread/INFO] [RS Integration/]: [RecipeCatalog] built: 2881 items, 5421 entries, 2554 pure recipes in 259ms (graph 16ms; skipped: 363 unknown, 39 empty-result, 31 identity, 0 FA rituals, 0 market, 0 Distant Worlds Firon; slowest ars_nouveau:projectile_protection_5 8ms)
[228月2026 22:28:29.511] [Server thread/INFO] [RS Integration/]: [RecipeCatalog] generation ready in 277ms
[228月2026 22:28:29.668] [Server thread/INFO] [net.minecraft.client.server.IntegratedServer/]: Changing view distance to 12, from 10
[228月2026 22:28:29.669] [Server thread/INFO] [net.minecraft.client.server.IntegratedServer/]: Changing simulation distance to 12, from 0
[228月2026 22:28:29.790] [Render thread/WARN] [io.netty.util.internal.SystemPropertyUtil/]: Unable to parse the boolean system property 'java.net.preferIPv6Addresses':system - using the default value: false
[228月2026 22:28:32.568] [Placebo Patreon Wing Loader/ERROR] [placebo/]: Exception loading patreon wing data!
[228月2026 22:28:32.569] [Placebo Patreon Wing Loader/INFO] [placebo/]: Loaded 0 patreon wings.
[228月2026 22:28:34.614] [Netty Local Client IO #0/INFO] [net.minecraftforge.network.NetworkHooks/]: Connected to a modded server.
[228月2026 22:28:34.618] [Netty Local Client IO #0/WARN] [mixin/]: @Inject(@At("INVOKE")) Shift.BY=5 on attributeslib.mixins.json:client.ClientPacketListenerMixin::handler$zho000$apoth_postAttrChangedEvent exceeds the maximum allowed value: 0. Increase the value of maxShiftBy to suppress this warning.
[228月2026 22:28:34.681] [Server thread/INFO] [net.minecraft.server.players.PlayerList/]: Huang_Love[local:E:4b113f4d] logged in with entity id 85 at (4.065087511049734, -60.0, 8.63837334798606)
[228月2026 22:28:34.780] [Server thread/INFO] [net.minecraft.server.MinecraftServer/]: Huang_Love加入了游戏
[228月2026 22:28:34.859] [Server thread/INFO] [Jade/]: Syncing config to Huang_Love (8dc98ac8-0f55-437f-beb9-bfae1c585be2)
[228月2026 22:28:35.041] [Render thread/INFO] [placebo/]: Starting sync for enchanting_stats
[228月2026 22:28:35.044] [Render thread/INFO] [placebo/]: Starting sync for rarities
[228月2026 22:28:35.045] [Render thread/INFO] [placebo/]: Starting sync for affixes
[228月2026 22:28:35.050] [Render thread/INFO] [placebo/]: Starting sync for gems
[228月2026 22:28:35.067] [Render thread/WARN] [net.minecraft.client.ClientRecipeBook/]: Unknown recipe category: immortalers_delight:enchantal_cooler/immortalers_delight:enchantal_cooler/chocoreeze
[228月2026 22:28:35.067] [Render thread/WARN] [net.minecraft.client.ClientRecipeBook/]: Unknown recipe category: immortalers_delight:enchantal_cooler/immortalers_delight:enchantal_cooler/aromatic_pod_affogato
[228月2026 22:28:35.068] [Render thread/WARN] [net.minecraft.client.ClientRecipeBook/]: Unknown recipe category: immortalers_delight:enchantal_cooler/immortalers_delight:enchantal_cooler/british_yellow_tea
[228月2026 22:28:35.069] [Render thread/WARN] [net.minecraft.client.ClientRecipeBook/]: Unknown recipe category: immortalers_delight:hot_spring/immortalers_delight:hot_spring/onsen_tamago
[228月2026 22:28:35.069] [Render thread/WARN] [net.minecraft.client.ClientRecipeBook/]: Unknown recipe category: immortalers_delight:enchantal_cooler/immortalers_delight:enchantal_cooler/abblue_beauty_c_offee
[228月2026 22:28:35.070] [Render thread/WARN] [net.minecraft.client.ClientRecipeBook/]: Unknown recipe category: immortalers_delight:pillagers_knife_add_potion/immortalers_delight:enchantal_cooler/pillager_knife
[228月2026 22:28:35.070] [Render thread/WARN] [net.minecraft.client.ClientRecipeBook/]: Unknown recipe category: immortalers_delight:hot_spring/immortalers_delight:hot_spring/lonely_spirit_wine
[228月2026 22:28:35.071] [Render thread/WARN] [net.minecraft.client.ClientRecipeBook/]: Unknown recipe category: immortalers_delight:enchantal_cooler/immortalers_delight:enchantal_cooler/sparrow_wine
[228月2026 22:28:35.071] [Render thread/WARN] [net.minecraft.client.ClientRecipeBook/]: Unknown recipe category: immortalers_delight:enchantal_cooler/immortalers_delight:enchantal_cooler/iced_kwat_soup
[228月2026 22:28:35.071] [Render thread/WARN] [net.minecraft.client.ClientRecipeBook/]: Unknown recipe category: immortalers_delight:enchantal_cooler/immortalers_delight:enchantal_cooler/evolutcorn_beer
[228月2026 22:28:35.071] [Render thread/WARN] [net.minecraft.client.ClientRecipeBook/]: Unknown recipe category: immortalers_delight:hot_spring/immortalers_delight:hot_spring/this_side_down
[228月2026 22:28:35.071] [Render thread/WARN] [net.minecraft.client.ClientRecipeBook/]: Unknown recipe category: immortalers_delight:enchantal_cooler/immortalers_delight:enchantal_cooler/sparkling_water_from_oxygrape
[228月2026 22:28:35.072] [Render thread/WARN] [net.minecraft.client.ClientRecipeBook/]: Unknown recipe category: immortalers_delight:enchantal_cooler/immortalers_delight:enchantal_cooler/morning_fizz
[228月2026 22:28:35.073] [Render thread/WARN] [net.minecraft.client.ClientRecipeBook/]: Unknown recipe category: immortalers_delight:enchantal_cooler/immortalers_delight:enchantal_cooler/purgatory_ale
[228月2026 22:28:35.073] [Render thread/WARN] [net.minecraft.client.ClientRecipeBook/]: Unknown recipe category: immortalers_delight:enchantal_cooler/immortalers_delight:enchantal_cooler/hong_mei_ling
[228月2026 22:28:35.073] [Render thread/WARN] [net.minecraft.client.ClientRecipeBook/]: Unknown recipe category: immortalers_delight:enchantal_cooler/immortalers_delight:enchantal_cooler/rainbow_fizz
[228月2026 22:28:35.073] [Render thread/WARN] [net.minecraft.client.ClientRecipeBook/]: Unknown recipe category: immortalers_delight:enchantal_cooler/immortalers_delight:enchantal_cooler/tropical_fruity_cyclone
[228月2026 22:28:35.073] [Render thread/WARN] [net.minecraft.client.ClientRecipeBook/]: Unknown recipe category: immortalers_delight:enchantal_cooler/immortalers_delight:enchantal_cooler/traveer
[228月2026 22:28:35.074] [Render thread/WARN] [net.minecraft.client.ClientRecipeBook/]: Unknown recipe category: immortalers_delight:enchantal_cooler/immortalers_delight:enchantal_cooler/obsidian_walnut_milk
[228月2026 22:28:35.074] [Render thread/WARN] [net.minecraft.client.ClientRecipeBook/]: Unknown recipe category: apotheosis:fletching/apotheosis:fletching/spectral_arrow
[228月2026 22:28:35.074] [Render thread/WARN] [net.minecraft.client.ClientRecipeBook/]: Unknown recipe category: immortalers_delight:enchantal_cooler/immortalers_delight:enchantal_cooler/piglin_odori_sake
[228月2026 22:28:35.074] [Render thread/WARN] [net.minecraft.client.ClientRecipeBook/]: Unknown recipe category: immortalers_delight:enchantal_cooler/immortalers_delight:enchantal_cooler/evolutcorn_icecream
[228月2026 22:28:35.074] [Render thread/WARN] [net.minecraft.client.ClientRecipeBook/]: Unknown recipe category: apotheosis:fletching/apotheosis:fletching/diamond_mining_arrow
[228月2026 22:28:35.075] [Render thread/WARN] [net.minecraft.client.ClientRecipeBook/]: Unknown recipe category: immortalers_delight:tangyuan/immortalers_delight:tangyuan/himekandy_tangyuan
[228月2026 22:28:35.075] [Render thread/WARN] [net.minecraft.client.ClientRecipeBook/]: Unknown recipe category: immortalers_delight:enchantal_cooler/immortalers_delight:enchantal_cooler/leisamboo_icecream
[228月2026 22:28:35.075] [Render thread/WARN] [net.minecraft.client.ClientRecipeBook/]: Unknown recipe category: immortalers_delight:enchantal_cooler/immortalers_delight:enchantal_cooler/abc_offee
[228月2026 22:28:35.076] [Render thread/WARN] [net.minecraft.client.ClientRecipeBook/]: Unknown recipe category: immortalers_delight:enchantal_cooler/immortalers_delight:enchantal_cooler/caustic_essential_oil
[228月2026 22:28:35.076] [Render thread/WARN] [net.minecraft.client.ClientRecipeBook/]: Unknown recipe category: immortalers_delight:enchantal_cooler/immortalers_delight:enchantal_cooler/gelpitaya_icepop
[228月2026 22:28:35.076] [Render thread/WARN] [net.minecraft.client.ClientRecipeBook/]: Unknown recipe category: immortalers_delight:enchantal_cooler/immortalers_delight:enchantal_cooler/pearlip_milk_shake
[228月2026 22:28:35.076] [Render thread/WARN] [net.minecraft.client.ClientRecipeBook/]: Unknown recipe category: apotheosis:fletching/apotheosis:fletching/broadhead_arrow
[228月2026 22:28:35.076] [Render thread/WARN] [net.minecraft.client.ClientRecipeBook/]: Unknown recipe category: immortalers_delight:enchantal_cooler/immortalers_delight:enchantal_cooler/frozen_margarita_jelly
[228月2026 22:28:35.076] [Render thread/WARN] [net.minecraft.client.ClientRecipeBook/]: Unknown recipe category: immortalers_delight:enchantal_cooler/immortalers_delight:enchantal_cooler/fruit_tea
[228月2026 22:28:35.077] [Render thread/WARN] [net.minecraft.client.ClientRecipeBook/]: Unknown recipe category: immortalers_delight:enchantal_cooler/immortalers_delight:enchantal_cooler/clear_water_vodka
[228月2026 22:28:35.077] [Render thread/WARN] [net.minecraft.client.ClientRecipeBook/]: Unknown recipe category: immortalers_delight:enchantal_cooler/immortalers_delight:enchantal_cooler/gleeman_tear
[228月2026 22:28:35.077] [Render thread/WARN] [net.minecraft.client.ClientRecipeBook/]: Unknown recipe category: immortalers_delight:enchantal_cooler/immortalers_delight:enchantal_cooler/walnut_icecream
[228月2026 22:28:35.077] [Render thread/WARN] [net.minecraft.client.ClientRecipeBook/]: Unknown recipe category: immortalers_delight:enchantal_cooler/immortalers_delight:enchantal_cooler/stove_black_tea
[228月2026 22:28:35.077] [Render thread/WARN] [net.minecraft.client.ClientRecipeBook/]: Unknown recipe category: immortalers_delight:enchantal_cooler/immortalers_delight:enchantal_cooler/chocolate_pearlip_sticks
[228月2026 22:28:35.077] [Render thread/WARN] [net.minecraft.client.ClientRecipeBook/]: Unknown recipe category: immortalers_delight:hot_spring/immortalers_delight:hot_spring/ancient_onsen_tamago
[228月2026 22:28:35.078] [Render thread/WARN] [net.minecraft.client.ClientRecipeBook/]: Unknown recipe category: immortalers_delight:enchantal_cooler/immortalers_delight:enchantal_cooler/pickled_sextlotus_root
[228月2026 22:28:35.078] [Render thread/WARN] [net.minecraft.client.ClientRecipeBook/]: Unknown recipe category: immortalers_delight:enchantal_cooler/immortalers_delight:enchantal_cooler/ice_pearlip
[228月2026 22:28:35.078] [Render thread/WARN] [net.minecraft.client.ClientRecipeBook/]: Unknown recipe category: immortalers_delight:enchantal_cooler/immortalers_delight:enchantal_cooler/pod_petal_cheese_stick
[228月2026 22:28:35.078] [Render thread/WARN] [net.minecraft.client.ClientRecipeBook/]: Unknown recipe category: immortalers_delight:enchantal_cooler/immortalers_delight:enchantal_cooler/sextlotus_fizz
[228月2026 22:28:35.079] [Render thread/WARN] [net.minecraft.client.ClientRecipeBook/]: Unknown recipe category: immortalers_delight:enchantal_cooler/immortalers_delight:enchantal_cooler/scarlet_sundae
[228月2026 22:28:35.079] [Render thread/WARN] [net.minecraft.client.ClientRecipeBook/]: Unknown recipe category: immortalers_delight:enchantal_cooler/immortalers_delight:enchantal_cooler/pearlip_bubble_milk
[228月2026 22:28:35.079] [Render thread/WARN] [net.minecraft.client.ClientRecipeBook/]: Unknown recipe category: apotheosis:fletching/apotheosis:fletching/explosive_arrow
[228月2026 22:28:35.079] [Render thread/WARN] [net.minecraft.client.ClientRecipeBook/]: Unknown recipe category: immortalers_delight:enchantal_cooler/immortalers_delight:enchantal_cooler/leaf_green_tea
[228月2026 22:28:35.079] [Render thread/WARN] [net.minecraft.client.ClientRecipeBook/]: Unknown recipe category: immortalers_delight:enchantal_cooler/immortalers_delight:enchantal_cooler/pearlipearl_milk_tea
[228月2026 22:28:35.080] [Render thread/WARN] [net.minecraft.client.ClientRecipeBook/]: Unknown recipe category: immortalers_delight:enchantal_cooler/immortalers_delight:enchantal_cooler/iced_black_tea
[228月2026 22:28:35.081] [Render thread/WARN] [net.minecraft.client.ClientRecipeBook/]: Unknown recipe category: immortalers_delight:enchantal_cooler/immortalers_delight:enchantal_cooler/dragon_slaying_art
[228月2026 22:28:35.081] [Render thread/WARN] [net.minecraft.client.ClientRecipeBook/]: Unknown recipe category: immortalers_delight:enchantal_cooler/immortalers_delight:enchantal_cooler/vulcan_coktail
[228月2026 22:28:35.081] [Render thread/WARN] [net.minecraft.client.ClientRecipeBook/]: Unknown recipe category: apotheosis:fletching/apotheosis:fletching/arrow
[228月2026 22:28:35.081] [Render thread/WARN] [net.minecraft.client.ClientRecipeBook/]: Unknown recipe category: immortalers_delight:enchantal_cooler/immortalers_delight:enchantal_cooler/sticky_beer
[228月2026 22:28:35.082] [Render thread/WARN] [net.minecraft.client.ClientRecipeBook/]: Unknown recipe category: apotheosis:fletching/apotheosis:fletching/iron_mining_arrow
[228月2026 22:28:35.082] [Render thread/WARN] [net.minecraft.client.ClientRecipeBook/]: Unknown recipe category: immortalers_delight:enchantal_cooler/immortalers_delight:enchantal_cooler/nether_kvass
[228月2026 22:28:35.082] [Render thread/WARN] [net.minecraft.client.ClientRecipeBook/]: Unknown recipe category: immortalers_delight:enchantal_cooler/immortalers_delight:enchantal_cooler/dreumk_wine
[228月2026 22:28:35.082] [Render thread/WARN] [net.minecraft.client.ClientRecipeBook/]: Unknown recipe category: immortalers_delight:enchantal_cooler/immortalers_delight:enchantal_cooler/carrot_tea
[228月2026 22:28:35.082] [Render thread/WARN] [net.minecraft.client.ClientRecipeBook/]: Unknown recipe category: immortalers_delight:enchantal_cooler/immortalers_delight:enchantal_cooler/green_tea_fizz
[228月2026 22:28:35.083] [Render thread/WARN] [net.minecraft.client.ClientRecipeBook/]: Unknown recipe category: immortalers_delight:enchantal_cooler/immortalers_delight:enchantal_cooler/pearlip_beer
[228月2026 22:28:35.083] [Render thread/WARN] [net.minecraft.client.ClientRecipeBook/]: Unknown recipe category: immortalers_delight:hot_spring/immortalers_delight:hot_spring/travarice_tea
[228月2026 22:28:35.083] [Render thread/WARN] [net.minecraft.client.ClientRecipeBook/]: Unknown recipe category: immortalers_delight:enchantal_cooler/immortalers_delight:enchantal_cooler/leaf_tea
[228月2026 22:28:35.083] [Render thread/WARN] [net.minecraft.client.ClientRecipeBook/]: Unknown recipe category: apotheosis:fletching/apotheosis:fletching/obsidian_arrow
[228月2026 22:28:35.083] [Render thread/WARN] [net.minecraft.client.ClientRecipeBook/]: Unknown recipe category: immortalers_delight:enchantal_cooler/immortalers_delight:enchantal_cooler/perfect_summer_ice
[228月2026 22:28:35.083] [Render thread/WARN] [net.minecraft.client.ClientRecipeBook/]: Unknown recipe category: immortalers_delight:enchantal_cooler/immortalers_delight:enchantal_cooler/twilight_gelato
[228月2026 22:28:35.084] [Render thread/WARN] [net.minecraft.client.ClientRecipeBook/]: Unknown recipe category: immortalers_delight:enchantal_cooler/immortalers_delight:enchantal_cooler/cheese_melon_juice
[228月2026 22:28:35.084] [Render thread/WARN] [net.minecraft.client.ClientRecipeBook/]: Unknown recipe category: immortalers_delight:enchantal_cooler/immortalers_delight:enchantal_cooler/scarlet_gelato
[228月2026 22:28:35.084] [Render thread/WARN] [net.minecraft.client.ClientRecipeBook/]: Unknown recipe category: immortalers_delight:enchantal_cooler/immortalers_delight:enchantal_cooler/obsidian_kernelcurd
[228月2026 22:28:35.084] [Render thread/WARN] [net.minecraft.client.ClientRecipeBook/]: Unknown recipe category: immortalers_delight:enchantal_cooler/immortalers_delight:enchantal_cooler/himekandy
[228月2026 22:28:35.084] [Render thread/WARN] [net.minecraft.client.ClientRecipeBook/]: Unknown recipe category: immortalers_delight:enchantal_cooler/immortalers_delight:enchantal_cooler/vara_ji
[228月2026 22:28:35.084] [Render thread/WARN] [net.minecraft.client.ClientRecipeBook/]: Unknown recipe category: immortalers_delight:enchantal_cooler/immortalers_delight:enchantal_cooler/kwat_wheat_doufu
[228月2026 22:28:35.084] [Render thread/WARN] [net.minecraft.client.ClientRecipeBook/]: Unknown recipe category: immortalers_delight:enchantal_cooler/immortalers_delight:enchantal_cooler/pearlipearl_milk_green
[228月2026 22:28:35.084] [Render thread/WARN] [net.minecraft.client.ClientRecipeBook/]: Unknown recipe category: immortalers_delight:enchantal_cooler/immortalers_delight:enchantal_cooler/cherry_pearlipearl_tea
[228月2026 22:28:35.085] [Render thread/WARN] [net.minecraft.client.ClientRecipeBook/]: Unknown recipe category: immortalers_delight:enchantal_cooler/immortalers_delight:enchantal_cooler/sparkling_water
[228月2026 22:28:35.085] [Render thread/WARN] [net.minecraft.client.ClientRecipeBook/]: Unknown recipe category: immortalers_delight:hot_spring/immortalers_delight:hot_spring/jeng_nanu
[228月2026 22:28:35.085] [Render thread/WARN] [net.minecraft.client.ClientRecipeBook/]: Unknown recipe category: immortalers_delight:enchantal_cooler/immortalers_delight:enchantal_cooler/glistering_fizz
[228月2026 22:28:35.085] [Render thread/WARN] [net.minecraft.client.ClientRecipeBook/]: Unknown recipe category: immortalers_delight:hot_spring/immortalers_delight:hot_spring/soul_tea
[228月2026 22:28:35.711] [Render thread/INFO] [mezz.jei.common.util.LoggedTimer/]: Starting JEI...
[228月2026 22:28:35.714] [Render thread/INFO] [mezz.jei.library.load.PluginCaller/]: Configuring JEI...
[228月2026 22:28:35.716] [Render thread/INFO] [mezz.jei.library.load.PluginCaller/]: Configuring JEI took 1.962 milliseconds
[228月2026 22:28:35.727] [Render thread/INFO] [mezz.jei.library.load.PluginCaller/]: Registering item subtypes...
[228月2026 22:28:35.747] [Render thread/INFO] [mezz.jei.library.load.PluginCaller/]: Registering item subtypes took 18.97 milliseconds
[228月2026 22:28:35.748] [Render thread/INFO] [mezz.jei.library.load.PluginCaller/]: Registering fluid subtypes...
[228月2026 22:28:35.748] [Render thread/INFO] [mezz.jei.library.load.PluginCaller/]: Registering fluid subtypes took 530.3 microseconds
[228月2026 22:28:35.751] [Render thread/INFO] [mezz.jei.library.load.PluginCaller/]: Registering ingredients...
[228月2026 22:28:35.979] [Render thread/INFO] [mezz.jei.library.load.PluginCallerTimerRunnable/]: Registering ingredients: jei:minecraft took 228.3 milliseconds
[228月2026 22:28:35.980] [Render thread/INFO] [mezz.jei.library.load.PluginCaller/]: Registering ingredients took 229.0 milliseconds
[228月2026 22:28:35.980] [Render thread/INFO] [mezz.jei.library.load.PluginCaller/]: Registering extra ingredients...
[228月2026 22:28:35.981] [Render thread/INFO] [mezz.jei.library.load.PluginCaller/]: Registering extra ingredients took 663.0 microseconds
[228月2026 22:28:35.981] [Render thread/INFO] [mezz.jei.library.load.PluginCaller/]: Registering search ingredient aliases...
[228月2026 22:28:35.983] [Render thread/INFO] [mezz.jei.library.load.PluginCaller/]: Registering search ingredient aliases took 507.9 microseconds
[228月2026 22:28:36.014] [Render thread/INFO] [mezz.jei.library.load.PluginCaller/]: Registering Mod Info...
[228月2026 22:28:36.014] [Render thread/INFO] [mezz.jei.library.load.PluginCaller/]: Registering Mod Info took 544.1 microseconds
[228月2026 22:28:36.033] [Render thread/INFO] [mezz.jei.library.load.PluginCaller/]: Registering categories...
[228月2026 22:28:36.059] [Render thread/INFO] [mezz.jei.library.load.PluginCallerTimerRunnable/]: Registering categories: jei:minecraft took 25.99 milliseconds
[228月2026 22:28:36.083] [Render thread/INFO] [mezz.jei.library.load.PluginCallerTimerRunnable/]: Registering categories: aether:jei took 16.22 milliseconds
[228月2026 22:28:36.103] [Render thread/INFO] [mezz.jei.library.load.PluginCaller/]: Registering categories took 69.70 milliseconds
[228月2026 22:28:36.104] [Render thread/INFO] [mezz.jei.library.load.PluginCaller/]: Registering vanilla category extensions...
[228月2026 22:28:36.113] [Render thread/INFO] [mezz.jei.library.load.PluginCaller/]: Registering vanilla category extensions took 9.775 milliseconds
[228月2026 22:28:36.115] [Render thread/INFO] [mezz.jei.library.load.PluginCaller/]: Registering recipe catalysts...
[228月2026 22:28:36.117] [Render thread/INFO] [mezz.jei.library.load.PluginCaller/]: Registering recipe catalysts took 1.639 milliseconds
[228月2026 22:28:36.117] [Render thread/INFO] [mezz.jei.common.util.LoggedTimer/]: Building recipe registry...
[228月2026 22:28:36.130] [Render thread/INFO] [mezz.jei.common.util.LoggedTimer/]: Building recipe registry took 13.35 milliseconds
[228月2026 22:28:36.131] [Render thread/INFO] [mezz.jei.library.load.PluginCaller/]: Registering advanced plugins...
[228月2026 22:28:36.131] [Render thread/INFO] [mezz.jei.library.load.PluginCaller/]: Registering advanced plugins took 430.0 microseconds
[228月2026 22:28:36.133] [Render thread/INFO] [mezz.jei.library.load.PluginCaller/]: Registering recipes...
[228月2026 22:28:36.694] [Render thread/ERROR] [mezz.jei.library.util.IngredientSupplierHelper/]: Found a broken recipe, failed to setRecipe with RecipeLayoutBuilder:
Recipe is from Mod: Apotheosis (apotheosis)
Recipe Name: apotheosis:socketing
Recipe Class: class dev.shadowsoffire.apotheosis.adventure.socket.SocketingRecipe
Recipe Type: minecraft:smithing
java.lang.IndexOutOfBoundsException: Index 0 out of bounds for length 0
	at jdk.internal.util.Preconditions.outOfBounds(Preconditions.java:100) ~[?:?]
	at jdk.internal.util.Preconditions.outOfBoundsCheckIndex(Preconditions.java:106) ~[?:?]
	at jdk.internal.util.Preconditions.checkIndex(Preconditions.java:302) ~[?:?]
	at java.util.Objects.checkIndex(Objects.java:385) ~[?:?]
	at java.util.ArrayList.set(ArrayList.java:470) ~[?:?]
	at dev.shadowsoffire.apotheosis.adventure.socket.SocketingRecipe.m_5874_(SocketingRecipe.java:63) ~[%5B神化%5D%20Apotheosis-1.20.1-7.4.6.jar%23185!/:7.4.6]
	at mezz.jei.library.util.RecipeUtil.assembleResultItem(RecipeUtil.java:28) ~[jei-1.20.1-forge-15.49.0.191.jar%23200!/:15.49.0.191]
	at mezz.jei.library.plugins.vanilla.anvil.SmithingCategoryExtension.setOutput(SmithingCategoryExtension.java:65) ~[jei-1.20.1-forge-15.49.0.191.jar%23200!/:15.49.0.191]
	at mezz.jei.library.plugins.vanilla.anvil.SmithingRecipeCategory.setRecipe(SmithingRecipeCategory.java:59) ~[jei-1.20.1-forge-15.49.0.191.jar%23200!/:15.49.0.191]
	at mezz.jei.library.plugins.vanilla.anvil.SmithingRecipeCategory.setRecipe(SmithingRecipeCategory.java:24) ~[jei-1.20.1-forge-15.49.0.191.jar%23200!/:15.49.0.191]
	at mezz.jei.library.util.IngredientSupplierHelper.getIngredientSupplier(IngredientSupplierHelper.java:23) ~[jei-1.20.1-forge-15.49.0.191.jar%23200!/:15.49.0.191]
	at mezz.jei.library.recipes.RecipeManagerInternal.addRecipe(RecipeManagerInternal.java:148) ~[jei-1.20.1-forge-15.49.0.191.jar%23200!/:15.49.0.191]
	at mezz.jei.library.recipes.RecipeManagerInternal.addRecipes(RecipeManagerInternal.java:121) ~[jei-1.20.1-forge-15.49.0.191.jar%23200!/:15.49.0.191]
	at mezz.jei.library.load.registration.RecipeRegistration.addRecipes(RecipeRegistration.java:52) ~[jei-1.20.1-forge-15.49.0.191.jar%23200!/:15.49.0.191]
	at mezz.jei.library.plugins.vanilla.VanillaPlugin.registerRecipes(VanillaPlugin.java:271) ~[jei-1.20.1-forge-15.49.0.191.jar%23200!/:15.49.0.191]
	at mezz.jei.library.load.PluginLoader.lambda$createRecipeManager$18(PluginLoader.java:229) ~[jei-1.20.1-forge-15.49.0.191.jar%23200!/:15.49.0.191]
	at mezz.jei.library.load.PluginCaller.callOnPlugins(PluginCaller.java:26) ~[jei-1.20.1-forge-15.49.0.191.jar%23200!/:15.49.0.191]
	at mezz.jei.library.load.PluginLoader.createRecipeManager(PluginLoader.java:229) ~[jei-1.20.1-forge-15.49.0.191.jar%23200!/:15.49.0.191]
	at mezz.jei.library.startup.JeiStarter.start(JeiStarter.java:151) ~[jei-1.20.1-forge-15.49.0.191.jar%23200!/:15.49.0.191]
	at mezz.jei.forge.startup.StartEventObserver.transitionState(StartEventObserver.java:201) ~[jei-1.20.1-forge-15.49.0.191.jar%23200!/:15.49.0.191]
	at mezz.jei.forge.startup.StartEventObserver.startIfReady(StartEventObserver.java:115) ~[jei-1.20.1-forge-15.49.0.191.jar%23200!/:15.49.0.191]
	at mezz.jei.forge.startup.StartEventObserver.onRecipesUpdatedEvent(StartEventObserver.java:104) ~[jei-1.20.1-forge-15.49.0.191.jar%23200!/:15.49.0.191]
	at net.minecraftforge.eventbus.EventBus.doCastFilter(EventBus.java:267) ~[eventbus-6.2.33.jar%23137!/:?]
	at net.minecraftforge.eventbus.EventBus.lambda$addListener$4(EventBus.java:258) ~[eventbus-6.2.33.jar%23137!/:?]
	at net.minecraftforge.eventbus.EventBus.post(EventBus.java:312) ~[eventbus-6.2.33.jar%23137!/:?]
	at net.minecraftforge.eventbus.EventBus.post(EventBus.java:298) ~[eventbus-6.2.33.jar%23137!/:?]
	at net.minecraftforge.client.ForgeHooksClient.onRecipesUpdated(ForgeHooksClient.java:718) ~[forge-1.20.1-47.4.21-universal.jar%23211!/:?]
	at net.minecraft.client.multiplayer.ClientPacketListener.m_6327_(ClientPacketListener.java:1354) ~[client-1.20.1-20230612.114412-srg.jar%23206!/:?]
	at net.minecraft.network.protocol.game.ClientboundUpdateRecipesPacket.m_5797_(ClientboundUpdateRecipesPacket.java:32) ~[client-1.20.1-20230612.114412-srg.jar%23206!/:?]
	at net.minecraft.network.protocol.game.ClientboundUpdateRecipesPacket.m_5797_(ClientboundUpdateRecipesPacket.java:14) ~[client-1.20.1-20230612.114412-srg.jar%23206!/:?]
	at net.minecraft.network.protocol.PacketUtils.m_263899_(PacketUtils.java:22) ~[client-1.20.1-20230612.114412-srg.jar%23206!/:?]
	at net.minecraft.util.thread.BlockableEventLoop.m_6367_(BlockableEventLoop.java:156) ~[client-1.20.1-20230612.114412-srg.jar%23206!/:?]
	at net.minecraft.util.thread.ReentrantBlockableEventLoop.m_6367_(ReentrantBlockableEventLoop.java:23) ~[client-1.20.1-20230612.114412-srg.jar%23206!/:?]
	at net.minecraft.util.thread.BlockableEventLoop.m_7245_(BlockableEventLoop.java:130) ~[client-1.20.1-20230612.114412-srg.jar%23206!/:?]
	at net.minecraft.util.thread.BlockableEventLoop.m_18699_(BlockableEventLoop.java:115) ~[client-1.20.1-20230612.114412-srg.jar%23206!/:?]
	at net.minecraft.client.Minecraft.m_91383_(Minecraft.java:1106) ~[client-1.20.1-20230612.114412-srg.jar%23206!/:?]
	at net.minecraft.client.Minecraft.m_91374_(Minecraft.java:718) ~[client-1.20.1-20230612.114412-srg.jar%23206!/:?]
	at net.minecraft.client.main.Main.main(Main.java:218) ~[%e6%a4%8d%e7%89%a9%e7%a7%91%e6%8a%80.jar:?]
	at jdk.internal.reflect.DirectMethodHandleAccessor.invoke(DirectMethodHandleAccessor.java:103) ~[?:?]
	at java.lang.reflect.Method.invoke(Method.java:580) ~[?:?]
	at net.minecraftforge.fml.loading.targets.CommonLaunchHandler.runTarget(CommonLaunchHandler.java:111) ~[fmlloader-1.20.1-47.4.21.jar:?]
	at net.minecraftforge.fml.loading.targets.CommonLaunchHandler.clientService(CommonLaunchHandler.java:99) ~[fmlloader-1.20.1-47.4.21.jar:?]
	at net.minecraftforge.fml.loading.targets.CommonClientLaunchHandler.lambda$makeService$0(CommonClientLaunchHandler.java:25) ~[fmlloader-1.20.1-47.4.21.jar:?]
	at cpw.mods.modlauncher.LaunchServiceHandlerDecorator.launch(LaunchServiceHandlerDecorator.java:30) ~[modlauncher-10.0.9.jar:?]
	at cpw.mods.modlauncher.LaunchServiceHandler.launch(LaunchServiceHandler.java:53) ~[modlauncher-10.0.9.jar:?]
	at cpw.mods.modlauncher.LaunchServiceHandler.launch(LaunchServiceHandler.java:71) ~[modlauncher-10.0.9.jar:?]
	at cpw.mods.modlauncher.Launcher.run(Launcher.java:108) ~[modlauncher-10.0.9.jar:?]
	at cpw.mods.modlauncher.Launcher.main(Launcher.java:78) ~[modlauncher-10.0.9.jar:?]
	at cpw.mods.modlauncher.BootstrapLaunchConsumer.accept(BootstrapLaunchConsumer.java:26) ~[modlauncher-10.0.9.jar:?]
	at cpw.mods.modlauncher.BootstrapLaunchConsumer.accept(BootstrapLaunchConsumer.java:23) ~[modlauncher-10.0.9.jar:?]
	at cpw.mods.bootstraplauncher.BootstrapLauncher.main(BootstrapLauncher.java:141) ~[bootstraplauncher-1.1.2.jar:?]
[228月2026 22:28:37.174] [Render thread/INFO] [mezz.jei.library.load.PluginCallerTimerRunnable/]: Registering recipes: jei:minecraft took 1.042 seconds
[228月2026 22:28:37.196] [Render thread/INFO] [mezz.jei.library.load.PluginCallerTimerRunnable/]: Registering recipes: farmersdelight:jei_plugin took 21.04 milliseconds
[228月2026 22:28:37.212] [Render thread/INFO] [mezz.jei.library.load.PluginCallerTimerRunnable/]: Registering recipes: aether:jei took 16.14 milliseconds
[228月2026 22:28:37.228] [Render thread/INFO] [mezz.jei.library.load.PluginCallerTimerRunnable/]: Registering recipes: botania:main took 14.09 milliseconds
[228月2026 22:28:37.256] [Render thread/ERROR] [mezz.jei.library.util.IngredientSupplierHelper/]: Found a broken recipe, failed to setRecipe with RecipeLayoutBuilder:
Recipe is from Mod: Apotheosis (apotheosis)
Recipe Name: apotheosis:widthdrawal
Recipe Class: class dev.shadowsoffire.apotheosis.adventure.socket.WithdrawalRecipe
Recipe Type: apotheosis:smithing
java.lang.NullPointerException: Cannot invoke "dev.shadowsoffire.apotheosis.adventure.compat.ApothSmithingCategory$Extension.setRecipe(mezz.jei.api.gui.builder.IRecipeLayoutBuilder, net.minecraft.world.item.crafting.SmithingRecipe, mezz.jei.api.recipe.IFocusGroup)" because the return value of "java.util.Map.get(Object)" is null
	at dev.shadowsoffire.apotheosis.adventure.compat.ApothSmithingCategory.setRecipe(ApothSmithingCategory.java:64) ~[%5B神化%5D%20Apotheosis-1.20.1-7.4.6.jar%23185!/:7.4.6]
	at dev.shadowsoffire.apotheosis.adventure.compat.ApothSmithingCategory.setRecipe(ApothSmithingCategory.java:22) ~[%5B神化%5D%20Apotheosis-1.20.1-7.4.6.jar%23185!/:7.4.6]
	at mezz.jei.library.util.IngredientSupplierHelper.getIngredientSupplier(IngredientSupplierHelper.java:23) ~[jei-1.20.1-forge-15.49.0.191.jar%23200!/:15.49.0.191]
	at mezz.jei.library.util.RecipeDebugUtil.getDebugInfoFromRecipe(RecipeDebugUtil.java:33) ~[jei-1.20.1-forge-15.49.0.191.jar%23200!/:15.49.0.191]
	at mezz.jei.library.recipes.RecipeManagerInternal.addRecipe(RecipeManagerInternal.java:143) ~[jei-1.20.1-forge-15.49.0.191.jar%23200!/:15.49.0.191]
	at mezz.jei.library.recipes.RecipeManagerInternal.addRecipes(RecipeManagerInternal.java:121) ~[jei-1.20.1-forge-15.49.0.191.jar%23200!/:15.49.0.191]
	at mezz.jei.library.load.registration.RecipeRegistration.addRecipes(RecipeRegistration.java:52) ~[jei-1.20.1-forge-15.49.0.191.jar%23200!/:15.49.0.191]
	at dev.shadowsoffire.apotheosis.adventure.compat.AdventureJEIPlugin.registerRecipes(AdventureJEIPlugin.java:76) ~[%5B神化%5D%20Apotheosis-1.20.1-7.4.6.jar%23185!/:7.4.6]
	at mezz.jei.library.load.PluginLoader.lambda$createRecipeManager$18(PluginLoader.java:229) ~[jei-1.20.1-forge-15.49.0.191.jar%23200!/:15.49.0.191]
	at mezz.jei.library.load.PluginCaller.callOnPlugins(PluginCaller.java:26) ~[jei-1.20.1-forge-15.49.0.191.jar%23200!/:15.49.0.191]
	at mezz.jei.library.load.PluginLoader.createRecipeManager(PluginLoader.java:229) ~[jei-1.20.1-forge-15.49.0.191.jar%23200!/:15.49.0.191]
	at mezz.jei.library.startup.JeiStarter.start(JeiStarter.java:151) ~[jei-1.20.1-forge-15.49.0.191.jar%23200!/:15.49.0.191]
	at mezz.jei.forge.startup.StartEventObserver.transitionState(StartEventObserver.java:201) ~[jei-1.20.1-forge-15.49.0.191.jar%23200!/:15.49.0.191]
	at mezz.jei.forge.startup.StartEventObserver.startIfReady(StartEventObserver.java:115) ~[jei-1.20.1-forge-15.49.0.191.jar%23200!/:15.49.0.191]
	at mezz.jei.forge.startup.StartEventObserver.onRecipesUpdatedEvent(StartEventObserver.java:104) ~[jei-1.20.1-forge-15.49.0.191.jar%23200!/:15.49.0.191]
	at net.minecraftforge.eventbus.EventBus.doCastFilter(EventBus.java:267) ~[eventbus-6.2.33.jar%23137!/:?]
	at net.minecraftforge.eventbus.EventBus.lambda$addListener$4(EventBus.java:258) ~[eventbus-6.2.33.jar%23137!/:?]
	at net.minecraftforge.eventbus.EventBus.post(EventBus.java:312) ~[eventbus-6.2.33.jar%23137!/:?]
	at net.minecraftforge.eventbus.EventBus.post(EventBus.java:298) ~[eventbus-6.2.33.jar%23137!/:?]
	at net.minecraftforge.client.ForgeHooksClient.onRecipesUpdated(ForgeHooksClient.java:718) ~[forge-1.20.1-47.4.21-universal.jar%23211!/:?]
	at net.minecraft.client.multiplayer.ClientPacketListener.m_6327_(ClientPacketListener.java:1354) ~[client-1.20.1-20230612.114412-srg.jar%23206!/:?]
	at net.minecraft.network.protocol.game.ClientboundUpdateRecipesPacket.m_5797_(ClientboundUpdateRecipesPacket.java:32) ~[client-1.20.1-20230612.114412-srg.jar%23206!/:?]
	at net.minecraft.network.protocol.game.ClientboundUpdateRecipesPacket.m_5797_(ClientboundUpdateRecipesPacket.java:14) ~[client-1.20.1-20230612.114412-srg.jar%23206!/:?]
	at net.minecraft.network.protocol.PacketUtils.m_263899_(PacketUtils.java:22) ~[client-1.20.1-20230612.114412-srg.jar%23206!/:?]
	at net.minecraft.util.thread.BlockableEventLoop.m_6367_(BlockableEventLoop.java:156) ~[client-1.20.1-20230612.114412-srg.jar%23206!/:?]
	at net.minecraft.util.thread.ReentrantBlockableEventLoop.m_6367_(ReentrantBlockableEventLoop.java:23) ~[client-1.20.1-20230612.114412-srg.jar%23206!/:?]
	at net.minecraft.util.thread.BlockableEventLoop.m_7245_(BlockableEventLoop.java:130) ~[client-1.20.1-20230612.114412-srg.jar%23206!/:?]
	at net.minecraft.util.thread.BlockableEventLoop.m_18699_(BlockableEventLoop.java:115) ~[client-1.20.1-20230612.114412-srg.jar%23206!/:?]
	at net.minecraft.client.Minecraft.m_91383_(Minecraft.java:1106) ~[client-1.20.1-20230612.114412-srg.jar%23206!/:?]
	at net.minecraft.client.Minecraft.m_91374_(Minecraft.java:718) ~[client-1.20.1-20230612.114412-srg.jar%23206!/:?]
	at net.minecraft.client.main.Main.main(Main.java:218) ~[%e6%a4%8d%e7%89%a9%e7%a7%91%e6%8a%80.jar:?]
	at jdk.internal.reflect.DirectMethodHandleAccessor.invoke(DirectMethodHandleAccessor.java:103) ~[?:?]
	at java.lang.reflect.Method.invoke(Method.java:580) ~[?:?]
	at net.minecraftforge.fml.loading.targets.CommonLaunchHandler.runTarget(CommonLaunchHandler.java:111) ~[fmlloader-1.20.1-47.4.21.jar:?]
	at net.minecraftforge.fml.loading.targets.CommonLaunchHandler.clientService(CommonLaunchHandler.java:99) ~[fmlloader-1.20.1-47.4.21.jar:?]
	at net.minecraftforge.fml.loading.targets.CommonClientLaunchHandler.lambda$makeService$0(CommonClientLaunchHandler.java:25) ~[fmlloader-1.20.1-47.4.21.jar:?]
	at cpw.mods.modlauncher.LaunchServiceHandlerDecorator.launch(LaunchServiceHandlerDecorator.java:30) ~[modlauncher-10.0.9.jar:?]
	at cpw.mods.modlauncher.LaunchServiceHandler.launch(LaunchServiceHandler.java:53) ~[modlauncher-10.0.9.jar:?]
	at cpw.mods.modlauncher.LaunchServiceHandler.launch(LaunchServiceHandler.java:71) ~[modlauncher-10.0.9.jar:?]
	at cpw.mods.modlauncher.Launcher.run(Launcher.java:108) ~[modlauncher-10.0.9.jar:?]
	at cpw.mods.modlauncher.Launcher.main(Launcher.java:78) ~[modlauncher-10.0.9.jar:?]
	at cpw.mods.modlauncher.BootstrapLaunchConsumer.accept(BootstrapLaunchConsumer.java:26) ~[modlauncher-10.0.9.jar:?]
	at cpw.mods.modlauncher.BootstrapLaunchConsumer.accept(BootstrapLaunchConsumer.java:23) ~[modlauncher-10.0.9.jar:?]
	at cpw.mods.bootstraplauncher.BootstrapLauncher.main(BootstrapLauncher.java:141) ~[bootstraplauncher-1.1.2.jar:?]
[228月2026 22:28:37.270] [Render thread/INFO] [mezz.jei.library.load.PluginCallerTimerRunnable/]: Registering recipes: apotheosis:adventure_module took 20.51 milliseconds
[228月2026 22:28:37.280] [Render thread/INFO] [mezz.jei.library.load.PluginCaller/]: Registering recipes took 1.148 seconds
[228月2026 22:28:37.289] [Render thread/INFO] [mezz.jei.library.load.PluginCaller/]: Registering recipes transfer handlers...
[228月2026 22:28:37.296] [Render thread/INFO] [mezz.jei.library.load.PluginCaller/]: Registering recipes transfer handlers took 7.217 milliseconds
[228月2026 22:28:37.308] [Render thread/INFO] [mezz.jei.common.util.LoggedTimer/]: Building runtime...
[228月2026 22:28:37.311] [Render thread/INFO] [mezz.jei.library.load.PluginCaller/]: Registering gui handlers...
[228月2026 22:28:37.333] [Render thread/INFO] [mezz.jei.library.load.PluginCallerTimerRunnable/]: Registering gui handlers: jei:gui took 17.71 milliseconds
[228月2026 22:28:37.340] [Render thread/INFO] [mezz.jei.library.load.PluginCaller/]: Registering gui handlers took 29.01 milliseconds
[228月2026 22:28:37.350] [Render thread/INFO] [mezz.jei.library.load.PluginCaller/]: Registering advanced search...
[228月2026 22:28:37.350] [Render thread/INFO] [mezz.jei.library.load.PluginCaller/]: Registering advanced search took 609.9 microseconds
[228月2026 22:28:37.355] [Render thread/INFO] [mezz.jei.library.load.PluginCaller/]: Registering Runtime...
[228月2026 22:28:37.358] [Render thread/INFO] [mezz.jei.gui.startup.JeiGuiStarter/]: Starting JEI GUI
[228月2026 22:28:37.358] [Render thread/INFO] [mezz.jei.common.util.LoggedTimer/]: Building ingredient list...
[228月2026 22:28:37.395] [Render thread/INFO] [mezz.jei.common.util.LoggedTimer/]: Building ingredient list took 36.44 milliseconds
[228月2026 22:28:37.395] [Render thread/INFO] [mezz.jei.common.util.LoggedTimer/]: Building ingredient filter...
[228月2026 22:28:37.866] [Render thread/INFO] [mezz.jei.gui.ingredients.IngredientFilter/]: Adding 4916 ingredients
[228月2026 22:28:37.885] [Render thread/INFO] [mezz.jei.gui.ingredients.IngredientFilter/]: Added 4916 ingredients
[228月2026 22:28:37.886] [Render thread/INFO] [mezz.jei.common.util.LoggedTimer/]: Building ingredient filter took 490.5 milliseconds
[228月2026 22:28:38.121] [Render thread/INFO] [mezz.jei.library.load.PluginCallerTimerRunnable/]: Registering Runtime: jei:forge_gui took 765.0 milliseconds
[228月2026 22:28:38.121] [Render thread/INFO] [mezz.jei.library.load.PluginCaller/]: Registering Runtime took 765.9 milliseconds
[228月2026 22:28:38.122] [Render thread/INFO] [mezz.jei.common.util.LoggedTimer/]: Building runtime took 814.6 milliseconds
[228月2026 22:28:38.122] [Render thread/INFO] [mezz.jei.library.load.PluginCaller/]: Sending Runtime...
[228月2026 22:28:38.136] [Render thread/INFO] [mezz.jei.library.load.PluginCallerTimerRunnable/]: Sending Runtime: rs_integration:main took 12.01 milliseconds
[228月2026 22:28:38.136] [Render thread/INFO] [mezz.jei.library.load.PluginCaller/]: Sending Runtime took 13.95 milliseconds
[228月2026 22:28:38.137] [Render thread/INFO] [mezz.jei.common.util.LoggedTimer/]: Starting JEI took 2.425 seconds
[228月2026 22:28:38.290] [Render thread/INFO] [Jade/]: Received config from the server: 
[228月2026 22:28:38.295] [Render thread/INFO] [net.minecraft.advancements.AdvancementList/]: Loaded 361 advancements
[228月2026 22:28:38.302] [Render thread/INFO] [patchouli/]: BookContentResourceListenerLoader: Files found in 1.007 ms
[228月2026 22:28:38.317] [Render thread/INFO] [patchouli/]: BookContentResourceListenerLoader: Files found in 1.097 ms
[228月2026 22:28:38.343] [Render thread/INFO] [patchouli/]: BookContentResourceListenerLoader: Files found in 917.7 μs
[228月2026 22:28:38.348] [Render thread/INFO] [patchouli/]: BookContentResourceListenerLoader: Files found in 339.5 μs
[228月2026 22:28:38.348] [Render thread/INFO] [patchouli/]: BookContentResourceListenerLoader: Files found in 372.3 μs
[228月2026 22:28:38.366] [Render thread/INFO] [patchouli/]: BookContentResourceListenerLoader: Files found in 340.9 μs
[228月2026 22:28:38.477] [Render thread/INFO] [patchouli/]: BookContentResourceListenerLoader: Files found in 386.7 μs
[228月2026 22:28:38.478] [Render thread/INFO] [patchouli/]: BookContentResourceListenerLoader: Files found in 442.0 μs
[228月2026 22:28:38.485] [Render thread/INFO] [patchouli/]: BookContentResourceListenerLoader: Files found in 386.0 μs
[228月2026 22:28:39.117] [Server thread/INFO] [net.minecraft.client.server.IntegratedServer/]: Saving and pausing game...
[228月2026 22:28:39.155] [Server thread/INFO] [net.minecraft.server.MinecraftServer/]: Saving chunks for level 'ServerLevel[新的世界]'/minecraft:overworld
[228月2026 22:28:39.307] [Server thread/INFO] [net.minecraft.server.MinecraftServer/]: Saving chunks for level 'ServerLevel[新的世界]'/minecraft:the_end
[228月2026 22:28:39.309] [Server thread/INFO] [net.minecraft.server.MinecraftServer/]: Saving chunks for level 'ServerLevel[新的世界]'/minecraft:the_nether
[228月2026 22:28:39.311] [Server thread/INFO] [net.minecraft.server.MinecraftServer/]: Saving chunks for level 'ServerLevel[新的世界]'/aether:the_aether
[228月2026 22:28:41.504] [Forge Version Check/WARN] [net.minecraftforge.fml.VersionChecker/]: Failed to process update information
java.net.http.HttpConnectTimeoutException: HTTP connect timed out
	at jdk.internal.net.http.HttpClientImpl.send(HttpClientImpl.java:945) ~[java.net.http:?]
	at jdk.internal.net.http.HttpClientFacade.send(HttpClientFacade.java:133) ~[java.net.http:?]
	at net.minecraftforge.fml.VersionChecker$1.openUrlString(VersionChecker.java:142) ~[fmlcore-1.20.1-47.4.21.jar%23207!/:?]
	at net.minecraftforge.fml.VersionChecker$1.process(VersionChecker.java:180) ~[fmlcore-1.20.1-47.4.21.jar%23207!/:?]
	at java.lang.Iterable.forEach(Iterable.java:75) ~[?:?]
	at net.minecraftforge.fml.VersionChecker$1.run(VersionChecker.java:117) ~[fmlcore-1.20.1-47.4.21.jar%23207!/:?]
Caused by: java.net.http.HttpConnectTimeoutException: HTTP connect timed out
	at jdk.internal.net.http.ResponseTimerEvent.handle(ResponseTimerEvent.java:68) ~[java.net.http:?]
	at jdk.internal.net.http.HttpClientImpl.purgeTimeoutsAndReturnNextDeadline(HttpClientImpl.java:1778) ~[java.net.http:?]
	at jdk.internal.net.http.HttpClientImpl$SelectorManager.run(HttpClientImpl.java:1376) ~[java.net.http:?]
Caused by: java.net.ConnectException: HTTP connect timed out
	at jdk.internal.net.http.ResponseTimerEvent.handle(ResponseTimerEvent.java:69) ~[java.net.http:?]
	at jdk.internal.net.http.HttpClientImpl.purgeTimeoutsAndReturnNextDeadline(HttpClientImpl.java:1778) ~[java.net.http:?]
	at jdk.internal.net.http.HttpClientImpl$SelectorManager.run(HttpClientImpl.java:1376) ~[java.net.http:?]
[228月2026 22:28:41.505] [Forge Version Check/INFO] [net.minecraftforge.fml.VersionChecker/]: [forge] Starting version check at https://files.minecraftforge.net/net/minecraftforge/forge/promotions_slim.json
[228月2026 22:28:52.112] [Placebo Patreon Trail Loader/ERROR] [placebo/]: Exception loading patreon trails data!
[228月2026 22:28:52.112] [Placebo Patreon Trail Loader/INFO] [placebo/]: Loaded 0 patreon trails.
[228月2026 22:28:56.505] [Forge Version Check/WARN] [net.minecraftforge.fml.VersionChecker/]: Failed to process update information
java.net.http.HttpConnectTimeoutException: HTTP connect timed out
	at jdk.internal.net.http.HttpClientImpl.send(HttpClientImpl.java:945) ~[java.net.http:?]
	at jdk.internal.net.http.HttpClientFacade.send(HttpClientFacade.java:133) ~[java.net.http:?]
	at net.minecraftforge.fml.VersionChecker$1.openUrlString(VersionChecker.java:142) ~[fmlcore-1.20.1-47.4.21.jar%23207!/:?]
	at net.minecraftforge.fml.VersionChecker$1.process(VersionChecker.java:180) ~[fmlcore-1.20.1-47.4.21.jar%23207!/:?]
	at java.lang.Iterable.forEach(Iterable.java:75) ~[?:?]
	at net.minecraftforge.fml.VersionChecker$1.run(VersionChecker.java:117) ~[fmlcore-1.20.1-47.4.21.jar%23207!/:?]
Caused by: java.net.http.HttpConnectTimeoutException: HTTP connect timed out
	at jdk.internal.net.http.ResponseTimerEvent.handle(ResponseTimerEvent.java:68) ~[java.net.http:?]
	at jdk.internal.net.http.HttpClientImpl.purgeTimeoutsAndReturnNextDeadline(HttpClientImpl.java:1778) ~[java.net.http:?]
	at jdk.internal.net.http.HttpClientImpl$SelectorManager.run(HttpClientImpl.java:1376) ~[java.net.http:?]
Caused by: java.net.ConnectException: HTTP connect timed out
	at jdk.internal.net.http.ResponseTimerEvent.handle(ResponseTimerEvent.java:69) ~[java.net.http:?]
	at jdk.internal.net.http.HttpClientImpl.purgeTimeoutsAndReturnNextDeadline(HttpClientImpl.java:1778) ~[java.net.http:?]
	at jdk.internal.net.http.HttpClientImpl$SelectorManager.run(HttpClientImpl.java:1376) ~[java.net.http:?]
[228月2026 22:29:11.421] [Render thread/INFO] [RS Integration/]: [RSI-JEI-DIAG] setRecipeLayoutsWithButtons invoked: layouts=1 firstClass=mezz.jei.gui.recipes.RecipeLayoutWithButtons
[228月2026 22:29:11.427] [Render thread/INFO] [RS Integration/]: [RSI-JEI-DIAG] Layouts processed: layouts=1 totalRecipes=1 buttonsAdded=1 positions=1 skipped(filter=0 recipeId=0 binding=0 noRecipe=0)
[228月2026 22:29:15.982] [Server thread/INFO] [RS Integration/]: [RSI-Craft] launch craftId=de6c60ca-562a-4e7f-9eb1-3fcb273c9aff graphNodes=2 terminalRecipe=minecraft:oak_stairs executor=flat terminalEmbedded=true
[228月2026 22:29:15.989] [Render thread/INFO] [net.minecraft.client.gui.components.ChatComponent/]: [System] [CHAT] 已启动多方块合成链（2 步）。完成后最终产物将送入玩家背包。
[228月2026 22:29:15.998] [Server thread/ERROR] [net.minecraftforge.eventbus.EventBus/EVENTBUS]: Exception caught during firing event: com/refinedmods/refinedstorage/api/network/INetwork
	Index: 8
	Listeners:
		0: NORMAL
		1: ASM: class dev.shadowsoffire.placebo.util.PlaceboTaskQueue tick(Lnet/minecraftforge/event/TickEvent$ServerTickEvent;)V
		2: net.minecraftforge.eventbus.EventBus$$Lambda/0x000001c95cbed0d8@289318dc
		3: ASM: net.minecraftforge.common.ForgeInternalHandler@4469d6c4 onServerTick(Lnet/minecraftforge/event/TickEvent$ServerTickEvent;)V
		4: ASM: class com.huanghuang.rsintegration.compat.ftbquests.ExternalItemProgressBridge onServerTick(Lnet/minecraftforge/event/TickEvent$ServerTickEvent;)V
		5: ASM: class com.huanghuang.rsintegration.network.binding.NearbyBindingService onServerTick(Lnet/minecraftforge/event/TickEvent$ServerTickEvent;)V
		6: ASM: class com.renyigesai.immortalers_delight.util.task.TimekeepingTask onTick(Lnet/minecraftforge/event/TickEvent$ServerTickEvent;)V
		7: ASM: class com.hollingsworth.arsnouveau.api.event.EventQueue serverTick(Lnet/minecraftforge/event/TickEvent$ServerTickEvent;)V
		8: ASM: com.huanghuang.rsintegration.crafting.AsyncCraftManager@27702bb4 onServerTick(Lnet/minecraftforge/event/TickEvent$ServerTickEvent;)V
		9: net.minecraftforge.eventbus.EventBus$$Lambda/0x000001c95cbed0d8@4b2b6417
java.lang.NoClassDefFoundError: com/refinedmods/refinedstorage/api/network/INetwork
	at TRANSFORMER/rs_integration@1.3.5/com.huanghuang.rsintegration.crafting.ExtractionLedger.findAvailableInNetwork(ExtractionLedger.java:1013)
	at TRANSFORMER/rs_integration@1.3.5/com.huanghuang.rsintegration.crafting.ExtractionLedger.reserveFromNetwork(ExtractionLedger.java:290)
	at TRANSFORMER/rs_integration@1.3.5/com.huanghuang.rsintegration.crafting.AsyncCraftChain.executeCraftingOnceInline(AsyncCraftChain.java:2784)
	at TRANSFORMER/rs_integration@1.3.5/com.huanghuang.rsintegration.crafting.AsyncCraftChain.executeVanillaStepsInline(AsyncCraftChain.java:2651)
	at TRANSFORMER/rs_integration@1.3.5/com.huanghuang.rsintegration.crafting.AsyncCraftChain.executeVanillaStepsInline(AsyncCraftChain.java:2607)
	at TRANSFORMER/rs_integration@1.3.5/com.huanghuang.rsintegration.crafting.AsyncCraftChain.executeVanillaBatch(AsyncCraftChain.java:2540)
	at TRANSFORMER/rs_integration@1.3.5/com.huanghuang.rsintegration.crafting.AsyncCraftChain.tick(AsyncCraftChain.java:745)
	at TRANSFORMER/rs_integration@1.3.5/com.huanghuang.rsintegration.crafting.AsyncCraftManager.onServerTick(AsyncCraftManager.java:194)
	at TRANSFORMER/rs_integration@1.3.5/com.huanghuang.rsintegration.crafting.__AsyncCraftManager_onServerTick_ServerTickEvent.invoke(.dynamic)
	at MC-BOOTSTRAP/net.minecraftforge.eventbus/net.minecraftforge.eventbus.ASMEventHandler.invoke(ASMEventHandler.java:55)
	at MC-BOOTSTRAP/net.minecraftforge.eventbus/net.minecraftforge.eventbus.EventBus.post(EventBus.java:312)
	at MC-BOOTSTRAP/net.minecraftforge.eventbus/net.minecraftforge.eventbus.EventBus.post(EventBus.java:298)
	at TRANSFORMER/forge@47.4.21/net.minecraftforge.event.ForgeEventFactory.onPostServerTick(ForgeEventFactory.java:975)
	at TRANSFORMER/minecraft@1.20.1/net.minecraft.server.MinecraftServer.m_5705_(MinecraftServer.java:835)
	at TRANSFORMER/minecraft@1.20.1/net.minecraft.client.server.IntegratedServer.m_5705_(IntegratedServer.java:89)
	at TRANSFORMER/minecraft@1.20.1/net.minecraft.server.MinecraftServer.m_130011_(MinecraftServer.java:661)
	at TRANSFORMER/minecraft@1.20.1/net.minecraft.server.MinecraftServer.m_206580_(MinecraftServer.java:251)
	at java.base/java.lang.Thread.run(Thread.java:1583)
Caused by: java.lang.ClassNotFoundException: com.refinedmods.refinedstorage.api.network.INetwork
	at java.base/jdk.internal.loader.BuiltinClassLoader.loadClass(BuiltinClassLoader.java:641)
	at java.base/java.lang.ClassLoader.loadClass(ClassLoader.java:526)
	at cpw.mods.securejarhandler/cpw.mods.cl.ModuleClassLoader.loadClass(ModuleClassLoader.java:137)
	at java.base/java.lang.ClassLoader.loadClass(ClassLoader.java:526)
	at cpw.mods.securejarhandler/cpw.mods.cl.ModuleClassLoader.loadClass(ModuleClassLoader.java:137)
	at java.base/java.lang.ClassLoader.loadClass(ClassLoader.java:526)
	... 18 more

[228月2026 22:29:15.999] [Server thread/ERROR] [net.minecraft.server.MinecraftServer/]: Encountered an unexpected exception
java.lang.NoClassDefFoundError: com/refinedmods/refinedstorage/api/network/INetwork
	at com.huanghuang.rsintegration.crafting.ExtractionLedger.findAvailableInNetwork(ExtractionLedger.java:1013) ~[rs_integration-1.3.5.jar%23204!/:1.3.5]
	at com.huanghuang.rsintegration.crafting.ExtractionLedger.reserveFromNetwork(ExtractionLedger.java:290) ~[rs_integration-1.3.5.jar%23204!/:1.3.5]
	at com.huanghuang.rsintegration.crafting.AsyncCraftChain.executeCraftingOnceInline(AsyncCraftChain.java:2784) ~[rs_integration-1.3.5.jar%23204!/:1.3.5]
	at com.huanghuang.rsintegration.crafting.AsyncCraftChain.executeVanillaStepsInline(AsyncCraftChain.java:2651) ~[rs_integration-1.3.5.jar%23204!/:1.3.5]
	at com.huanghuang.rsintegration.crafting.AsyncCraftChain.executeVanillaStepsInline(AsyncCraftChain.java:2607) ~[rs_integration-1.3.5.jar%23204!/:1.3.5]
	at com.huanghuang.rsintegration.crafting.AsyncCraftChain.executeVanillaBatch(AsyncCraftChain.java:2540) ~[rs_integration-1.3.5.jar%23204!/:1.3.5]
	at com.huanghuang.rsintegration.crafting.AsyncCraftChain.tick(AsyncCraftChain.java:745) ~[rs_integration-1.3.5.jar%23204!/:1.3.5]
	at com.huanghuang.rsintegration.crafting.AsyncCraftManager.onServerTick(AsyncCraftManager.java:194) ~[rs_integration-1.3.5.jar%23204!/:1.3.5]
	at com.huanghuang.rsintegration.crafting.__AsyncCraftManager_onServerTick_ServerTickEvent.invoke(.dynamic) ~[rs_integration-1.3.5.jar%23204!/:1.3.5]
	at net.minecraftforge.eventbus.ASMEventHandler.invoke(ASMEventHandler.java:55) ~[eventbus-6.2.33.jar%23137!/:?]
	at net.minecraftforge.eventbus.EventBus.post(EventBus.java:312) ~[eventbus-6.2.33.jar%23137!/:?]
	at net.minecraftforge.eventbus.EventBus.post(EventBus.java:298) ~[eventbus-6.2.33.jar%23137!/:?]
	at net.minecraftforge.event.ForgeEventFactory.onPostServerTick(ForgeEventFactory.java:975) ~[forge-1.20.1-47.4.21-universal.jar%23211!/:?]
	at net.minecraft.server.MinecraftServer.m_5705_(MinecraftServer.java:835) ~[client-1.20.1-20230612.114412-srg.jar%23206!/:?]
	at net.minecraft.client.server.IntegratedServer.m_5705_(IntegratedServer.java:89) ~[client-1.20.1-20230612.114412-srg.jar%23206!/:?]
	at net.minecraft.server.MinecraftServer.m_130011_(MinecraftServer.java:661) ~[client-1.20.1-20230612.114412-srg.jar%23206!/:?]
	at net.minecraft.server.MinecraftServer.m_206580_(MinecraftServer.java:251) ~[client-1.20.1-20230612.114412-srg.jar%23206!/:?]
	at java.lang.Thread.run(Thread.java:1583) ~[?:?]
Caused by: java.lang.ClassNotFoundException: com.refinedmods.refinedstorage.api.network.INetwork
	at jdk.internal.loader.BuiltinClassLoader.loadClass(BuiltinClassLoader.java:641) ~[?:?]
	at java.lang.ClassLoader.loadClass(ClassLoader.java:526) ~[?:?]
	at cpw.mods.cl.ModuleClassLoader.loadClass(ModuleClassLoader.java:137) ~[securejarhandler-2.1.10.jar:?]
	at java.lang.ClassLoader.loadClass(ClassLoader.java:526) ~[?:?]
	at cpw.mods.cl.ModuleClassLoader.loadClass(ModuleClassLoader.java:137) ~[securejarhandler-2.1.10.jar:?]
	at java.lang.ClassLoader.loadClass(ClassLoader.java:526) ~[?:?]
	... 18 more
[228月2026 22:29:16.106] [Server thread/FATAL] [net.minecraftforge.common.ForgeMod/]: Preparing crash report with UUID 3cafdfea-6923-4eba-b312-49796fcae7fc
[228月2026 22:29:16.106] [Server thread/ERROR] [net.minecraft.server.MinecraftServer/]: This crash report has been saved to: D:\E\桌面\游戏\PCL\.minecraft\versions\植物科技\crash-reports\crash-2026-08-22_22.29.16-server.txt
[228月2026 22:29:16.107] [Server thread/INFO] [net.minecraft.server.MinecraftServer/]: Stopping server
[228月2026 22:29:16.107] [Server thread/INFO] [net.minecraft.server.MinecraftServer/]: Saving players
[228月2026 22:29:16.109] [Render thread/FATAL] [net.minecraftforge.common.ForgeMod/]: Preparing crash report with UUID 9df7b0d0-37c1-4268-a1cf-03070b65ec4d
[228月2026 22:29:16.117] [Server thread/INFO] [net.minecraft.server.network.ServerGamePacketListenerImpl/]: Huang_Love lost connection: 连接中断
[228月2026 22:29:16.117] [Server thread/INFO] [net.minecraft.server.MinecraftServer/]: Huang_Love退出了游戏
[228月2026 22:29:16.123] [Server thread/WARN] [RS Integration/]: [9d9806f2] Aborting chain (state=EXECUTING, policy=SILENT_REFUND) for 8dc98ac8-0f55-437f-beb9-bfae1c585be2: Player disconnected
[228月2026 22:29:16.127] [Server thread/INFO] [RS Integration/]: [9d9806f2] Termination audit complete: cause=OFFLINE preStart=0 inFlight=0 settled=0
[228月2026 22:29:16.140] [Server thread/INFO] [net.minecraft.server.network.ServerGamePacketListenerImpl/]: Stopping singleplayer server as player logged out
[228月2026 22:29:16.140] [Server thread/INFO] [net.minecraft.server.MinecraftServer/]: Saving worlds
[228月2026 22:29:16.478] [Server thread/INFO] [net.minecraft.server.MinecraftServer/]: Saving chunks for level 'ServerLevel[新的世界]'/minecraft:overworld
[228月2026 22:29:16.672] [Server thread/INFO] [net.minecraft.server.MinecraftServer/]: Saving chunks for level 'ServerLevel[新的世界]'/minecraft:the_end
[228月2026 22:29:16.674] [Server thread/INFO] [net.minecraft.server.MinecraftServer/]: Saving chunks for level 'ServerLevel[新的世界]'/minecraft:the_nether
[228月2026 22:29:16.676] [Server thread/INFO] [net.minecraft.server.MinecraftServer/]: Saving chunks for level 'ServerLevel[新的世界]'/aether:the_aether
[228月2026 22:29:16.708] [Server thread/INFO] [net.minecraft.server.MinecraftServer/]: ThreadedAnvilChunkStorage (新的世界 (1)): All chunks are saved
[228月2026 22:29:16.708] [Server thread/INFO] [net.minecraft.server.MinecraftServer/]: ThreadedAnvilChunkStorage (DIM1): All chunks are saved
[228月2026 22:29:16.708] [Server thread/INFO] [net.minecraft.server.MinecraftServer/]: ThreadedAnvilChunkStorage (DIM-1): All chunks are saved
[228月2026 22:29:16.708] [Server thread/INFO] [net.minecraft.server.MinecraftServer/]: ThreadedAnvilChunkStorage (the_aether): All chunks are saved
[228月2026 22:29:16.708] [Server thread/INFO] [net.minecraft.server.MinecraftServer/]: ThreadedAnvilChunkStorage: All dimensions are saved
